date,open,high,low,close,adjclose,volume
2007-08-06,39.99308776855469,40.12717056274414,39.20645523071289,39.966270446777344,26.35289192199707,2506432
2007-08-07,39.832183837890625,40.54730224609375,39.242210388183594,39.6265869140625,26.12891960144043,2361114
2007-08-08,39.608707427978516,40.26125717163086,38.1427116394043,38.607540130615234,25.45698356628418,2936682
2007-08-09,38.43769836425781,38.5270881652832,36.220829010009766,36.462181091308594,24.042375564575195,4335496
2007-08-10,36.140377044677734,38.95616149902344,35.25541687011719,38.38406753540039,25.30962562561035,3378118
2007-08-13,38.607540130615234,38.875709533691406,37.382896423339844,37.472286224365234,24.70842170715332,1855912
2007-08-14,37.463348388671875,37.776214599609375,35.89008331298828,35.997352600097656,23.735877990722656,1808703
2007-08-15,35.93478012084961,36.775047302246094,35.52358627319336,35.57722091674805,23.458850860595703,1837454
2007-08-16,35.33586883544922,36.220829010009766,34.37045669555664,35.720245361328125,23.553150177001953,2480143
2007-08-17,37.49910354614258,37.49910354614258,34.0665283203125,34.79952621459961,22.94605255126953,5031212
2007-08-20,35.407379150390625,36.328094482421875,34.96043014526367,36.024169921875,23.753562927246094,2282918
2007-08-21,36.67671585083008,37.132606506347656,36.39067077636719,36.99851989746094,24.396028518676758,2050006
2007-08-22,37.150482177734375,37.30244827270508,36.739288330078125,37.034278869628906,24.41959571838379,1542007
2007-08-23,37.20411682128906,37.61531066894531,36.78398513793945,36.98064422607422,24.384233474731445,1177984
2007-08-24,36.99851989746094,37.99968719482422,36.775047302246094,37.83878707885742,24.950075149536133,1046314
2007-08-27,37.83878707885742,37.954994201660156,37.26668930053711,37.275630950927734,24.578752517700195,827945
2007-08-28,37.132606506347656,37.3203239440918,35.827510833740234,35.89008331298828,23.665142059326172,2829176
2007-08-29,36.10462188720703,36.76610565185547,35.416316986083984,36.60520553588867,24.136690139770508,5067681
2007-08-30,36.229766845703125,36.730350494384766,36.0599250793457,36.24764633178711,23.900909423828125,1096655
2007-08-31,36.74822998046875,37.543800354003906,36.42642593383789,37.186241149902344,24.519805908203125,1302271
2007-09-04,37.22199630737305,38.04438400268555,37.186241149902344,37.90135955810547,24.9913387298584,1353395
2007-09-05,36.76610565185547,37.71364212036133,36.76610565185547,37.284568786621094,24.584640502929688,1308200
2007-09-06,37.454410552978516,37.51698303222656,36.90019226074219,37.186241149902344,24.519805908203125,699519
2007-09-07,36.80186462402344,36.873374938964844,36.35491180419922,36.53369140625,24.089523315429688,853787
2007-09-10,36.71247482299805,36.89125442504883,35.684486389160156,36.21188735961914,23.87734031677246,1096991
2007-09-11,36.38172912597656,36.864437103271484,36.310218811035156,36.864437103271484,24.307615280151367,1165790
2007-09-12,36.8108024597168,36.98958206176758,36.28340148925781,36.560508728027344,24.107206344604492,1609129
2007-09-13,36.66777801513672,37.052154541015625,36.229766845703125,36.85549545288086,24.301719665527344,1277548
2007-09-14,36.819740295410156,38.008628845214844,36.69459533691406,37.93711471557617,25.014915466308594,1315807
2007-09-17,37.90135955810547,38.16059112548828,37.51698303222656,37.856666564941406,24.961872100830078,1534288
2007-09-18,38.04438400268555,39.188575744628906,37.90135955810547,39.188575744628906,25.840103149414062,1937913
2007-09-19,39.742794036865234,40.448974609375,39.38523483276367,39.912635803222656,26.317529678344727,3118805
2007-09-20,39.80536651611328,40.00202560424805,38.75950241088867,38.79526138305664,25.580760955810547,2332699
2007-09-21,39.233272552490234,39.599769592285156,38.75950241088867,39.17069625854492,25.828310012817383,1893165
2007-09-24,39.04555130004883,39.13494110107422,38.410884857177734,38.509212493896484,25.392139434814453,1566954
2007-09-25,38.187408447265625,38.3304328918457,37.454410552978516,37.75833511352539,24.897045135498047,1640228
2007-09-26,37.73151779174805,38.55390548706055,37.67788314819336,38.410884857177734,25.327314376831055,1246784
2007-09-27,38.63435745239258,38.875709533691406,38.23210144042969,38.43769836425781,25.344989776611328,1597830
2007-09-28,38.23210144042969,38.34830856323242,37.33820343017578,37.41865539550781,24.67305564880371,1303166
2007-10-01,37.49016571044922,38.80419921875,37.3203239440918,38.43769836425781,25.344989776611328,2043629
2007-10-02,38.32149124145508,39.018733978271484,38.276798248291016,38.99191665649414,25.710432052612305,1421859
2007-10-03,38.57178497314453,38.97404098510742,38.38406753540039,38.920406341552734,25.66327476501465,1664728
2007-10-04,38.9650993347168,39.29584503173828,38.64329528808594,38.8399543762207,25.61022186279297,1336950
2007-10-05,38.94722366333008,39.751731872558594,38.8399543762207,39.38523483276367,26.07779884338379,1133796
2007-10-08,39.58189010620117,39.99308776855469,39.420989990234375,39.81430435180664,26.361906051635742,1166462
2007-10-09,39.95732879638672,40.12717056274414,39.52825927734375,40.02884292602539,26.503955841064453,1353507
2007-10-10,40.02884292602539,40.1003532409668,39.57295227050781,39.77854919433594,26.338233947753906,1191297
2007-10-11,39.86793899536133,40.09141540527344,38.687992095947266,38.90252685546875,25.758201599121094,1588768
2007-10-12,38.88465118408203,38.98297882080078,38.509212493896484,38.679054260253906,25.610231399536133,943953
2007-10-15,38.500274658203125,38.65223693847656,37.62425231933594,38.08013916015625,25.21367835998535,1551068
2007-10-16,37.9818115234375,38.500274658203125,37.93711471557617,38.276798248291016,25.34389877319336,1785770
2007-10-17,38.75056457519531,39.313720703125,38.53602981567383,38.920406341552734,25.77003288269043,2284484
2007-10-18,38.920406341552734,39.05448913574219,38.25891876220703,38.85783386230469,25.728607177734375,1374762
2007-10-19,38.65223693847656,39.26902770996094,38.5270881652832,38.5270881652832,25.50961685180664,1610918
2007-10-22,38.375125885009766,39.555076599121094,38.25891876220703,39.286903381347656,26.012693405151367,1714062
2007-10-23,39.34947967529297,39.85900115966797,39.099185943603516,39.555076599121094,26.190258026123047,1659805
2007-10-24,39.233272552490234,39.48356246948242,37.88348388671875,38.687992095947266,25.616151809692383,1713838
2007-10-25,38.687992095947266,38.875709533691406,37.874542236328125,38.366188049316406,25.403074264526367,1257299
2007-10-26,38.63435745239258,38.63435745239258,37.91029739379883,38.35725021362305,25.39716148376465,934780
2007-10-29,38.43769836425781,38.44664001464844,37.58849334716797,37.91923904418945,25.107131958007812,1145654
2007-10-30,37.82984924316406,38.598602294921875,37.794090270996094,38.25891876220703,25.332042694091797,722452
2007-10-31,38.32149124145508,38.509212493896484,37.83878707885742,38.43769836425781,25.450424194335938,1241414
2007-11-01,38.053321838378906,38.32149124145508,36.864437103271484,36.89125442504883,24.426490783691406,1590111
2007-11-02,36.93594741821289,37.07897186279297,36.3370361328125,36.65884017944336,24.272605895996094,1134019
2007-11-05,36.42642593383789,36.92700958251953,36.20294952392578,36.70353317260742,24.30219268798828,1160085
2007-11-06,36.730350494384766,36.90019226074219,36.01523208618164,36.25658416748047,24.006250381469727,1314912
2007-11-07,36.25658416748047,36.85549545288086,35.80069351196289,36.30127716064453,24.035846710205078,1744490
2007-11-08,36.328094482421875,37.275630950927734,35.9884147644043,37.10578918457031,24.568531036376953,2516724
2007-11-09,36.6856575012207,36.819740295410156,35.80069351196289,35.87220764160156,23.751758575439453,1451952
2007-11-12,35.75600051879883,36.3370361328125,35.19284439086914,35.19284439086914,23.30193519592285,1722117
2007-11-13,35.416316986083984,36.649898529052734,35.317989349365234,36.62308120727539,24.248926162719727,1608010
2007-11-14,36.775047302246094,37.07897186279297,35.57722091674805,35.85432815551758,23.739917755126953,1860723
2007-11-15,35.85432815551758,36.26552200317383,35.5146484375,35.7113037109375,23.645212173461914,1326099
2007-11-16,36.024169921875,36.19401168823242,35.183902740478516,35.56827926635742,23.550519943237305,1256852
2007-11-19,35.53252410888672,35.53252410888672,34.64756393432617,35.26435470581055,23.349292755126953,1324533
2007-11-20,35.46995162963867,35.53252410888672,34.272125244140625,34.888916015625,23.1007022857666,1954357
2007-11-21,34.674381256103516,35.2375373840332,34.21849060058594,34.79952621459961,23.041507720947266,1421524
2007-11-23,35.005123138427734,35.219661712646484,34.78165054321289,35.219661712646484,23.319686889648438,430697
2007-11-26,35.085575103759766,35.52358627319336,34.82634353637695,35.11239242553711,23.248668670654297,1510684
2007-11-27,35.1660270690918,35.3626823425293,34.79058837890625,35.28223419189453,23.36112403869629,1317038
2007-11-28,35.47888946533203,36.30127716064453,35.183902740478516,36.15825653076172,23.941146850585938,1379013
2007-11-29,35.818572998046875,36.131439208984375,35.639793395996094,36.024169921875,23.85237693786621,725696
2007-11-30,36.51581573486328,36.873374938964844,35.47888946533203,35.56827926635742,23.550519943237305,1592796
2007-12-03,35.89008331298828,35.89008331298828,35.35374450683594,35.35374450683594,23.40847396850586,1115449
2007-12-04,35.21072006225586,35.684486389160156,35.14814758300781,35.2017822265625,23.30785369873047,1022038
2007-12-05,35.487831115722656,35.57722091674805,34.486663818359375,34.71013641357422,22.982322692871094,1486408
2007-12-06,34.70119857788086,35.005123138427734,34.13804244995117,34.29894256591797,22.71006202697754,2680837
2007-12-07,34.576053619384766,35.219661712646484,34.406211853027344,35.094512939453125,23.236831665039062,1713279
2007-12-10,35.219661712646484,35.487831115722656,34.915733337402344,35.30010986328125,23.372957229614258,1501063
2007-12-11,35.42525863647461,35.42525863647461,34.3436393737793,34.37939453125,22.763338088989258,1272178
2007-12-12,35.06769561767578,35.309051513671875,33.34246826171875,33.70896911621094,22.31943130493164,1957602
2007-12-13,33.61064147949219,33.69108963012695,32.74355697631836,33.16368865966797,21.958389282226562,1864079
2007-12-14,32.86870193481445,32.9312744140625,31.787084579467773,31.9926815032959,21.18303680419922,2084461
2007-12-17,32.135704040527344,32.60053253173828,31.661937713623047,32.082069396972656,21.242225646972656,2064213
2007-12-18,32.493263244628906,32.850826263427734,31.563608169555664,32.48432540893555,21.508567810058594,2282694
2007-12-19,28.354507446289062,28.470714569091797,25.29737091064453,25.565540313720703,16.927490234375,15435395
2007-12-20,25.94991683959961,26.003551483154297,24.045909881591797,24.57331085205078,16.27052116394043,7898087
2007-12-21,24.814664840698242,25.100711822509766,24.188934326171875,24.591188430786133,16.2823543548584,4414140
2007-12-24,24.582250595092773,25.386760711669922,24.537555694580078,24.680578231811523,16.341541290283203,2264459
2007-12-26,24.96662712097168,24.96662712097168,24.188934326171875,24.41240882873535,16.16397476196289,2031995
2007-12-27,24.197872161865234,24.87723731994629,24.188934326171875,24.56437110900879,16.264591217041016,3433158
2007-12-28,24.448165893554688,25.029199600219727,24.448165893554688,24.689517974853516,16.34745979309082,2988477
2007-12-31,24.904054641723633,25.2169189453125,24.64482307434082,24.769969940185547,16.400726318359375,3282023
2008-01-02,25.020261764526367,25.020261764526367,23.697288513183594,23.82243537902832,15.773344993591309,3358094
2008-01-03,23.91182518005371,24.010154724121094,22.991107940673828,23.33972930908203,15.45373821258545,4232800
2008-01-04,23.09837532043457,23.295034408569336,22.553096771240234,22.874900817871094,15.14596176147461,3246448
2008-01-07,22.883840560913086,22.883840560913086,21.560867309570312,21.85585594177246,14.471227645874023,4785882
2008-01-08,21.85585594177246,22.0078182220459,21.087100982666016,21.13179588317871,14.0955810546875,3852332
2008-01-09,21.194368362426758,21.194368362426758,19.80882453918457,20.45243263244629,13.642427444458008,5456427
2008-01-10,20.264713287353516,21.176490783691406,20.255773544311523,20.96195411682129,13.982295989990234,3840922
2008-01-11,20.61333465576172,20.890443801879883,19.80882453918457,19.835641860961914,13.231006622314453,3324533
2008-01-14,19.933969497680664,20.0501766204834,19.200971603393555,19.48702049255371,12.9984712600708,4109632
2008-01-15,19.08476448059082,19.513837814331055,18.959619522094727,19.138399124145508,12.765931129455566,3170489
2008-01-16,19.120521545410156,19.39763069152832,18.67357063293457,18.76296043395996,12.515495300292969,4844502
2008-01-17,18.789777755737305,19.209911346435547,18.67357063293457,18.81659507751465,12.551270484924316,4060633
2008-01-18,18.98643684387207,20.157445907592773,18.98643684387207,19.835641860961914,13.231006622314453,4911847
2008-01-22,18.771900177001953,20.747419357299805,18.771900177001953,20.443492889404297,13.63646411895752,5268822
2008-01-23,19.80882453918457,23.446996688842773,19.379751205444336,23.24139976501465,15.50275707244873,8873252
2008-01-24,23.196704864501953,24.662700653076172,23.07155990600586,24.546493530273438,16.373292922973633,8547824
2008-01-25,24.743152618408203,25.163284301757812,23.143070220947266,23.429119110107422,15.627970695495605,4787225
2008-01-28,23.312911987304688,24.62694549560547,22.803388595581055,24.55543327331543,16.379262924194336,5194765
2008-01-29,24.761030197143555,24.939809799194336,24.126361846923828,24.269384384155273,16.188457489013672,4353955
2008-01-30,24.358774185180664,24.88617515563965,23.83137321472168,23.920764923095703,15.955916404724121,3647500
2008-01-31,23.697288513183594,25.726442337036133,23.152009963989258,25.324186325073242,16.892044067382812,3552187
2008-02-01,25.55660057067871,25.896282196044922,24.48392105102539,25.780075073242188,17.19613265991211,3150688
2008-02-04,25.976734161376953,25.976734161376953,24.618005752563477,24.698457717895508,16.474660873413086,2179662
2008-02-05,24.30514144897461,24.8236026763916,23.90288543701172,24.010154724121094,16.01554298400879,2242868
2008-02-06,24.126361846923828,24.251506805419922,23.536386489868164,23.607898712158203,15.747227668762207,2799978
2008-02-07,23.429119110107422,24.251506805419922,23.429119110107422,24.036970138549805,16.033432006835938,2464929
2008-02-08,23.9654598236084,24.537555694580078,23.697288513183594,24.010154724121094,16.01554298400879,1855241
2008-02-11,25.86052703857422,26.307477951049805,25.476150512695312,25.932039260864258,17.297496795654297,6896633
2008-02-12,26.37005043029785,28.15785026550293,26.146575927734375,27.129865646362305,18.09649085998535,5653764
2008-02-13,27.067291259765625,28.363447189331055,27.067291259765625,27.9969482421875,18.67485809326172,4620763
2008-02-14,27.773473739624023,28.15785026550293,27.040475845336914,27.129865646362305,18.09649085998535,2838573
2008-02-15,26.960023880004883,27.398035049438477,26.647159576416016,27.299705505371094,18.20977783203125,2256740
2008-02-19,27.800289154052734,27.97907066345215,27.067291259765625,27.27288818359375,18.191892623901367,1550509
2008-02-20,27.10304832458496,28.381324768066406,26.897451400756836,28.256179809570312,18.847780227661133,2533952
2008-02-21,28.32769012451172,28.604799270629883,27.684083938598633,27.782411575317383,18.53175926208496,1616176
2008-02-22,27.952253341674805,28.148910522460938,27.371217727661133,28.050582885742188,18.710641860961914,1284819
2008-02-25,27.970130920410156,28.792518615722656,27.49636459350586,28.783580780029297,19.19957733154297,1733975
2008-02-26,28.756763458251953,29.97246742248535,28.65843391418457,29.695358276367188,19.807748794555664,3039714
2008-02-27,29.31991958618164,29.614906311035156,28.64055633544922,28.7388858795166,19.16975975036621,1949211
2008-02-28,28.7388858795166,28.7388858795166,27.728778839111328,27.83604621887207,18.567533493041992,1768878
2008-02-29,27.558937072753906,28.461776733398438,27.415912628173828,27.558937072753906,18.3826961517334,2312339
2008-03-03,28.595861434936523,28.595861434936523,27.49636459350586,27.853923797607422,18.57946014404297,2745609
2008-03-04,27.65726661682129,28.032703399658203,27.281827926635742,27.83604621887207,18.567533493041992,2381586
2008-03-05,27.943313598632812,28.372386932373047,27.281827926635742,27.380157470703125,18.263437271118164,2741246
2008-03-06,27.147743225097656,27.219255447387695,25.815832138061523,25.923099517822266,17.291540145874023,2726256
2008-03-07,25.690685272216797,25.753259658813477,24.87723731994629,25.252674102783203,16.844345092773438,3418503
2008-03-10,25.422515869140625,26.182331085205078,25.163284301757812,25.207979202270508,16.814529418945312,1782302
2008-03-11,25.824771881103516,26.092941284179688,24.850419998168945,26.084001541137695,17.398868560791016,3401835
2008-03-12,26.182331085205078,27.380157470703125,25.887344360351562,26.52201271057129,17.691030502319336,2677928
2008-03-13,26.101879119873047,26.343233108520508,24.868297576904297,26.307477951049805,17.547927856445312,3822575
2008-03-14,26.548830032348633,26.61140251159668,25.252674102783203,26.173391342163086,17.458486557006836,2801656
2008-03-17,25.565540313720703,26.69185447692871,25.154346466064453,26.334293365478516,17.565813064575195,3507775
2008-03-18,26.405805587768555,27.943313598632812,26.3521728515625,26.69185447692871,17.804319381713867,5058955
2008-03-19,27.701961517333984,29.373554229736328,27.389095306396484,28.452836990356445,18.978960037231445,6339859
2008-03-20,28.89084815979004,30.78591537475586,28.89084815979004,30.70546531677246,20.48153305053711,5632733
2008-03-24,30.768037796020508,31.554670333862305,30.3836612701416,30.473051071166992,20.326501846313477,3227207
2008-03-25,30.928939819335938,31.000452041625977,29.97246742248535,30.580318450927734,20.398054122924805,2640452
2008-03-26,30.481990814208984,30.61607551574707,29.525516510009766,29.748992919921875,19.84352684020996,2850878
2008-03-27,29.748992919921875,29.775808334350586,28.774641036987305,28.783580780029297,19.19957733154297,2639333
2008-03-28,28.864030838012695,29.445066452026367,28.041643142700195,28.32769012451172,18.895477294921875,2269941
2008-03-31,28.265117645263672,29.293102264404297,28.16678810119629,29.096445083618164,19.40826416015625,2036134
2008-04-01,29.132200241088867,30.71440315246582,29.105384826660156,30.69652557373047,20.47556495666504,2908938
2008-04-02,30.70546531677246,31.241804122924805,30.410478591918945,31.1702938079834,20.791584014892578,2653653
2008-04-03,30.920000076293945,31.322256088256836,30.607135772705078,31.241804122924805,20.839284896850586,3013201
2008-04-04,31.402706146240234,31.804962158203125,30.36578369140625,30.759098052978516,20.517305374145508,2816982
2008-04-07,30.86636734008789,31.402706146240234,30.62501335144043,31.19710922241211,20.809467315673828,2424432
2008-04-08,30.964696884155273,31.152414321899414,30.151247024536133,30.39259910583496,20.37793731689453,1653876
2008-04-09,30.330026626586914,30.759098052978516,29.436126708984375,29.784748077392578,19.970382690429688,1922027
2008-04-10,29.498699188232422,30.902122497558594,29.498699188232422,30.732282638549805,20.60569190979004,1876161
2008-04-11,30.53562355041504,31.241804122924805,30.187002182006836,30.347904205322266,20.347976684570312,1422083
2008-04-14,30.11549186706543,30.347904205322266,29.516578674316406,29.748992919921875,19.946401596069336,1659358
2008-04-15,29.88307762145996,30.928939819335938,29.71323585510254,30.78591537475586,20.641647338867188,2386956
2008-04-16,30.884244918823242,31.429523468017578,30.78591537475586,31.19710922241211,20.91735076904297,1715516
2008-04-17,31.161354064941406,31.67087745666504,31.02726936340332,31.599365234375,21.187063217163086,1862624
2008-04-18,31.867534637451172,32.37705612182617,31.661937713623047,31.93010711669922,21.408823013305664,1639669
2008-04-21,31.68875503540039,32.028438568115234,31.313316345214844,31.751327514648438,21.288957595825195,954022
2008-04-22,31.43846321105957,31.76026725769043,30.28533172607422,30.911062240600586,20.725566864013672,1993847
2008-04-23,31.11665916442871,31.6798152923584,30.678647994995117,30.7769775390625,20.635658264160156,1989149
2008-04-24,30.026100158691406,31.2060489654541,29.98140525817871,30.839550018310547,20.6776180267334,1499497
2008-04-25,30.70546531677246,32.10888671875,30.464111328125,31.947986602783203,21.42081069946289,2442108
2008-04-28,31.956924438476562,32.18040084838867,31.143476486206055,31.35801124572754,21.025239944458008,2956259
2008-04-29,31.286500930786133,31.697694778442383,31.19710922241211,31.590425491333008,21.18107032775879,1268039
2008-04-30,31.84965705871582,33.10111618041992,31.697694778442383,31.804962158203125,21.32491111755371,3640004
2008-05-01,31.93010711669922,33.10111618041992,31.599365234375,33.047481536865234,22.158010482788086,2500056
2008-05-02,33.29777526855469,33.72684860229492,32.394935607910156,32.65416717529297,21.894298553466797,2589551
2008-05-05,32.60053253173828,33.50337219238281,32.082069396972656,33.0832405090332,22.18198585510254,2388075
2008-05-06,32.69886016845703,33.07429885864258,32.350242614746094,32.99385070800781,22.122047424316406,1313234
2008-05-07,33.05642318725586,33.673213958740234,32.4575080871582,32.627349853515625,21.876319885253906,2124846
2008-05-08,32.68992233276367,33.07429885864258,32.216156005859375,32.850826263427734,22.026153564453125,3480367
2008-05-09,32.60947036743164,33.172630310058594,31.813901901245117,31.974803924560547,21.438793182373047,2242756
2008-05-12,32.00162124633789,33.05642318725586,32.00162124633789,32.99385070800781,22.122047424316406,1271507
2008-05-13,33.09217834472656,33.18156814575195,32.51114273071289,33.09217834472656,22.187973022460938,1248797
2008-05-14,33.30671310424805,33.682151794433594,33.09217834472656,33.23520278930664,22.28386878967285,1551292
2008-05-15,33.05642318725586,33.64639663696289,32.69886016845703,33.47655487060547,22.445695877075195,1229332
2008-05-16,33.60169982910156,33.60169982910156,31.84965705871582,32.19827651977539,21.588623046875,2463587
2008-05-19,32.36811828613281,32.88658142089844,32.10888671875,32.34130096435547,21.684524536132812,1814185
2008-05-20,32.09101104736328,32.34130096435547,30.562440872192383,30.812732696533203,20.659631729125977,2626356
2008-05-21,30.86636734008789,31.03620719909668,28.99811553955078,29.46294403076172,19.75461196899414,3613268
2008-05-22,29.40930938720703,29.927772521972656,29.275224685668945,29.686418533325195,19.904451370239258,2093187
2008-05-23,29.266286849975586,29.427188873291016,28.08633804321289,28.372386932373047,19.023405075073242,3087594
2008-05-27,29.257347106933594,30.356843948364258,29.194774627685547,29.65960121154785,19.886472702026367,3703658
2008-05-28,29.936710357666016,30.52668571472168,29.784748077392578,30.401538848876953,20.383934020996094,2624790
2008-05-29,30.678647994995117,31.134536743164062,30.13336944580078,30.884244918823242,20.70758056640625,2528471
2008-05-30,31.071964263916016,31.071964263916016,30.079734802246094,30.61607551574707,20.527782440185547,2038147
2008-06-02,30.62501335144043,30.7769775390625,29.757930755615234,30.21381950378418,20.258071899414062,2777939
2008-06-03,30.267454147338867,30.741220474243164,29.695358276367188,29.999284744262695,20.114221572875977,3080546
2008-06-04,29.65960121154785,30.69652557373047,29.39143180847168,30.338966369628906,20.341976165771484,2736771
2008-06-05,30.21381950378418,30.830610275268555,29.865198135375977,30.249576568603516,20.28204345703125,2071037
2008-06-06,30.240636825561523,30.240636825561523,28.58692169189453,28.74782371520996,19.275131225585938,4064660
2008-06-09,29.024932861328125,29.498699188232422,28.32769012451172,28.613739013671875,19.185230255126953,2344669
2008-06-10,28.354507446289062,28.989177703857422,27.809228897094727,28.685251235961914,19.233179092407227,4611030
2008-06-11,28.399202346801758,28.712068557739258,27.290767669677734,27.478485107421875,18.424055099487305,3431256
2008-06-12,27.460607528686523,28.792518615722656,27.460607528686523,28.148910522460938,18.873567581176758,3051236
2008-06-13,28.80145835876465,29.677480697631836,28.58692169189453,29.024932861328125,19.46092987060547,2564269
2008-06-16,28.783580780029297,29.766870498657227,28.31875228881836,29.614906311035156,19.85650634765625,2555655
2008-06-17,29.55233383178711,29.614906311035156,28.452836990356445,28.613739013671875,19.185230255126953,2572883
2008-06-18,28.104215621948242,28.89084815979004,27.719839096069336,28.06846046447754,18.819631576538086,2086475
2008-06-19,28.15785026550293,28.926603317260742,27.719839096069336,28.72994613647461,19.263147354125977,2224969
2008-06-20,28.595861434936523,29.185834884643555,27.728778839111328,28.282995223999023,18.96346664428711,2808592
2008-06-23,28.721006393432617,28.917665481567383,27.290767669677734,27.398035049438477,18.3701114654541,2598277
2008-06-24,27.24607276916504,28.604799270629883,26.816999435424805,28.24724006652832,18.939495086669922,5382258
2008-06-25,29.275224685668945,30.508806228637695,29.114322662353516,30.178064346313477,20.234092712402344,7347242
2008-06-26,29.900955200195312,29.95458984375,29.078567504882812,29.167957305908203,19.55682945251465,3469851
2008-06-27,29.132200241088867,29.597028732299805,28.122093200683594,28.83721351623535,19.335067749023438,3276429
2008-06-30,28.792518615722656,29.427188873291016,28.22936248779297,28.551166534423828,19.143278121948242,2433046
2008-07-01,27.934375762939453,28.962360382080078,27.59469223022461,28.64055633544922,19.203210830688477,3450945
2008-07-02,28.89084815979004,29.185834884643555,27.415912628173828,27.460607528686523,18.412065505981445,2813738
2008-07-03,27.639387130737305,28.274057388305664,27.523181915283203,28.113155364990234,18.849599838256836,1725696
2008-07-07,28.417081832885742,28.783580780029297,27.65726661682129,28.023765563964844,18.789655685424805,2454637
2008-07-08,27.90755844116211,29.46294403076172,27.898618698120117,29.46294403076172,19.88144874572754,2814633
2008-07-09,29.293102264404297,29.400371551513672,28.06846046447754,28.06846046447754,18.94046401977539,2826267
2008-07-10,28.095277786254883,28.095277786254883,26.77230453491211,26.99578094482422,18.216625213623047,4674236
2008-07-11,26.53095245361328,26.77230453491211,25.663869857788086,26.11081886291504,17.619455337524414,4210762
2008-07-14,26.52201271057129,27.08517074584961,26.137636184692383,26.262781143188477,17.721996307373047,2469627
2008-07-15,25.80689239501953,26.638219833374023,24.653762817382812,25.9588565826416,17.516910552978516,4418168
2008-07-16,25.96779441833496,27.26395034790039,25.574478149414062,27.18349838256836,18.34328842163086,2909945
2008-07-17,26.593524932861328,28.443897247314453,26.11975860595703,28.345569610595703,19.127450942993164,3784204
2008-07-18,28.461776733398438,28.83721351623535,27.558937072753906,28.17572784423828,19.01283836364746,2891151
2008-07-21,28.17572784423828,28.551166534423828,27.19243812561035,27.281827926635742,18.409643173217773,2095872
2008-07-22,27.02259635925293,28.533287048339844,26.736549377441406,28.47965431213379,19.217927932739258,2762166
2008-07-23,28.58692169189453,30.347904205322266,28.023765563964844,29.89201545715332,20.170989990234375,5687437
2008-07-24,29.775808334350586,30.21381950378418,28.31875228881836,28.434959411621094,19.187768936157227,4345676
2008-07-25,28.622678756713867,29.033872604370117,27.782411575317383,27.800289154052734,18.759498596191406,2234702
2008-07-28,27.701961517333984,28.74782371520996,27.451669692993164,27.800289154052734,18.759498596191406,2678040
2008-07-29,27.27288818359375,29.123262405395508,27.004718780517578,29.05175018310547,19.603975296020508,4221166
2008-07-30,29.203712463378906,30.05291748046875,28.765701293945312,29.847320556640625,20.140827178955078,3657568
2008-07-31,29.5612735748291,30.11549186706543,28.828275680541992,29.114322662353516,19.646203994750977,3224745
2008-08-01,29.257347106933594,29.47188377380371,28.202545166015625,28.667373657226562,19.344606399536133,2517843
2008-08-04,28.58692169189453,29.105384826660156,28.202545166015625,28.765701293945312,19.410953521728516,2402506
2008-08-05,29.132200241088867,31.223926544189453,29.132200241088867,31.10771942138672,20.99134063720703,4271954
2008-08-06,31.125598907470703,31.125598907470703,30.151247024536133,30.991512298583984,20.912919998168945,2552970
2008-08-07,30.53562355041504,30.71440315246582,29.88307762145996,29.945650100708008,20.207176208496094,2469068
2008-08-08,29.79368782043457,32.09101104736328,29.516578674316406,31.867534637451172,21.504060745239258,3961293
2008-08-11,31.858596801757812,33.81623840332031,31.125598907470703,33.0832405090332,22.32441520690918,3743036
2008-08-12,32.60053253173828,32.90446090698242,31.733449935913086,31.903291702270508,21.528188705444336,2248014
2008-08-13,31.733449935913086,31.894351959228516,30.36578369140625,31.018329620361328,20.931013107299805,2243092
2008-08-14,30.651830673217773,32.36811828613281,30.39259910583496,31.93904685974121,21.55231285095215,1491442
2008-08-15,32.15358352661133,32.57371520996094,31.813901901245117,32.216156005859375,21.73930549621582,1780177
2008-08-18,32.394935607910156,32.493263244628906,31.03620719909668,31.25968360900879,21.09387969970703,2278667
2008-08-19,30.30320930480957,30.30320930480957,29.328859329223633,29.507638931274414,19.91160011291504,3424992
2008-08-20,29.400371551513672,29.80262565612793,28.828275680541992,29.06068992614746,19.61001205444336,2751091
2008-08-21,29.06068992614746,29.14113998413086,28.40814208984375,28.881908416748047,19.489368438720703,1792594
2008-08-22,29.328859329223633,30.106552124023438,29.015993118286133,30.008222579956055,20.249404907226562,1853339
2008-08-25,29.328859329223633,29.605968475341797,28.72994613647461,28.83721351623535,19.45920753479004,1519633
2008-08-26,25.261613845825195,25.762197494506836,24.367713928222656,25.252674102783203,17.04037857055664,15879629
2008-08-27,25.735380172729492,25.735380172729492,24.814664840698242,25.1364688873291,16.96196746826172,3423761
2008-08-28,25.243736267089844,25.797954559326172,24.904054641723633,25.70856475830078,17.348005294799805,3064213
2008-08-29,25.601295471191406,26.253843307495117,25.476150512695312,26.182331085205078,17.66771125793457,3154603
2008-09-02,26.593524932861328,28.515409469604492,26.325355529785156,26.620342254638672,17.96327781677246,5700526
2008-09-03,26.61140251159668,26.8616943359375,26.012489318847656,26.21808624267578,17.691837310791016,3566954
2008-09-04,25.976734161376953,26.36111068725586,25.207979202270508,26.182331085205078,17.66771125793457,5514599
2008-09-05,25.735380172729492,26.62928009033203,25.726442337036133,26.593524932861328,17.94518280029297,3438640
2008-09-08,27.362279891967773,28.202545166015625,26.3521728515625,27.469547271728516,18.536314010620117,5246224
2008-09-09,27.701961517333984,27.97907066345215,26.387928009033203,26.387928009033203,17.80644989013672,4041168
2008-09-10,26.557769775390625,27.710899353027344,26.334293365478516,27.281827926635742,18.409643173217773,3784987
2008-09-11,27.120925903320312,27.862863540649414,26.816999435424805,27.75559425354004,18.72933578491211,3600962
2008-09-12,27.210315704345703,27.487424850463867,26.548830032348633,27.201377868652344,18.3553524017334,3811388
2008-09-15,26.36111068725586,27.398035049438477,25.86946678161621,26.387928009033203,17.80644989013672,2985010
2008-09-16,26.244903564453125,26.825939178466797,25.94991683959961,26.718671798706055,18.029621124267578,3044524
2008-09-17,27.02259635925293,27.326522827148438,25.485088348388672,25.762197494506836,17.38420295715332,5218705
2008-09-18,26.146575927734375,26.548830032348633,24.88617515563965,26.316415786743164,17.758190155029297,6095425
2008-09-19,27.84498405456543,28.872970581054688,26.825939178466797,28.354507446289062,19.13348388671875,6777268
2008-09-22,27.90755844116211,28.023765563964844,26.28959846496582,26.68291473388672,18.00550079345703,2489540
2008-09-23,26.709732055664062,27.281827926635742,25.39569854736328,25.520845413208008,17.22134017944336,2928068
2008-09-24,25.681747436523438,25.681747436523438,24.96662712097168,25.05601692199707,16.907682418823242,2257747
2008-09-25,25.279491424560547,25.494028091430664,24.930870056152344,25.12752914428711,16.9559326171875,2398479
2008-09-26,24.582250595092773,25.574478149414062,24.582250595092773,25.529783248901367,17.227375030517578,2712943
2008-09-29,25.109651565551758,25.37782096862793,23.91182518005371,24.37665367126465,16.44924545288086,3601969
2008-09-30,24.859359741210938,25.87840461730957,23.876068115234375,25.592357635498047,17.269601821899414,3186598
2008-10-01,25.29737091064453,26.19127082824707,25.082834243774414,25.797954559326172,17.40833282470703,3064996
2008-10-02,25.6102352142334,25.753259658813477,25.047077178955078,25.53872299194336,17.2334041595459,2617071
2008-10-03,25.994611740112305,26.11081886291504,24.260446548461914,24.537555694580078,16.557825088500977,3226871
2008-10-06,23.357606887817383,24.135299682617188,21.95418357849121,23.125192642211914,15.604765892028809,4125294
2008-10-07,23.116254806518555,23.598960876464844,22.320682525634766,22.67824363708496,15.303166389465332,3055599
2008-10-08,21.462539672851562,22.93747329711914,21.462539672851562,21.516172409057617,14.634378433227539,4944401
2008-10-09,21.52511215209961,21.77540397644043,18.98643684387207,18.98643684387207,12.913756370544434,5408547
2008-10-10,17.645586013793945,20.094871520996094,15.911419868469238,19.15627670288086,13.029275894165039,7248574
2008-10-13,20.318347930908203,20.80999183654785,19.853519439697266,20.80999183654785,14.154064178466797,2404967
2008-10-14,21.650257110595703,22.141902923583984,19.39763069152832,19.90715217590332,13.539987564086914,3938472
2008-10-15,19.504898071289062,19.63004493713379,18.280254364013672,18.280254364013672,12.433440208435059,3582280
2008-10-16,18.038902282714844,18.771900177001953,17.609830856323242,18.771900177001953,12.767837524414062,3659246
2008-10-17,18.280254364013672,19.379751205444336,18.021024703979492,18.959619522094727,12.895519256591797,3270724
2008-10-20,19.209911346435547,19.72837257385254,18.950679779052734,19.361873626708984,13.169114112854004,2657232
2008-10-21,19.040069580078125,19.773067474365234,18.67357063293457,18.771900177001953,12.767837524414062,2637991
2008-10-22,18.324949264526367,18.467973709106445,17.10030746459961,17.547256469726562,11.93488883972168,3965880
2008-10-23,17.627708435058594,17.9316349029541,16.412004470825195,17.180757522583008,11.6856107711792,2956483
2008-10-24,16.072322845458984,17.252269744873047,15.920358657836914,16.724868774414062,11.375534057617188,2405862
2008-10-27,16.45669937133789,17.252269744873047,16.161712646484375,16.161712646484375,10.992505073547363,1851661
2008-10-28,16.62653923034668,17.609830856323242,15.258872985839844,17.609830856323242,11.97745418548584,3302159
2008-10-29,17.377416610717773,18.646753311157227,17.252269744873047,17.842243194580078,12.135527610778809,2431816
2008-10-30,18.34282875061035,18.932802200317383,18.065719604492188,18.50373077392578,12.585443496704102,2086587
2008-10-31,18.42327880859375,19.98760414123535,18.307071685791016,19.81776237487793,13.479185104370117,3212216
2008-11-03,19.74625015258789,20.488187789916992,19.23672866821289,19.460203170776367,13.235989570617676,2008950
2008-11-04,19.951847076416016,20.488187789916992,19.63004493713379,20.46137046813965,13.91694450378418,1833650
2008-11-05,20.14850616455078,20.166383743286133,18.65569305419922,18.736143112182617,12.743514060974121,2353731
2008-11-06,18.76296043395996,19.093704223632812,17.743915557861328,18.19086456298828,12.372639656066895,2653876
2008-11-07,18.378583908081055,18.557363510131836,17.046672821044922,17.51150131225586,11.910569190979004,3183913
2008-11-10,17.654525756835938,18.19086456298828,16.46563720703125,16.644418716430664,11.320816993713379,1736212
2008-11-11,16.188528060913086,16.814258575439453,15.956114768981934,16.349430084228516,11.120180130004883,2063766
2008-11-12,16.04550552368164,16.268980026245117,15.455531120300293,15.643250465393066,10.63986587524414,3084461
2008-11-13,15.482348442077637,16.62653923034668,14.615264892578125,16.429882049560547,11.174897193908691,4814073
2008-11-14,16.12595558166504,16.662296295166016,15.509164810180664,15.51810359954834,10.554747581481934,2466048
2008-11-17,15.240995407104492,15.687945365905762,14.937068939208984,14.972825050354004,10.18387222290039,2050229
2008-11-18,14.60632610321045,15.330385208129883,14.302399635314941,14.776166915893555,10.050113677978516,2383936
2008-11-19,14.749349594116211,14.874496459960938,13.310171127319336,13.354866027832031,9.083407402038574,2897416
2008-11-20,13.256537437438965,13.569401741027832,12.040833473205566,12.103405952453613,8.232217788696289,3286721
2008-11-21,12.398392677307129,12.818526268005371,11.808419227600098,12.782770156860352,8.694292068481445,3314353
2008-11-24,12.755952835083008,14.400729179382324,12.586112022399902,13.99847412109375,9.521162033081055,2756796
2008-11-25,14.6242036819458,14.937068939208984,13.891205787658691,14.82086181640625,10.080513000488281,2111534
2008-11-26,14.53481388092041,16.30473518371582,14.311339378356934,16.20640754699707,11.02290153503418,2825372
2008-11-28,16.152772903442383,16.394126892089844,15.875663757324219,16.349430084228516,11.120180130004883,791364
2008-12-01,15.982932090759277,15.991870880126953,14.49905776977539,14.552692413330078,9.898117065429688,2683298
2008-12-02,14.73147201538086,15.26781177520752,14.096802711486816,15.2320556640625,10.360193252563477,2816870
2008-12-03,15.14266586303711,16.29579734802246,14.990702629089355,16.21534538269043,11.028980255126953,3599955
2008-12-04,16.224285125732422,17.341659545898438,15.991870880126953,16.85895347595215,11.4667329788208,3338740
2008-12-05,16.394126892089844,18.476913452148438,16.394126892089844,18.324949264526367,12.46384334564209,5425998
2008-12-08,18.771900177001953,20.577577590942383,18.771900177001953,19.692617416381836,13.394073486328125,5354290
2008-12-09,19.55853271484375,19.826702117919922,18.467973709106445,18.7540225982666,12.7556791305542,3686318
2008-12-10,19.057947158813477,20.005481719970703,18.941741943359375,19.460203170776367,13.235989570617676,3072939
2008-12-11,19.42444610595703,19.442325592041016,17.6187686920166,17.886938095092773,12.165925025939941,3363352
2008-12-12,16.492454528808594,20.184261322021484,15.687945365905762,19.665800094604492,13.375829696655273,5829623
2008-12-15,19.782007217407227,20.13062858581543,18.83447265625,19.192033767700195,13.053597450256348,3107954
2008-12-16,19.290361404418945,20.61333465576172,19.06688690185547,20.515005111694336,13.953426361083984,3150800
2008-12-17,20.282590866088867,21.86479377746582,19.916091918945312,21.569807052612305,14.670851707458496,4253608
2008-12-18,21.77540397644043,21.77540397644043,20.622272491455078,21.43572235107422,14.579654693603516,4821904
2008-12-19,24.010154724121094,25.94991683959961,23.25927734375,25.520845413208008,17.358182907104492,14545027
2008-12-22,24.96662712097168,25.476150512695312,24.028032302856445,25.37782096862793,17.260900497436523,5856248
2008-12-23,25.37782096862793,25.69962501525879,24.55543327331543,24.80572509765625,16.87178611755371,3250587
2008-12-24,24.948749542236328,25.422515869140625,24.912992477416992,25.342065811157227,17.236589431762695,1026737
2008-12-26,25.279491424560547,25.735380172729492,24.87723731994629,25.476150512695312,17.32777976989746,980199
2008-12-29,25.44933319091797,25.583417892456055,24.126361846923828,24.600128173828125,16.731945037841797,1678264
2008-12-30,24.957687377929688,25.073894500732422,24.537555694580078,25.047077178955078,17.035938262939453,2456539
2008-12-31,25.047077178955078,25.404638290405273,24.859359741210938,25.190101623535156,17.133220672607422,2433941
2009-01-02,25.46721076965332,26.60246467590332,24.87723731994629,26.405805587768555,17.960092544555664,2874594
2009-01-05,26.155513763427734,26.423683166503906,25.386760711669922,25.690685272216797,17.473703384399414,3064996
2009-01-06,26.003551483154297,26.227025985717773,25.073894500732422,25.86946678161621,17.59530258178711,3595816
2009-01-07,25.252674102783203,25.565540313720703,24.40346908569336,24.546493530273438,16.811655044555664,3795167
2009-01-08,24.367713928222656,25.19904136657715,23.74198341369629,24.698457717895508,16.915729522705078,3696387
2009-01-09,24.662700653076172,24.752090454101562,23.795618057250977,23.849252700805664,16.334115982055664,1927509
2009-01-12,23.688350677490234,24.036970138549805,22.544158935546875,22.982168197631836,15.740257263183594,3538763
2009-01-13,23.41124153137207,23.83137321472168,22.553096771240234,22.93747329711914,15.709650039672852,2487527
2009-01-14,22.177658081054688,22.3564395904541,21.516172409057617,21.811159133911133,14.938244819641113,3294776
2009-01-15,21.891611099243164,22.982168197631836,21.12285614013672,22.472646713256836,15.391300201416016,3195212
2009-01-16,22.901718139648438,23.33078956604004,22.293865203857422,23.214582443237305,15.899435043334961,3042175
2009-01-20,23.07155990600586,23.25033950805664,20.845748901367188,21.051345825195312,14.41785717010498,3286050
2009-01-21,21.20330810546875,22.36537742614746,21.069223403930664,22.25811004638672,15.244359016418457,3431144
2009-01-22,22.61566925048828,24.859359741210938,21.95418357849121,24.135299682617188,16.530033111572266,5063206
2009-01-23,23.464874267578125,24.16211700439453,23.23246192932129,23.80455780029297,16.30350112915039,2860051
2009-01-26,23.974397659301758,24.96662712097168,23.74198341369629,24.269384384155273,16.62186050415039,2472984
2009-01-27,24.46604347229004,25.029199600219727,24.099544525146484,24.761030197143555,16.958587646484375,2419510
2009-01-28,25.23479652404785,25.55660057067871,24.769969940185547,25.1364688873291,17.215715408325195,3239624
2009-01-29,24.41240882873535,24.993444442749023,24.224689483642578,24.46604347229004,16.75655174255371,2715964
2009-01-30,24.37665367126465,24.546493530273438,23.1788272857666,23.438058853149414,16.0524959564209,2485065
2009-02-02,22.794450759887695,23.679410934448242,22.713998794555664,23.402301788330078,16.028005599975586,2219376
2009-02-03,23.41124153137207,24.439226150512695,22.740816116333008,24.16211700439453,16.54838752746582,2584294
2009-02-04,24.16211700439453,25.422515869140625,23.768800735473633,24.930870056152344,17.074907302856445,5641906
2009-02-05,24.868297576904297,25.520845413208008,24.689517974853516,25.431455612182617,17.41775131225586,2680949
2009-02-06,25.46721076965332,26.173391342163086,25.225858688354492,25.6459903717041,17.56468391418457,2867323
2009-02-09,25.6102352142334,25.672807693481445,24.8236026763916,25.565540313720703,17.509586334228516,2102137
2009-02-10,25.28843116760254,25.565540313720703,24.135299682617188,24.349836349487305,16.676963806152344,3713167
2009-02-11,24.62694549560547,25.37782096862793,24.48392105102539,25.190101623535156,17.252452850341797,3804452
2009-02-12,24.582250595092773,26.262781143188477,24.582250595092773,26.164453506469727,17.91977882385254,5790804
2009-02-13,25.914161682128906,26.53989028930664,25.55660057067871,26.209148406982422,17.95038414001465,4875825
2009-02-17,25.30630874633789,25.502967834472656,24.680578231811523,25.011322021484375,17.1300106048584,5175076
2009-02-18,25.109651565551758,25.440393447875977,24.39453125,24.671640396118164,16.89735984802246,4591789
2009-02-19,25.011322021484375,25.70856475830078,24.251506805419922,24.349836349487305,16.676963806152344,3200358
2009-02-20,23.9654598236084,25.502967834472656,23.89394760131836,25.23479652404785,17.283061981201172,6426334
2009-02-23,25.494028091430664,25.923099517822266,24.430286407470703,24.48392105102539,16.768795013427734,4891599
2009-02-24,24.62694549560547,25.46721076965332,24.48392105102539,25.359943389892578,17.3687801361084,5240743
2009-02-25,25.181163787841797,25.69962501525879,24.707395553588867,25.12752914428711,17.209604263305664,4673789
2009-02-26,25.520845413208008,25.520845413208008,23.24139976501465,23.545326232910156,16.125957489013672,7063766
2009-02-27,23.23246192932129,24.528615951538086,23.08049774169922,24.260446548461914,16.615739822387695,5522542
2009-03-02,23.82243537902832,24.135299682617188,22.785511016845703,22.991107940673828,15.746384620666504,4859157
2009-03-03,23.134132385253906,23.6525936126709,22.177658081054688,22.562036514282227,15.452518463134766,4256516
2009-03-04,23.062620162963867,23.464874267578125,22.59779167175293,22.785511016845703,15.605571746826172,4414588
2009-03-05,22.338560104370117,23.00898551940918,21.68601417541504,22.10614776611328,15.140281677246094,5147668
2009-03-06,22.302804946899414,22.91065788269043,21.551929473876953,22.222354888916016,15.219874382019043,4477458
2009-03-09,21.837976455688477,22.50840187072754,21.650257110595703,21.739648818969727,14.88926887512207,2862177
2009-03-10,22.150842666625977,24.31407928466797,21.909488677978516,24.108482360839844,16.511661529541016,5182123
2009-03-11,23.16988754272461,24.430286407470703,23.16988754272461,23.947580337524414,16.401460647583008,4643808
2009-03-12,23.929702758789062,25.529783248901367,23.91182518005371,25.1364688873291,17.215715408325195,5358429
2009-03-13,25.2169189453125,25.815832138061523,24.689517974853516,25.565540313720703,17.509586334228516,3989149
2009-03-16,25.833709716796875,26.799121856689453,25.637052536010742,25.726442337036133,17.619789123535156,5783421
2009-03-17,25.672807693481445,26.727609634399414,25.342065811157227,26.727609634399414,18.305479049682617,5768654
2009-03-18,29.96352767944336,32.24297332763672,29.605968475341797,32.06419372558594,21.960453033447266,19930305
2009-03-19,31.885412216186523,32.350242614746094,30.69652557373047,31.232866287231445,21.391080856323242,6722005
2009-03-20,31.232866287231445,31.232866287231445,29.686418533325195,30.28533172607422,20.74212646484375,5855689
2009-03-23,30.732282638549805,32.32342529296875,30.21381950378418,32.32342529296875,22.13799285888672,5568744
2009-03-24,31.813901901245117,32.69886016845703,30.71440315246582,30.750160217285156,21.060482025146484,5153708
2009-03-25,31.25968360900879,31.912229537963867,30.222759246826172,31.43846321105957,21.531898498535156,5039602
2009-03-26,31.706632614135742,33.60169982910156,31.572547912597656,33.0832405090332,22.65838623046875,5459224
2009-03-27,32.27872848510742,32.58265686035156,31.572547912597656,31.652999877929688,21.67882537841797,3900884
2009-03-30,31.232866287231445,31.313316345214844,30.669708251953125,31.241804122924805,21.39720916748047,3903792
2009-03-31,31.501035690307617,31.876474380493164,29.96352767944336,30.62501335144043,20.974773406982422,3720774
2009-04-01,30.401538848876953,31.492097854614258,30.05291748046875,31.19710922241211,21.366596221923828,3733639
2009-04-02,31.965864181518555,33.01172637939453,31.456340789794922,32.43069076538086,22.211458206176758,3274639
2009-04-03,32.15358352661133,32.618412017822266,31.706632614135742,32.618412017822266,22.340028762817383,3120931
2009-04-06,32.296607971191406,32.57371520996094,31.706632614135742,32.028438568115234,21.935962677001953,3168140
2009-04-07,32.09994888305664,32.26979064941406,30.59819793701172,30.633953094482422,21.098665237426758,4493456
2009-04-08,30.70546531677246,32.082069396972656,30.70546531677246,32.028438568115234,22.059093475341797,3295559
2009-04-09,32.82400894165039,33.57488250732422,32.24297332763672,33.11005783081055,22.80404281616211,3058620
2009-04-13,32.84188461303711,34.263187408447266,32.67204666137695,33.941383361816406,23.37661361694336,4255621
2009-04-14,33.61064147949219,33.61064147949219,32.50220489501953,32.88658142089844,22.650127410888672,5164672
2009-04-15,32.350242614746094,32.87764358520508,31.77814483642578,32.7703742980957,22.570091247558594,3755230
2009-04-16,32.64522933959961,34.96043014526367,32.64522933959961,34.450904846191406,23.727529525756836,4378678
2009-04-17,34.62968444824219,35.53252410888672,34.1022834777832,35.33586883544922,24.3370361328125,3989037
2009-04-20,35.076637268066406,35.11239242553711,34.43302917480469,34.84422302246094,23.9984188079834,4257411
2009-04-21,33.98607635498047,35.085575103759766,33.98607635498047,34.96936798095703,24.084611892700195,4932767
2009-04-22,34.5402946472168,36.83761978149414,34.53135681152344,35.9884147644043,24.78647232055664,6085468
2009-04-23,36.21188735961914,36.649898529052734,34.987247467041016,35.92584228515625,24.74336814880371,3560577
2009-04-24,36.21188735961914,36.59626770019531,35.326927185058594,35.505706787109375,24.454011917114258,4594250
2009-04-27,34.996185302734375,35.35374450683594,33.81623840332031,34.44196701049805,23.721372604370117,3618414
2009-04-28,34.29894256591797,35.219661712646484,33.995018005371094,34.0665283203125,23.462793350219727,2618637
2009-04-29,34.263187408447266,34.31682205200195,32.716739654541016,32.84188461303711,22.61934471130371,3944177
2009-04-30,33.40504455566406,34.42408752441406,32.940216064453125,33.047481536865234,22.760944366455078,4059403
2009-05-01,33.28883743286133,33.33353042602539,32.01949691772461,32.28766632080078,22.237638473510742,2933438
2009-05-04,32.32342529296875,34.772708892822266,32.32342529296875,34.39727020263672,23.69059181213379,3129433
2009-05-05,34.00395584106445,35.309051513671875,33.771541595458984,34.808467864990234,23.97379493713379,2581049
2009-05-06,35.174964904785156,35.38949966430664,33.41398239135742,33.80729675292969,23.28425407409668,2925831
2009-05-07,34.20955276489258,34.75483322143555,32.96703338623047,33.127933502197266,22.816354751586914,3700414
2009-05-08,33.51231002807617,33.88774871826172,31.947986602783203,32.19827651977539,22.176071166992188,3605661
2009-05-11,31.84965705871582,32.529022216796875,31.232866287231445,32.126766204833984,22.126811981201172,3501398
2009-05-12,32.2608528137207,32.51114273071289,30.732282638549805,31.18817138671875,21.480371475219727,3322184
2009-05-13,30.61607551574707,30.839550018310547,29.427188873291016,29.838382720947266,20.55072593688965,3424544
2009-05-14,29.847320556640625,31.223926544189453,29.847320556640625,30.660770416259766,21.11713218688965,2649961
2009-05-15,30.589258193969727,31.250743865966797,30.30320930480957,30.481990814208984,20.993999481201172,2054480
2009-05-18,30.7769775390625,31.92116928100586,30.55350112915039,31.903291702270508,21.972904205322266,2006712
2009-05-19,32.01055908203125,32.46644973754883,31.161354064941406,31.590425491333008,21.75741958618164,2769437
2009-05-20,31.947986602783203,32.67204666137695,31.018329620361328,31.09878158569336,21.41880226135254,2599508
2009-05-21,30.660770416259766,31.286500930786133,29.6417236328125,29.88307762145996,20.58150863647461,2586083
2009-05-22,29.945650100708008,30.026100158691406,28.881908416748047,29.534456253051758,20.34140396118164,3053250
2009-05-26,29.2484073638916,32.14464569091797,29.06068992614746,31.858596801757812,21.942127227783203,3898311
2009-05-27,31.867534637451172,32.806129455566406,31.223926544189453,31.706632614135742,21.83745765686035,3856807
2009-05-28,32.01949691772461,32.59159469604492,30.973634719848633,31.635120391845703,21.788206100463867,2626356
2009-05-29,31.76026725769043,32.394935607910156,31.143476486206055,32.33236312866211,22.268421173095703,2739792
2009-06-01,32.86870193481445,34.05759048461914,32.74355697631836,33.60169982910156,23.142648696899414,2658351
2009-06-02,33.5212516784668,33.5212516784668,32.59159469604492,33.01172637939453,22.736324310302734,2362680
2009-06-03,32.59159469604492,32.958091735839844,31.894351959228516,32.43069076538086,22.336143493652344,2793489
2009-06-04,32.66310501098633,32.7703742980957,30.93787956237793,31.322256088256836,21.572725296020508,3216579
2009-06-05,31.822839736938477,32.028438568115234,31.02726936340332,31.223926544189453,21.505002975463867,1808032
2009-06-08,31.161354064941406,31.179231643676758,30.178064346313477,30.53562355041504,21.030942916870117,3993400
2009-06-09,30.642892837524414,31.241804122924805,30.499868392944336,30.920000076293945,21.295679092407227,2018235
2009-06-10,31.43846321105957,31.474218368530273,29.945650100708008,30.258514404296875,20.840087890625,2080098
2009-06-11,30.30320930480957,30.59819793701172,29.31098175048828,29.47188377380371,20.298309326171875,2990939
2009-06-12,29.355676651000977,30.240636825561523,29.203712463378906,30.21381950378418,20.809303283691406,2265354
2009-06-15,29.784748077392578,30.356843948364258,29.30204200744629,30.27639389038086,20.85240364074707,2963307
2009-06-16,30.428356170654297,30.499868392944336,29.46294403076172,29.5612735748291,20.35987091064453,2582280
2009-06-17,29.516578674316406,30.187002182006836,28.89084815979004,29.588090896606445,20.37834358215332,2704553
2009-06-18,29.588090896606445,30.419416427612305,28.828275680541992,29.98140525817871,20.649234771728516,2757355
2009-06-19,30.428356170654297,31.304378509521484,30.267454147338867,31.018329620361328,21.363393783569336,3298356
2009-06-22,30.53562355041504,31.42058563232422,30.12442970275879,30.607135772705078,21.08019256591797,5075847
2009-06-23,30.69652557373047,31.03620719909668,29.382492065429688,29.498699188232422,20.316774368286133,5687101
2009-06-24,28.74782371520996,29.73111343383789,28.33662986755371,28.551166534423828,19.66417694091797,10422419
2009-06-25,28.32769012451172,29.79368782043457,28.32769012451172,29.30204200744629,20.181331634521484,5782638
2009-06-26,29.024932861328125,29.39143180847168,28.649494171142578,28.792518615722656,19.830406188964844,3989596
2009-06-29,28.971298217773438,30.338966369628906,28.864030838012695,30.195941925048828,20.796993255615234,3590111
2009-06-30,30.195941925048828,30.54456329345703,29.30204200744629,29.48082160949707,20.304460525512695,3456539
2009-07-01,29.80262565612793,30.68758773803711,29.516578674316406,30.45517349243164,20.97553253173828,2689339
2009-07-02,29.95458984375,30.0707950592041,29.516578674316406,29.55233383178711,20.353715896606445,1947981
2009-07-06,29.46294403076172,29.82050323486328,29.042810440063477,29.695358276367188,20.45221710205078,2919566
2009-07-07,29.847320556640625,29.847320556640625,28.685251235961914,28.7388858795166,19.793460845947266,2530484
2009-07-08,28.676311492919922,29.266286849975586,28.4260196685791,28.926603317260742,20.078886032104492,2671328
2009-07-09,29.105384826660156,29.257347106933594,28.452836990356445,29.015993118286133,20.14093017578125,2134803
2009-07-10,28.74782371520996,29.57021141052246,28.560104370117188,28.926603317260742,20.078886032104492,2048887
2009-07-13,28.917665481567383,29.31991958618164,28.33662986755371,29.22159194946289,20.283645629882812,2370064
2009-07-14,29.328859329223633,30.178064346313477,28.855091094970703,30.11549186706543,20.904132843017578,3749636
2009-07-15,30.39259910583496,30.39259910583496,29.48082160949707,29.784748077392578,20.674556732177734,3419846
2009-07-16,29.775808334350586,30.401538848876953,29.445066452026367,30.267454147338867,21.009613037109375,2314688
2009-07-17,30.517745971679688,30.517745971679688,29.766870498657227,30.13336944580078,20.916540145874023,2073722
2009-07-20,30.3836612701416,30.589258193969727,29.927772521972656,30.37472152709961,21.08407211303711,2044300
2009-07-21,30.71440315246582,30.71440315246582,29.516578674316406,30.05291748046875,20.860694885253906,2707238
2009-07-22,30.258514404296875,31.09878158569336,29.990345001220703,30.490928649902344,21.164735794067383,2661931
2009-07-23,30.464111328125,31.045146942138672,29.936710357666016,30.562440872192383,21.21437644958496,3243092
2009-07-24,30.3836612701416,30.660770416259766,29.597028732299805,29.96352767944336,20.798648834228516,2839803
2009-07-27,29.89201545715332,30.267454147338867,29.47188377380371,30.079734802246094,20.879314422607422,2372077
2009-07-28,29.97246742248535,30.0707950592041,29.507638931274414,29.95458984375,20.792442321777344,1765410
2009-07-29,29.856260299682617,30.05291748046875,28.989177703857422,29.096445083618164,20.196779251098633,2435619
2009-07-30,29.40930938720703,29.82050323486328,29.194774627685547,29.373554229736328,20.389131546020508,2002685
2009-07-31,29.445066452026367,29.57021141052246,28.828275680541992,28.953420639038086,20.097503662109375,2678488
2009-08-03,29.436126708984375,29.829442977905273,29.132200241088867,29.757930755615234,20.65593910217285,2389865
2009-08-04,29.72217559814453,30.580318450927734,29.534456253051758,30.178064346313477,20.947566986083984,2722228
2009-08-05,30.169124603271484,30.59819793701172,29.909894943237305,30.419416427612305,21.115102767944336,1842600
2009-08-06,29.185834884643555,29.588090896606445,28.604799270629883,28.694189071655273,19.917564392089844,4248797
2009-08-07,28.90872573852539,29.445066452026367,28.4260196685791,28.533287048339844,19.80587387084961,3371854
2009-08-10,28.542226791381836,29.22159194946289,28.542226791381836,29.15007972717285,20.2340087890625,3197226
2009-08-11,29.167957305908203,29.266286849975586,28.345569610595703,28.381324768066406,19.70039176940918,2397360
2009-08-12,28.33662986755371,28.649494171142578,27.75559425354004,27.898618698120117,19.36533546447754,4630607
2009-08-13,28.15785026550293,28.461776733398438,27.558937072753906,27.880741119384766,19.352914810180664,3946974
2009-08-14,27.988008499145508,28.399202346801758,27.684083938598633,28.345569610595703,19.67557144165039,4287392
2009-08-17,27.889680862426758,28.24724006652832,27.523181915283203,27.898618698120117,19.36533546447754,3560354
2009-08-18,27.961191177368164,28.31875228881836,27.639387130737305,28.24724006652832,19.607316970825195,3094194
2009-08-19,27.800289154052734,28.613739013671875,27.710899353027344,28.551166534423828,19.818288803100586,3216020
2009-08-20,28.551166534423828,29.266286849975586,28.533287048339844,29.14113998413086,20.227806091308594,2241078
2009-08-21,29.40930938720703,29.829442977905273,29.105384826660156,29.740053176879883,20.643531799316406,3030428
2009-08-24,29.900955200195312,30.106552124023438,29.534456253051758,29.72217559814453,20.631118774414062,3357311
2009-08-25,29.900955200195312,30.37472152709961,29.73111343383789,30.0350399017334,20.848283767700195,2428012
2009-08-26,29.927772521972656,30.356843948364258,29.79368782043457,30.20488166809082,20.9661808013916,1871686
2009-08-27,30.008222579956055,30.258514404296875,29.427188873291016,30.151247024536133,20.928958892822266,2266249
2009-08-28,30.312149047851562,30.330026626586914,29.748992919921875,29.96352767944336,20.798648834228516,2431816
2009-08-31,29.704296112060547,29.927772521972656,29.275224685668945,29.436126708984375,20.432554244995117,2572435
2009-09-01,29.489761352539062,30.21381950378418,29.22159194946289,29.46294403076172,20.4511775970459,2665063
2009-09-02,29.30204200744629,29.865198135375977,29.266286849975586,29.507638931274414,20.48220443725586,1552970
2009-09-03,29.63278579711914,30.13336944580078,29.400371551513672,30.097612380981445,20.891721725463867,2032666
2009-09-04,30.267454147338867,30.79485511779785,30.0350399017334,30.759098052978516,21.350879669189453,1443674
2009-09-08,31.125598907470703,31.286500930786133,30.3836612701416,30.52668571472168,21.189556121826172,3402282
2009-09-09,30.499868392944336,31.02726936340332,30.12442970275879,31.018329620361328,21.530818939208984,2245106
2009-09-10,31.00939178466797,31.25968360900879,30.55350112915039,31.018329620361328,21.530818939208984,2678040
2009-09-11,31.125598907470703,31.26862144470215,30.589258193969727,30.884244918823242,21.437753677368164,2255062
2009-09-14,30.678647994995117,31.402706146240234,30.61607551574707,31.19710922241211,21.654922485351562,1927397
2009-09-15,31.161354064941406,31.402706146240234,31.00939178466797,31.241804122924805,21.68594741821289,3300481
2009-09-16,31.27756118774414,32.636287689208984,31.27756118774414,32.50220489501953,22.560829162597656,4087482
2009-09-17,32.47538757324219,33.06536102294922,32.17145919799805,32.75249481201172,22.734561920166016,2443898
2009-09-18,32.96703338623047,33.351409912109375,32.546897888183594,33.18156814575195,23.03239631652832,2733080
2009-09-21,32.84188461303711,33.0832405090332,32.537960052490234,32.82400894165039,22.784196853637695,3152478
2009-09-22,32.96703338623047,33.07429885864258,32.57371520996094,32.87764358520508,22.821428298950195,3621994
2009-09-23,32.859764099121094,32.87764358520508,31.340133666992188,31.35801124572754,21.7666015625,4669426
2009-09-24,31.60830307006836,31.840717315673828,30.95575714111328,31.6798152923584,21.989980697631836,3928851
2009-09-25,31.599365234375,32.05525588989258,31.393768310546875,31.822839736938477,22.089263916015625,3409666
2009-09-28,31.885412216186523,32.84188461303711,31.733449935913086,32.305545806884766,22.424325942993164,4293098
2009-09-29,32.46644973754883,32.92233657836914,32.06419372558594,32.314483642578125,22.430524826049805,3594250
2009-09-30,29.97246742248535,30.562440872192383,29.06068992614746,30.508806228637695,21.177143096923828,14262893
2009-10-01,30.29427146911621,30.473051071166992,29.543394088745117,29.63278579711914,20.56907081604004,5807473
2009-10-02,29.373554229736328,29.98140525817871,29.15901756286621,29.677480697631836,20.600093841552734,3154492
2009-10-05,29.63278579711914,30.258514404296875,29.605968475341797,30.12442970275879,20.910337448120117,2715404
2009-10-06,30.44623374938965,30.44623374938965,29.579151153564453,29.900955200195312,20.755218505859375,4778834
2009-10-07,29.677480697631836,29.88307762145996,29.23052978515625,29.400371551513672,20.561418533325195,3250587
2009-10-08,29.63278579711914,30.097612380981445,29.400371551513672,29.436126708984375,20.586414337158203,4364806
2009-10-09,29.328859329223633,29.740053176879883,29.123262405395508,29.489761352539062,20.623931884765625,2656561
2009-10-12,29.847320556640625,29.927772521972656,29.605968475341797,29.766870498657227,20.817726135253906,2607115
2009-10-13,29.72217559814453,29.79368782043457,29.400371551513672,29.48082160949707,20.617679595947266,2245777
2009-10-14,29.748992919921875,29.945650100708008,29.194774627685547,29.275224685668945,20.473896026611328,2756013
2009-10-15,29.176895141601562,29.89201545715332,29.176895141601562,29.829442977905273,20.861494064331055,2557445
2009-10-16,29.55233383178711,29.909894943237305,29.445066452026367,29.686418533325195,20.76146125793457,2523101
2009-10-19,29.900955200195312,30.008222579956055,29.22159194946289,29.990345001220703,20.974016189575195,2669650
2009-10-20,30.097612380981445,30.13336944580078,28.16678810119629,29.14113998413086,20.380123138427734,5677593
2009-10-21,28.944482803344727,29.337797164916992,27.827106475830078,27.862863540649414,19.486146926879883,6530484
2009-10-22,27.9969482421875,28.74782371520996,27.84498405456543,28.506471633911133,19.936264038085938,3892494
2009-10-23,28.65843391418457,28.65843391418457,27.84498405456543,27.970130920410156,19.56117057800293,4164336
2009-10-26,27.988008499145508,28.274057388305664,27.76453399658203,28.059520721435547,19.62367820739746,3857367
2009-10-27,28.041643142700195,28.148910522460938,27.281827926635742,27.809228897094727,19.448637008666992,3151919
2009-10-28,27.684083938598633,28.265117645263672,27.549997329711914,27.59469223022461,19.298601150512695,2718649
2009-10-29,27.898618698120117,28.17572784423828,27.693021774291992,27.97907066345215,19.567419052124023,1854570
2009-10-30,27.943313598632812,28.238300323486328,27.076231002807617,27.09410858154297,18.948511123657227,2994407
2009-11-02,27.138803482055664,27.487424850463867,26.76336669921875,27.18349838256836,19.011030197143555,2564045
2009-11-03,27.120925903320312,27.701961517333984,26.85275650024414,27.701961517333984,19.373620986938477,2826043
2009-11-04,27.862863540649414,28.792518615722656,27.81816864013672,28.49753189086914,19.930011749267578,4018570
2009-11-05,28.765701293945312,29.5612735748291,28.667373657226562,29.30204200744629,20.492650985717773,3092740
2009-11-06,29.2484073638916,29.856260299682617,28.89978790283203,29.185834884643555,20.411380767822266,2271731
2009-11-09,29.489761352539062,29.579151153564453,29.015993118286133,29.194774627685547,20.417633056640625,3422083
2009-11-10,28.98023796081543,29.55233383178711,28.864030838012695,29.105384826660156,20.355117797851562,2947981
2009-11-11,29.400371551513672,29.436126708984375,28.864030838012695,29.15901756286621,20.392629623413086,2279897
2009-11-12,29.167957305908203,29.31098175048828,28.40814208984375,28.49753189086914,19.930011749267578,3598837
2009-11-13,28.48859214782715,28.83721351623535,28.345569610595703,28.694189071655273,20.06754493713379,1805347
2009-11-16,28.944482803344727,29.30204200744629,28.8193359375,29.30204200744629,20.492650985717773,2531379
2009-11-17,29.30204200744629,29.40930938720703,28.917665481567383,29.033872604370117,20.305103302001953,1975612
2009-11-18,28.98023796081543,29.194774627685547,28.676311492919922,29.06962776184082,20.33011245727539,1926166
2009-11-19,29.007055282592773,29.007055282592773,28.22936248779297,28.33662986755371,19.817487716674805,2046090
2009-11-20,28.06846046447754,28.443897247314453,27.76453399658203,28.104215621948242,19.654935836791992,2348809
2009-11-23,28.381324768066406,28.721006393432617,28.282995223999023,28.4260196685791,19.879995346069336,1577470
2009-11-24,28.533287048339844,28.533287048339844,27.81816864013672,28.041643142700195,19.61117935180664,2562591
2009-11-25,28.00588607788086,28.095277786254883,27.532119750976562,27.809228897094727,19.448637008666992,3152030
2009-11-27,27.228193283081055,28.032703399658203,27.120925903320312,27.84498405456543,19.47364044189453,901891
2009-11-30,27.809228897094727,28.15785026550293,27.66620445251465,28.095277786254883,19.64869499206543,2140620
2009-12-01,28.399202346801758,28.694189071655273,28.00588607788086,28.452836990356445,19.898754119873047,1875378
2009-12-02,28.372386932373047,29.015993118286133,28.32769012451172,28.881908416748047,20.19882583618164,2330909
2009-12-03,28.74782371520996,28.872970581054688,28.220422744750977,28.282995223999023,19.77996826171875,2056382
2009-12-04,28.72994613647461,29.05175018310547,28.202545166015625,28.792518615722656,20.136310577392578,2196107
2009-12-07,28.8193359375,28.989177703857422,28.649494171142578,28.7388858795166,20.098798751831055,1101577
2009-12-08,28.461776733398438,28.828275680541992,28.345569610595703,28.524349212646484,19.948762893676758,1641011
2009-12-09,28.542226791381836,28.783580780029297,28.363447189331055,28.551166534423828,19.967517852783203,1602976
2009-12-10,28.783580780029297,29.123262405395508,28.667373657226562,28.721006393432617,20.086294174194336,2296118
2009-12-11,29.042810440063477,29.15901756286621,28.846153259277344,29.007055282592773,20.28635025024414,2613380
2009-12-14,29.167957305908203,29.185834884643555,28.83721351623535,28.89084815979004,20.205074310302734,3199463
2009-12-15,28.926603317260742,29.445066452026367,28.703128814697266,29.105384826660156,20.355117797851562,2460342
2009-12-16,29.945650100708008,30.312149047851562,29.543394088745117,29.82050323486328,20.85523796081543,3690010
2009-12-17,29.534456253051758,29.72217559814453,29.203712463378906,29.275224685668945,20.473896026611328,2546929
2009-12-18,29.507638931274414,31.44740104675293,29.498699188232422,31.402706146240234,21.96176528930664,6899206
2009-12-21,31.36695098876953,32.10888671875,31.250743865966797,31.867534637451172,22.28685188293457,2772905
2009-12-22,31.822839736938477,32.26979064941406,31.751327514648438,32.10888671875,22.45564079284668,2510460
2009-12-23,32.28766632080078,32.28766632080078,31.742389678955078,32.126766204833984,22.468137741088867,1679830
2009-12-24,32.05525588989258,32.14464569091797,31.76920509338379,32.117828369140625,22.461896896362305,688780
2009-12-28,32.04631423950195,32.117828369140625,31.42058563232422,31.6798152923584,22.155569076538086,2168251
2009-12-29,31.83177947998047,32.14464569091797,31.68875503540039,31.751327514648438,22.205575942993164,1199127
2009-12-30,31.733449935913086,31.796022415161133,31.375890731811523,31.492097854614258,22.024280548095703,1560689
2009-12-31,31.50997543334961,31.724510192871094,31.322256088256836,31.34907341003418,21.924257278442383,1314688
2010-01-04,31.6798152923584,31.6798152923584,31.02726936340332,31.286500930786133,21.8804988861084,2492561
2010-01-05,31.340133666992188,31.34907341003418,30.580318450927734,31.152414321899414,21.78672218322754,3059850
2010-01-06,31.080902099609375,31.080902099609375,30.723342895507812,30.741220474243164,21.654489517211914,3461797
2010-01-07,30.803794860839844,31.313316345214844,30.571380615234375,31.02726936340332,21.85599136352539,2782414
2010-01-08,30.86636734008789,31.054086685180664,30.473051071166992,30.508806228637695,21.490774154663086,2537420
2010-01-11,30.768037796020508,30.768037796020508,30.249576568603516,30.428356170654297,21.434106826782227,1654436
2010-01-12,30.20488166809082,30.642892837524414,30.14230728149414,30.28533172607422,21.333362579345703,1600179
2010-01-13,30.321088790893555,30.55350112915039,30.169124603271484,30.490928649902344,21.478185653686523,1185479
2010-01-14,30.410478591918945,32.135704040527344,30.37472152709961,31.974803924560547,22.52344512939453,4078309
2010-01-15,32.05525588989258,32.05525588989258,31.34907341003418,31.554670333862305,22.227497100830078,2652646
2010-01-19,31.599365234375,32.082069396972656,31.50997543334961,32.037376403808594,22.567520141601562,1836671
2010-01-20,32.68098449707031,33.843055725097656,32.403873443603516,32.65416717529297,23.001996994018555,4011411
2010-01-21,32.716739654541016,33.29777526855469,32.60053253173828,32.67204666137695,23.014591217041016,2898087
2010-01-22,32.529022216796875,32.9312744140625,32.25191116333008,32.32342529296875,22.76901626586914,2751538
2010-01-25,32.55583953857422,32.57371520996094,32.05525588989258,32.18933868408203,22.674570083618164,2147556
2010-01-26,32.15358352661133,33.029605865478516,32.117828369140625,32.60947036743164,22.97051239013672,3146325
2010-01-27,32.60947036743164,32.859764099121094,32.403873443603516,32.734619140625,23.05866813659668,2624343
2010-01-28,32.850826263427734,33.60169982910156,32.79719161987305,33.47655487060547,23.581300735473633,4326994
2010-01-29,33.47655487060547,33.74472427368164,32.92233657836914,33.038543701171875,23.27275848388672,3956035
2010-02-01,33.2083854675293,33.89668655395508,33.10111618041992,33.83411407470703,23.83316421508789,3153485
2010-02-02,33.851993560791016,34.5402946472168,33.64639663696289,34.22743225097656,24.11022186279297,2631167
2010-02-03,34.29894256591797,34.4151496887207,33.860931396484375,33.98607635498047,23.940208435058594,1790021
2010-02-04,33.70896911621094,34.0307731628418,33.39610290527344,33.431861877441406,23.549816131591797,3721445
2010-02-05,33.50337219238281,33.96820068359375,33.07429885864258,33.60169982910156,23.66944122314453,2943618
2010-02-08,33.66427230834961,34.0307731628418,33.530189514160156,33.548065185546875,23.631664276123047,1930753
2010-02-09,33.869869232177734,34.495601654052734,33.70896911621094,34.33469772338867,24.185781478881836,2071932
2010-02-10,34.29000473022461,34.39727020263672,33.93244552612305,34.01289367675781,23.95909881591797,2282470
2010-02-11,33.88774871826172,34.64756393432617,33.64639663696289,34.64756393432617,24.406169891357422,2612708
2010-02-12,34.263187408447266,34.906795501708984,34.04865264892578,34.8531608581543,24.55099105834961,2315136
2010-02-16,35.8632698059082,36.53369140625,35.79175567626953,36.12249755859375,25.44513702392578,5072715
2010-02-17,36.39067077636719,36.640960693359375,36.18507385253906,36.28340148925781,25.558483123779297,2214677
2010-02-18,36.20294952392578,36.42642593383789,36.050987243652344,36.220829010009766,25.514394760131836,1678823
2010-02-19,36.20294952392578,36.70353317260742,36.19401168823242,36.69459533691406,25.848125457763672,1837678
2010-02-22,36.8108024597168,36.828678131103516,36.408546447753906,36.69459533691406,25.848125457763672,1611590
2010-02-23,36.60520553588867,36.953826904296875,36.11355972290039,36.310218811035156,25.577360153198242,2306186
2010-02-24,36.4979362487793,36.649898529052734,36.319156646728516,36.640960693359375,25.810346603393555,1536637
2010-02-25,36.238704681396484,36.29233932495117,35.66661071777344,36.050987243652344,25.39475440979004,3413469
2010-02-26,36.11355972290039,36.39960861206055,36.050987243652344,36.24764633178711,25.53328514099121,1418951
2010-03-01,36.35491180419922,36.90019226074219,36.024169921875,36.78398513793945,25.91108512878418,1804900
2010-03-02,36.70353317260742,36.99851989746094,36.15825653076172,36.21188735961914,25.508094787597656,3223627
2010-03-03,36.39960861206055,36.649898529052734,36.19401168823242,36.28340148925781,25.558483123779297,1844502
2010-03-04,36.328094482421875,36.453243255615234,35.97947311401367,36.15825653076172,25.47031593322754,2225193
2010-03-05,36.29233932495117,36.649898529052734,36.25658416748047,36.632022857666016,25.80404281616211,2285267
2010-03-08,36.70353317260742,37.776214599609375,36.649898529052734,37.53486251831055,26.44001579284668,2433494
2010-03-09,37.39183807373047,38.06226348876953,37.34714126586914,37.57061767578125,26.4652099609375,2323526
2010-03-10,37.49016571044922,37.794090270996094,37.17729949951172,37.767276763916016,26.603729248046875,1583510
2010-03-11,37.52592086791992,38.12483596801758,37.52592086791992,37.794090270996094,26.622617721557617,1773017
2010-03-12,37.874542236328125,37.97287368774414,37.275630950927734,37.56167984008789,26.458911895751953,2940374
2010-03-15,37.543800354003906,38.07120132446289,37.48122787475586,37.93711471557617,26.72336769104004,2566730
2010-03-16,37.963932037353516,38.3304328918457,37.71364212036133,38.08013916015625,26.82412338256836,2823694
2010-03-17,38.35725021362305,38.95616149902344,38.187408447265625,38.875709533691406,27.3845272064209,2100235
2010-03-18,38.98297882080078,39.313720703125,38.72374725341797,38.875709533691406,27.3845272064209,1930082
2010-03-19,39.018733978271484,39.26902770996094,38.929344177246094,39.018733978271484,27.485273361206055,2095313
2010-03-22,38.85783386230469,39.501441955566406,38.70587158203125,39.44780731201172,27.78752899169922,2019577
2010-03-23,39.429927825927734,39.47462463378906,38.509212493896484,39.25114822387695,27.648990631103516,3382593
2010-03-24,39.03661346435547,40.2880744934082,38.35725021362305,40.145050048828125,28.278669357299805,6203714
2010-03-25,40.475791931152344,40.475791931152344,39.823246002197266,39.94839096069336,28.140132904052734,2953127
2010-03-26,39.644466400146484,39.99308776855469,39.322662353515625,39.5908317565918,27.888263702392578,3088824
2010-03-29,39.61764907836914,40.22549819946289,39.58189010620117,40.19868469238281,28.316442489624023,2258194
2010-03-30,40.08247756958008,40.4847297668457,39.823246002197266,40.04671859741211,28.209409713745117,1718425
2010-03-31,39.86793899536133,40.08247756958008,39.49250030517578,39.81430435180664,28.04568862915039,1841929
2010-04-01,40.04671859741211,40.234439849853516,39.36735534667969,39.77854919433594,28.020498275756836,1921356
2010-04-05,39.77854919433594,40.68138885498047,39.77854919433594,40.68138885498047,28.656476974487305,1575680
2010-04-06,40.61881637573242,40.62775421142578,40.18974304199219,40.45791244506836,28.499059677124023,1989149
2010-04-07,40.93168258666992,41.611045837402344,40.67245101928711,41.468021392822266,29.372821807861328,5556774
2010-04-08,41.44120407104492,41.700435638427734,41.1104621887207,41.459083557128906,29.36648178100586,2640452
2010-04-09,41.45014190673828,41.83451843261719,41.08364486694336,41.83451843261719,29.632427215576172,2109296
2010-04-12,41.75407028198242,42.0579948425293,41.709373474121094,41.91497039794922,29.689414978027344,1669650
2010-04-13,41.90603256225586,42.0579948425293,41.62892150878906,42.013301849365234,29.759063720703125,1704553
2010-04-14,42.022239685058594,42.34404373168945,41.977542877197266,42.34404373168945,29.993330001831055,2412910
2010-04-15,42.21889877319336,42.388736724853516,41.81664276123047,41.94178771972656,29.70840835571289,2241750
2010-04-16,41.7451286315918,42.18313980102539,41.655738830566406,41.888153076171875,29.670412063598633,3338628
2010-04-19,41.879215240478516,42.22783660888672,41.566349029541016,42.201019287109375,29.89202880859375,3037029
2010-04-20,42.066932678222656,42.21889877319336,41.63786315917969,42.120567321777344,29.83504295349121,2577470
2010-04-21,42.1295051574707,42.424495697021484,41.90603256225586,42.3708610534668,30.012331008911133,1651191
2010-04-22,42.22783660888672,43.68489456176758,42.22783660888672,43.49717330932617,30.810108184814453,2514375
2010-04-23,43.64019775390625,43.81003952026367,43.18430709838867,43.515052795410156,30.822790145874023,1469739
2010-04-26,43.49717330932617,43.532928466796875,42.835689544677734,42.9161376953125,30.398571014404297,1934221
2010-04-27,42.746299743652344,43.246883392333984,41.977542877197266,42.022239685058594,29.76538848876953,2015774
2010-04-28,41.709373474121094,42.013301849365234,40.82441329956055,40.9227409362793,28.986591339111328,2985681
2010-04-29,41.199851989746094,41.62892150878906,40.886985778808594,41.20878982543945,29.189207077026367,3113995
2010-04-30,41.22666931152344,41.51271438598633,40.00202560424805,40.00202560424805,28.334421157836914,2648395
2010-05-03,40.22549819946289,40.886985778808594,40.00202560424805,40.636695861816406,28.78398323059082,1993176
2010-05-04,40.252315521240234,40.252315521240234,39.03661346435547,39.188575744628906,27.758237838745117,2544021
2010-05-05,38.71480941772461,40.40428161621094,38.57178497314453,39.03661346435547,27.65060806274414,3115897
2010-05-06,39.018733978271484,39.5908317565918,36.60520553588867,38.33937072753906,27.156726837158203,3361785
2010-05-07,38.366188049316406,38.9650993347168,37.41865539550781,38.089080810546875,26.97943687438965,3285155
2010-05-10,39.420989990234375,39.939453125,38.99191665649414,39.67128372192383,28.100156784057617,2193534
2010-05-11,39.29584503173828,40.788658142089844,39.21539306640625,39.98414611816406,28.32175636291504,2195100
2010-05-12,40.162925720214844,40.4132194519043,39.930511474609375,40.332767486572266,28.568700790405273,1395682
2010-05-13,40.162925720214844,40.30595016479492,39.49250030517578,39.510379791259766,27.98618507385254,1715516
2010-05-14,39.322662353515625,39.38523483276367,38.5270881652832,38.85783386230469,27.523969650268555,1542566
2010-05-17,38.85783386230469,39.40311050415039,38.098018646240234,39.30478286743164,27.84054946899414,2406533
2010-05-18,39.644466400146484,40.07353591918945,39.08130645751953,39.090248107910156,27.688589096069336,1613491
2010-05-19,38.875709533691406,39.197513580322266,38.178470611572266,38.9650993347168,27.599937438964844,1963195
2010-05-20,38.22316360473633,38.44664001464844,37.472286224365234,37.48122787475586,26.54888153076172,2148898
2010-05-21,36.319156646728516,37.48122787475586,36.095680236816406,37.186241149902344,26.339942932128906,3786665
2010-05-24,37.17729949951172,37.40971374511719,36.83761978149414,36.94488525390625,26.168975830078125,2157512
2010-05-25,36.16719436645508,37.29350662231445,35.56827926635742,37.22199630737305,26.36525535583496,2225864
2010-05-26,37.445472717285156,38.196346282958984,37.40971374511719,37.597434997558594,26.631195068359375,2594921
2010-05-27,38.13377380371094,39.143882751464844,38.106956481933594,39.099185943603516,27.694917678833008,1695268
2010-05-28,38.94722366333008,39.242210388183594,38.285736083984375,38.34830856323242,27.163057327270508,2396912
2010-06-01,38.16059112548828,39.03661346435547,37.767276763916016,38.53602981567383,27.29602813720703,2937353
2010-06-02,38.64329528808594,39.48356246948242,38.39300537109375,39.429927825927734,27.929187774658203,2250028
2010-06-03,39.38523483276367,39.77854919433594,38.85783386230469,39.16175842285156,27.739240646362305,2899541
2010-06-04,38.34830856323242,38.71480941772461,37.57061767578125,37.785152435302734,26.7641658782959,2567178
2010-06-07,37.91029739379883,38.02650451660156,36.649898529052734,36.78398513793945,26.055002212524414,3178208
2010-06-08,36.90019226074219,37.141544342041016,36.17613220214844,37.043216705322266,26.23862648010254,1896409
2010-06-09,37.34714126586914,38.267860412597656,37.141544342041016,37.41865539550781,26.504560470581055,2169146
2010-06-10,37.6331901550293,38.39300537109375,37.6331901550293,38.25891876220703,27.099729537963867,1298020
2010-06-11,37.88348388671875,38.71480941772461,37.82090759277344,38.696929931640625,27.410005569458008,1141850
2010-06-14,39.000858306884766,39.501441955566406,38.88465118408203,39.1528205871582,27.73292350769043,1826043
2010-06-15,39.313720703125,39.6623420715332,39.188575744628906,39.57295227050781,28.030508041381836,1564940
2010-06-16,39.45674514770508,40.162925720214844,39.36735534667969,39.921573638916016,28.277435302734375,1848641
2010-06-17,40.1361083984375,40.19868469238281,39.501441955566406,39.81430435180664,28.201465606689453,1979752
2010-06-18,40.03778076171875,40.26125717163086,39.6265869140625,39.76067352294922,28.163467407226562,2247791
2010-06-21,40.07353591918945,40.1361083984375,38.08013916015625,38.366188049316406,27.17572021484375,4094082
2010-06-22,38.25891876220703,39.08130645751953,37.84772491455078,37.89242172241211,26.840147018432617,2963866
2010-06-23,37.963932037353516,37.963932037353516,36.66777801513672,37.454410552978516,26.529888153076172,4098669
2010-06-24,36.70353317260742,37.09685134887695,35.094512939453125,35.273292541503906,24.984952926635742,7398367
2010-06-25,35.317989349365234,35.827510833740234,34.65650177001953,34.862098693847656,24.693683624267578,4718201
2010-06-28,35.12133026123047,35.66661071777344,34.888916015625,35.46101379394531,25.1179141998291,3096543
2010-06-29,35.10345458984375,35.326927185058594,34.65650177001953,34.84422302246094,24.681026458740234,3988366
2010-06-30,34.862098693847656,35.44313430786133,34.674381256103516,34.7280158996582,24.59871482849121,2627251
2010-07-01,34.64756393432617,35.13026809692383,33.780479431152344,35.04981994628906,24.826656341552734,3503300
2010-07-02,35.085575103759766,35.273292541503906,34.361515045166016,34.39727020263672,24.364439010620117,2081553
2010-07-06,34.95148849487305,35.02300262451172,33.38716506958008,33.61957931518555,23.813581466674805,3021143
2010-07-07,33.2798957824707,34.23637008666992,33.14581298828125,34.22743225097656,24.452190399169922,3399038
2010-07-08,34.42408752441406,34.84422302246094,34.12016296386719,34.406211853027344,24.579906463623047,3337734
2010-07-09,34.45984649658203,35.28223419189453,34.254249572753906,35.24647521972656,25.180194854736328,2636648
2010-07-12,35.1660270690918,35.487831115722656,34.82634353637695,35.46995162963867,25.339845657348633,2040720
2010-07-13,35.916900634765625,37.043216705322266,35.916900634765625,36.828678131103516,26.31052017211914,3382258
2010-07-14,36.66777801513672,36.8823127746582,36.238704681396484,36.52475357055664,26.09340476989746,2058396
2010-07-15,36.48006057739258,36.80186462402344,36.01523208618164,36.74822998046875,26.2530574798584,1721110
2010-07-16,36.52475357055664,36.56945037841797,35.43419647216797,35.541465759277344,25.390932083129883,1844054
2010-07-19,35.586158752441406,35.77387619018555,35.14814758300781,35.496768951416016,25.3590087890625,1755006
2010-07-20,35.21072006225586,36.53369140625,35.085575103759766,36.48899841308594,26.067861557006836,2729388
2010-07-21,36.52475357055664,36.8823127746582,36.0599250793457,36.363853454589844,25.97844886779785,3264124
2010-07-22,36.71247482299805,38.16952896118164,36.70353317260742,38.053321838378906,27.185409545898438,3516613
2010-07-23,37.71364212036133,38.42876052856445,37.686824798583984,38.053321838378906,27.185409545898438,2382593
2010-07-26,38.0175666809082,38.93828582763672,37.9460563659668,38.85783386230469,27.760162353515625,1914084
2010-07-27,39.12600326538086,39.2779655456543,38.48239517211914,38.598602294921875,27.574970245361328,1867770
2010-07-28,38.57178497314453,38.831016540527344,37.865604400634766,38.06226348876953,27.19180679321289,1859940
2010-07-29,38.34830856323242,38.43769836425781,37.26668930053711,37.51698303222656,26.802255630493164,2520192
2010-07-30,37.26668930053711,37.642127990722656,36.873374938964844,37.445472717285156,26.75116539001465,1447254
2010-08-02,37.97287368774414,38.16952896118164,37.1236686706543,37.81196975708008,27.012996673583984,3046650
2010-08-03,37.84772491455078,37.84772491455078,37.1951789855957,37.7047004699707,26.936363220214844,2543237
2010-08-04,37.88348388671875,38.106956481933594,37.543800354003906,37.82090759277344,27.01938247680664,1625685
2010-08-05,37.62425231933594,37.74045944213867,37.230934143066406,37.66000747680664,26.904422760009766,1336055
2010-08-06,37.3203239440918,37.445472717285156,36.75716781616211,37.382896423339844,26.706457138061523,1629153
2010-08-09,37.472286224365234,38.32149124145508,37.472286224365234,38.106956481933594,27.22373390197754,1421971
2010-08-10,37.865604400634766,38.08013916015625,37.56167984008789,37.75833511352539,26.974681854248047,1625685
2010-08-11,37.1236686706543,37.1236686706543,35.997352600097656,36.050987243652344,25.754947662353516,2243540
2010-08-12,35.60403823852539,36.48006057739258,35.60403823852539,36.16719436645508,25.837961196899414,2381586
2010-08-13,35.997352600097656,36.06886672973633,35.42525863647461,35.44313430786133,25.3206844329834,1592907
2010-08-16,35.29117202758789,36.24764633178711,35.183902740478516,35.94371795654297,25.678314208984375,1284484
2010-08-17,36.29233932495117,37.10578918457031,36.0599250793457,36.62308120727539,26.163652420043945,1939031
2010-08-18,36.67671585083008,37.57955551147461,36.408546447753906,37.150482177734375,26.540420532226562,2036246
2010-08-19,36.93594741821289,37.20411682128906,36.42642593383789,36.70353317260742,26.221115112304688,1232017
2010-08-20,36.560508728027344,36.98064422607422,36.4979362487793,36.89125442504883,26.35523796081543,1442443
2010-08-23,37.08790969848633,37.53486251831055,36.8108024597168,36.8465576171875,26.323305130004883,875042
2010-08-24,36.43536376953125,36.51581573486328,35.80069351196289,36.12249755859375,25.806032180786133,1132341
2010-08-25,35.8632698059082,36.67671585083008,35.80069351196289,36.50687789916992,26.080629348754883,2117910
2010-08-26,36.60520553588867,37.30244827270508,36.59626770019531,37.09685134887695,26.502111434936523,1956035
2010-08-27,37.33820343017578,38.08013916015625,36.864437103271484,37.9818115234375,27.134334564208984,1627028
2010-08-30,37.89242172241211,38.3304328918457,36.98958206176758,36.98958206176758,26.425472259521484,1741134
2010-08-31,36.83761978149414,37.21305847167969,36.67671585083008,36.8823127746582,26.348838806152344,1541783
2010-09-01,37.26668930053711,38.34830856323242,37.26668930053711,38.187408447265625,27.281213760375977,1925831
2010-09-02,38.11589431762695,39.751731872558594,38.11589431762695,39.52825927734375,28.239105224609375,2525450
2010-09-03,39.77854919433594,40.466854095458984,39.56401443481445,39.832183837890625,28.456247329711914,1409330
2010-09-07,39.98414611816406,40.466854095458984,39.5908317565918,39.67128372192383,28.341293334960938,1565835
2010-09-08,40.00202560424805,40.08247756958008,39.420989990234375,39.6623420715332,28.334909439086914,2081329
2010-09-09,39.61764907836914,39.6623420715332,39.108123779296875,39.233272552490234,28.028377532958984,1784540
2010-09-10,39.29584503173828,40.21656036376953,39.25114822387695,40.00202560424805,28.57756996154785,1729612
2010-09-13,40.22549819946289,40.7618408203125,39.79642868041992,40.69032669067383,29.069299697875977,2394004
2010-09-14,40.654571533203125,41.289241790771484,40.40428161621094,40.77971649169922,29.133163452148438,1356080
2010-09-15,40.67245101928711,40.91380310058594,40.377464294433594,40.82441329956055,29.165075302124023,1295671
2010-09-16,40.574119567871094,40.7260856628418,39.841121673583984,40.22549819946289,28.73723030090332,2040049
2010-09-17,40.645633697509766,40.7260856628418,39.86793899536133,39.98414611816406,28.564796447753906,2351717
2010-09-20,40.234439849853516,40.49367141723633,40.00202560424805,40.252315521240234,28.756383895874023,2093523
2010-09-21,40.22549819946289,40.31489181518555,39.30478286743164,39.34947967529297,28.11138916015625,3447477
2010-09-22,38.43769836425781,38.911468505859375,38.07120132446289,38.822078704833984,27.734617233276367,4562479
2010-09-23,38.4913330078125,39.1170654296875,38.38406753540039,38.518150329589844,27.51749038696289,2158854
2010-09-24,39.03661346435547,39.501441955566406,38.66117477416992,38.98297882080078,27.849563598632812,2656897
2010-09-27,38.822078704833984,39.197513580322266,38.687992095947266,38.7684440612793,27.696304321289062,2356080
2010-09-28,38.71480941772461,39.03661346435547,38.187408447265625,38.99191665649414,27.855955123901367,1678040
2010-09-29,38.79526138305664,39.000858306884766,38.34830856323242,38.4913330078125,27.498327255249023,2720103
2010-09-30,38.63435745239258,38.93828582763672,37.874542236328125,38.24104309082031,27.319520950317383,3914084
2010-10-01,38.589664459228516,38.74162673950195,37.99074935913086,38.42876052856445,27.453630447387695,2074841
2010-10-04,38.38406753540039,38.589664459228516,38.03544616699219,38.43769836425781,27.46001434326172,1657120
2010-10-05,38.8399543762207,39.555076599121094,38.74162673950195,39.340538024902344,28.105010986328125,1898087
2010-10-06,39.05448913574219,39.34947967529297,38.75056457519531,38.99191665649414,28.059978485107422,2003132
2010-10-07,39.07236862182617,39.608707427978516,38.911468505859375,39.608707427978516,28.503841400146484,2380579
2010-10-08,39.644466400146484,39.644466400146484,39.108123779296875,39.43886947631836,28.381616592407227,1741246
2010-10-11,39.43886947631836,39.72491455078125,39.20645523071289,39.48356246948242,28.413785934448242,1288287
2010-10-12,39.40311050415039,39.48356246948242,39.05448913574219,39.340538024902344,28.31085968017578,1160532
2010-10-13,39.52825927734375,39.599769592285156,38.4555778503418,39.44780731201172,28.388057708740234,2818212
2010-10-14,39.43886947631836,40.1003532409668,39.37629318237305,40.07353591918945,28.838346481323242,2193422
2010-10-15,40.448974609375,40.448974609375,39.76961135864258,39.99308776855469,28.780454635620117,2333147
2010-10-18,40.1361083984375,40.21656036376953,39.49250030517578,39.742794036865234,28.600345611572266,1261215
2010-10-19,39.26902770996094,39.85006332397461,39.04555130004883,39.188575744628906,28.20150375366211,1267591
2010-10-20,39.38523483276367,40.08247756958008,39.17963790893555,39.98414611816406,28.77401351928711,1917105
2010-10-21,40.243377685546875,40.431095123291016,39.67128372192383,39.823246002197266,28.658235549926758,1848193
2010-10-22,39.930511474609375,41.99542236328125,39.6265869140625,41.8970947265625,30.15064811706543,3543685
2010-10-25,42.0579948425293,42.35298156738281,41.48590087890625,41.700435638427734,30.009130477905273,2143864
2010-10-26,41.6199836730957,41.84346008300781,41.32499694824219,41.48590087890625,29.854738235473633,1532722
2010-10-27,40.86016845703125,40.86016845703125,39.921573638916016,40.341705322265625,29.031341552734375,2438640
2010-10-28,40.654571533203125,40.85123062133789,40.11823272705078,40.61881637573242,29.23074722290039,1093075
2010-10-29,40.52048873901367,40.967437744140625,40.341705322265625,40.86016845703125,29.404434204101562,1188500
2010-11-01,41.13727951049805,41.557411193847656,40.90486526489258,41.146217346191406,29.61028480529785,1985793
2010-11-02,41.378631591796875,41.780887603759766,41.199851989746094,41.2713623046875,29.700345993041992,992952
2010-11-03,41.2713623046875,41.92390823364258,41.2713623046875,41.81664276123047,30.092754364013672,1304285
2010-11-04,42.281471252441406,42.85356521606445,42.13844680786133,42.790992736816406,30.793914794921875,1526345
2010-11-05,42.889320373535156,43.22006607055664,42.844627380371094,43.07704162597656,30.999784469604492,1383488
2010-11-08,42.8803825378418,43.36309051513672,42.746299743652344,42.934017181396484,30.89685821533203,1072156
2010-11-09,43.0681037902832,43.0681037902832,42.14738464355469,42.34404373168945,30.472280502319336,664951
2010-11-10,42.120567321777344,43.121734619140625,41.9328498840332,43.103858947753906,31.019067764282227,1507775
2010-11-11,42.81781005859375,44.23017120361328,42.603275299072266,44.078208923339844,31.720266342163086,2067457
2010-11-12,43.60444259643555,43.79216003417969,43.05022430419922,43.48823547363281,31.29568862915039,2397695
2010-11-15,43.78322219848633,44.346378326416016,43.78322219848633,43.836856842041016,31.54657554626465,1733192
2010-11-16,43.5418701171875,44.00669860839844,42.3708610534668,42.522823333740234,30.600936889648438,2206511
2010-11-17,42.67478561401367,43.90836715698242,42.612213134765625,43.81897735595703,31.53369140625,2213670
2010-11-18,44.10502624511719,44.37319564819336,43.55080795288086,43.67595291137695,31.43077278137207,1428571
2010-11-19,43.667015075683594,44.033512115478516,43.55974578857422,43.836856842041016,31.54657554626465,1288958
2010-11-22,43.756404876708984,44.14078140258789,43.55974578857422,43.979881286621094,31.649492263793945,1734087
2010-11-23,43.5418701171875,44.248050689697266,43.354148864746094,43.935184478759766,31.617328643798828,2682067
2010-11-24,44.30168533325195,44.68606185913086,44.20335388183594,44.40895080566406,31.95825958251953,1314688
2010-11-26,44.167598724365234,44.569854736328125,43.935184478759766,44.239112854003906,31.83605194091797,381698
2010-11-29,43.854732513427734,44.20335388183594,43.50611114501953,44.033512115478516,31.68808364868164,1471417
2010-11-30,43.69383239746094,44.14971923828125,43.515052795410156,43.756404876708984,31.48867416381836,1521087
2010-12-01,44.489402770996094,44.9095344543457,44.069271087646484,44.0871467590332,31.726688385009766,2586978
2010-12-02,44.078208923339844,44.95423126220703,43.91730880737305,44.7128791809082,32.17698287963867,1711042
2010-12-03,44.578792572021484,45.01680374145508,44.4000129699707,44.981048583984375,32.369964599609375,1146996
2010-12-06,44.88271713256836,44.91847610473633,44.480464935302734,44.79332733154297,32.2348747253418,629489
2010-12-07,45.11513137817383,45.44587707519531,44.93635177612305,44.96316909790039,32.35710525512695,1355744
2010-12-08,44.900596618652344,45.11513137817383,44.248050689697266,44.337440490722656,31.906808853149414,1487638
2010-12-09,44.62348937988281,44.85590362548828,44.239112854003906,44.3642578125,31.926109313964844,1094865
2010-12-10,44.50728225708008,44.53409957885742,44.00669860839844,44.23017120361328,31.829614639282227,1211321
2010-12-13,44.346378326416016,44.44470977783203,43.354148864746094,43.38990783691406,31.224918365478516,1805235
2010-12-14,43.45248031616211,43.60444259643555,42.612213134765625,43.22006607055664,31.10270881652832,2249469
2010-12-15,43.14855194091797,44.0156364440918,43.13067626953125,43.79216003417969,31.514400482177734,4001007
2010-12-16,43.979881286621094,44.55197525024414,43.613380432128906,44.435768127441406,31.97756576538086,1743819
2010-12-17,44.435768127441406,44.69499969482422,44.04245376586914,44.59667205810547,32.093353271484375,1935004
2010-12-20,44.846961975097656,45.293914794921875,44.55197525024414,45.079376220703125,32.440731048583984,2762613
2010-12-21,43.81897735595703,44.0513916015625,41.83451843261719,42.49600601196289,30.581642150878906,7879293
2010-12-22,42.433433532714844,42.710540771484375,42.04011535644531,42.192081451416016,30.362932205200195,2372413
2010-12-23,42.22783660888672,42.46025085449219,41.709373474121094,41.789825439453125,30.073455810546875,1436850
2010-12-27,41.7451286315918,41.98648452758789,41.36075210571289,41.90603256225586,30.15707778930664,1217474
2010-12-28,41.8970947265625,42.24571228027344,41.44120407104492,41.63786315917969,29.964092254638672,1613156
2010-12-29,41.798763275146484,42.25465393066406,41.71831130981445,41.977542877197266,30.208541870117188,1104822
2010-12-30,41.85239791870117,42.102691650390625,41.798763275146484,41.879215240478516,30.137773513793945,1012082
2010-12-31,41.780887603759766,41.95072555541992,41.48590087890625,41.51271438598633,29.874021530151367,948316
2011-01-03,41.76300811767578,42.111629486083984,41.63786315917969,41.73619079589844,30.034839630126953,1994407
2011-01-04,41.91497039794922,41.92390823364258,41.11940002441406,41.7451286315918,30.041282653808594,2623783
2011-01-05,41.691497802734375,41.789825439453125,40.99425506591797,41.26242446899414,29.693920135498047,2413245
2011-01-06,41.1104621887207,41.77194595336914,41.074703216552734,41.50377655029297,30.07610321044922,2219152
2011-01-07,41.5484733581543,42.111629486083984,41.10152053833008,41.57529067993164,30.12792205810547,1617854
2011-01-10,41.33393478393555,41.51271438598633,40.967437744140625,41.35181427001953,29.965970993041992,1694932
2011-01-11,41.53059387207031,41.53059387207031,40.68138885498047,40.735023498535156,29.51902198791504,2149905
2011-01-12,41.00319290161133,41.18197250366211,40.77077865600586,41.11940002441406,29.797550201416016,1855465
2011-01-13,41.02107238769531,41.26242446899414,40.94062042236328,41.20878982543945,29.862337112426758,1847075
2011-01-14,41.1104621887207,41.396507263183594,40.99425506591797,41.25348663330078,29.89472198486328,1106164
2011-01-18,41.34287643432617,41.34287643432617,40.60987854003906,40.85123062133789,29.603225708007812,1762278
2011-01-19,40.86910629272461,41.10152053833008,40.58306121826172,41.056827545166016,29.75221824645996,2159302
2011-01-20,40.90486526489258,42.04011535644531,40.90486526489258,41.51271438598633,30.08257293701172,2203602
2011-01-21,41.75407028198242,41.76300811767578,41.11940002441406,41.476959228515625,30.056663513183594,1589104
2011-01-24,41.387569427490234,41.59316635131836,40.91380310058594,41.42332458496094,30.01780128479004,1768542
2011-01-25,41.36075210571289,42.31722640991211,41.36075210571289,42.30828857421875,30.659095764160156,2250923
2011-01-26,41.66468048095703,41.977542877197266,40.332767486572266,40.89592361450195,29.635618209838867,4571093
2011-01-27,40.7975959777832,41.16409683227539,40.51154708862305,41.065765380859375,29.758686065673828,2124287
2011-01-28,41.12833786010742,41.199851989746094,40.2880744934082,40.38640213012695,29.266389846801758,1493903
2011-01-31,41.7451286315918,42.120567321777344,40.985313415527344,42.111629486083984,30.516590118408203,3988142
2011-02-01,42.23677444458008,43.68489456176758,42.23677444458008,43.211124420166016,31.313344955444336,2953574
2011-02-02,43.13961410522461,43.82791519165039,43.04128646850586,43.443538665771484,31.481769561767578,2707574
2011-02-03,43.49717330932617,44.23017120361328,43.38096618652344,44.069271087646484,31.935222625732422,1929522
2011-02-04,43.96200180053711,44.176536560058594,43.443538665771484,43.79216003417969,31.73438835144043,1677145
2011-02-07,43.80110168457031,44.10502624511719,43.08597946166992,43.112796783447266,31.242082595825195,1642689
2011-02-08,43.22006607055664,43.69383239746094,43.08597946166992,43.5418701171875,31.553030014038086,1643808
2011-02-09,43.523990631103516,44.19441604614258,43.434600830078125,43.765342712402344,31.714962005615234,1730171
2011-02-10,43.64019775390625,43.81003952026367,43.47035598754883,43.7027702331543,31.669628143310547,1213782
2011-02-11,43.64913558959961,44.337440490722656,43.40778350830078,44.239112854003906,32.058284759521484,1816646
2011-02-14,44.11396408081055,44.21229553222656,43.72958755493164,44.18547821044922,32.01942443847656,935340
2011-02-15,44.04245376586914,44.19441604614258,43.69383239746094,44.0871467590332,31.94815444946289,846739
2011-02-16,44.248050689697266,44.95423126220703,44.158660888671875,44.38213348388672,32.16191864013672,1334713
2011-02-17,44.20335388183594,44.70393753051758,44.13184356689453,44.64136505126953,32.34977340698242,1373308
2011-02-18,44.64136505126953,44.91847610473633,44.29274368286133,44.78438949584961,32.453433990478516,1531044
2011-02-22,44.38213348388672,44.50728225708008,43.23794174194336,43.36309051513672,31.423463821411133,2097998
2011-02-23,43.246883392333984,43.30945587158203,41.50377655029297,42.209957122802734,30.58784294128418,2723235
2011-02-24,42.102691650390625,42.21889877319336,41.01213073730469,41.85239791870117,30.3287353515625,2706007
2011-02-25,42.08481216430664,42.89826202392578,41.94178771972656,42.26359176635742,30.62670135498047,1135586
2011-02-28,42.48706817626953,42.73735809326172,41.77194595336914,42.1295051574707,30.5295467376709,2024947
2011-03-01,42.209957122802734,42.5675163269043,41.67361831665039,41.879215240478516,30.348159790039062,1866652
2011-03-02,41.77194595336914,42.022239685058594,40.70820617675781,41.51271438598633,30.08257293701172,1863967
2011-03-03,41.968605041503906,42.66584777832031,41.95072555541992,42.08481216430664,30.497148513793945,1638886
2011-03-04,41.98648452758789,42.30828857421875,41.21772766113281,41.40544891357422,30.004858016967773,2427229
2011-03-07,41.691497802734375,42.835689544677734,41.34287643432617,41.44120407104492,30.0307559967041,2664392
2011-03-08,41.75407028198242,41.977542877197266,41.17303466796875,41.42332458496094,30.01780128479004,2742589
2011-03-09,41.44120407104492,42.27252960205078,41.21772766113281,42.18313980102539,30.568410873413086,2669874
2011-03-10,41.700435638427734,42.31722640991211,41.57529067993164,41.968605041503906,30.41292953491211,1775143
2011-03-11,41.611045837402344,42.26359176635742,41.49483871459961,42.00436019897461,30.438861846923828,1878174
2011-03-14,41.655738830566406,42.281471252441406,41.584228515625,41.83451843261719,30.315771102905273,1799866
2011-03-15,40.9227409362793,41.75407028198242,40.84229278564453,41.51271438598633,30.08257293701172,3923705
2011-03-16,41.387569427490234,41.77194595336914,40.976375579833984,41.047889709472656,29.745737075805664,1654324
2011-03-17,41.64680099487305,41.86133575439453,41.09258270263672,41.17303466796875,29.836423873901367,1301264
2011-03-18,41.53953170776367,41.71831130981445,41.17303466796875,41.289241790771484,29.92064094543457,1444569
2011-03-21,41.77194595336914,41.95966720581055,41.476959228515625,41.60210418701172,30.147361755371094,1203714
2011-03-22,41.73619079589844,42.18313980102539,41.6199836730957,41.780887603759766,30.276914596557617,1553418
2011-03-23,41.63786315917969,42.30828857421875,41.19091033935547,42.25465393066406,30.62022590637207,1446135
2011-03-24,42.522823333740234,43.103858947753906,42.35298156738281,42.9161376953125,31.099580764770508,2238617
2011-03-25,42.379798889160156,42.603275299072266,40.68138885498047,40.788658142089844,29.55788230895996,5374427
2011-03-28,41.074703216552734,41.60210418701172,40.93168258666992,41.25348663330078,29.89472198486328,3159414
2011-03-29,41.75407028198242,42.58539581298828,41.42332458496094,42.35298156738281,30.691469192504883,2629153
2011-03-30,42.692665100097656,43.40778350830078,42.5675163269043,43.37202835083008,31.42995262145996,2269493
2011-03-31,43.255821228027344,43.95306396484375,42.934017181396484,43.91730880737305,31.825088500976562,3023157
2011-04-01,43.82791519165039,44.078208923339844,43.40778350830078,43.48823547363281,31.51415252685547,1922475
2011-04-04,43.667015075683594,44.0513916015625,43.2647590637207,43.443538665771484,31.481769561767578,1221501
2011-04-05,43.41672134399414,43.79216003417969,43.17536926269531,43.29157638549805,31.37164306640625,1452735
2011-04-06,43.22006607055664,43.345211029052734,42.790992736816406,42.96977233886719,31.345561981201172,1350039
2011-04-07,42.790992736816406,43.112796783447266,42.32616424560547,42.424495697021484,30.94779396057129,2946750
2011-04-08,42.59433364868164,42.63009262084961,41.67361831665039,41.91497039794922,30.57611083984375,1658463
2011-04-11,41.90603256225586,42.192081451416016,41.51271438598633,41.73619079589844,30.445682525634766,1264571
2011-04-12,41.566349029541016,42.424495697021484,41.566349029541016,41.888153076171875,30.556543350219727,1764068
2011-04-13,42.00436019897461,42.26359176635742,41.48590087890625,41.60210418701172,30.347883224487305,1857702
2011-04-14,41.48590087890625,42.36191940307617,41.35181427001953,42.35298156738281,30.895610809326172,1773017
2011-04-15,42.478126525878906,42.72842025756836,42.24571228027344,42.63009262084961,31.0977783203125,1232912
2011-04-18,42.192081451416016,42.45130920410156,41.879215240478516,42.21889877319336,30.797813415527344,1256964
2011-04-19,42.335105895996094,42.889320373535156,42.22783660888672,42.603275299072266,31.078205108642578,1972368
2011-04-20,42.99658966064453,43.39884567260742,42.90719985961914,43.31839370727539,31.59986686706543,1625126
2011-04-21,43.36309051513672,43.36309051513672,42.87144470214844,42.925079345703125,31.312969207763672,1511355
2011-04-25,42.942955017089844,42.98765182495117,42.522823333740234,42.934017181396484,31.319486618041992,1038259
2011-04-26,42.96083450317383,43.157493591308594,42.54070281982422,42.81781005859375,31.234710693359375,1230563
2011-04-27,42.90719985961914,43.211124420166016,41.99542236328125,42.36191940307617,30.90215301513672,2234814
2011-04-28,42.26359176635742,42.692665100097656,42.022239685058594,42.379798889160156,30.915191650390625,1274975
2011-04-29,42.3708610534668,42.3708610534668,41.780887603759766,41.98648452758789,30.628267288208008,1521423
2011-05-02,42.16526412963867,42.335105895996094,41.85239791870117,42.13844680786133,30.739118576049805,1151135
2011-05-03,42.1295051574707,42.424495697021484,41.655738830566406,41.91497039794922,30.57611083984375,3099004
2011-05-04,42.022239685058594,43.27370071411133,41.71831130981445,43.08597946166992,31.43033218383789,2681844
2011-05-05,42.95189666748047,44.435768127441406,42.90719985961914,43.738525390625,31.906347274780273,2129209
2011-05-06,44.12290573120117,44.46258544921875,43.13961410522461,43.29157638549805,31.580310821533203,1700078
2011-05-09,43.1932487487793,43.622318267822266,43.014469146728516,43.121734619140625,31.456417083740234,1113883
2011-05-10,43.22900390625,43.854732513427734,43.22900390625,43.434600830078125,31.684642791748047,1360331
2011-05-11,43.345211029052734,43.97093963623047,43.32733154296875,43.69383239746094,31.87375259399414,1511019
2011-05-12,43.613380432128906,44.69499969482422,43.55974578857422,44.63242721557617,32.55843734741211,2139501
2011-05-13,44.59667205810547,45.24028015136719,44.49834060668945,44.972110748291016,32.806217193603516,1756125
2011-05-16,44.802268981933594,45.05255889892578,44.54303741455078,44.85590362548828,32.72145462036133,1982548
2011-05-17,44.51622009277344,44.998924255371094,44.033512115478516,44.77545166015625,32.66276550292969,2096319
2011-05-18,44.95423126220703,45.490570068359375,44.79332733154297,45.43693542480469,33.14531326293945,1879740
2011-05-19,45.579959869384766,46.59006881713867,45.481632232666016,46.50961685180664,33.92780303955078,2376217
2011-05-20,46.527496337890625,46.527496337890625,45.52632522583008,46.05372619628906,33.595237731933594,2084797
2011-05-23,45.65147399902344,46.545372009277344,45.5352668762207,46.009033203125,33.562644958496094,1381474
2011-05-24,46.1699333190918,46.1699333190918,45.58890151977539,45.937522888183594,33.510475158691406,1604318
2011-05-25,45.95539855957031,45.9732780456543,45.41905975341797,45.571022033691406,33.243125915527344,1415818
2011-05-26,45.410118103027344,45.76768112182617,45.03468322753906,45.67829132080078,33.321372985839844,2330238
2011-05-27,45.82131576538086,45.84812927246094,45.12407302856445,45.51738739013672,33.20399856567383,1615505
2011-05-31,45.74980163574219,45.92858123779297,45.08831787109375,45.27603530883789,33.02792739868164,1898423
2011-06-01,44.96316909790039,45.13301086425781,44.64136505126953,44.69499969482422,32.60408401489258,3574561
2011-06-02,44.61454772949219,44.757572174072266,43.78322219848633,43.79216003417969,31.94546890258789,2109520
2011-06-03,43.37202835083008,43.38990783691406,42.710540771484375,42.97871017456055,31.352092742919922,3782190
2011-06-06,43.04128646850586,43.845794677734375,42.54964065551758,42.5675163269043,31.052127838134766,2422530
2011-06-07,42.701602935791016,43.18430709838867,42.59433364868164,42.790992736816406,31.215145111083984,1907260
2011-06-08,42.64796829223633,43.023406982421875,42.21889877319336,42.281471252441406,30.843461990356445,2096208
2011-06-09,42.41555404663086,42.68372344970703,42.066932678222656,42.531761169433594,31.026031494140625,1642242
2011-06-10,42.26359176635742,42.63009262084961,41.84346008300781,41.977542877197266,30.62175750732422,1702204
2011-06-13,41.98648452758789,42.41555404663086,41.59316635131836,41.92390823364258,30.582626342773438,1535519
2011-06-14,42.335105895996094,42.710540771484375,42.26359176635742,42.50494384765625,31.006481170654297,1374986
2011-06-15,42.03117752075195,42.281471252441406,41.691497802734375,42.022239685058594,30.65435791015625,2304396
2011-06-16,42.0579948425293,42.21889877319336,41.63786315917969,41.888153076171875,30.556543350219727,2327218
2011-06-17,42.18313980102539,42.65690612792969,41.95072555541992,42.120567321777344,30.726083755493164,2237275
2011-06-20,41.83451843261719,42.335105895996094,41.73619079589844,42.15632247924805,30.752164840698242,1860723
2011-06-21,42.41555404663086,43.48823547363281,42.27252960205078,43.345211029052734,31.619436264038086,2226759
2011-06-22,43.211124420166016,43.81897735595703,43.09491729736328,43.13961410522461,31.46946144104004,1761159
2011-06-23,42.76417541503906,43.5776252746582,42.63009262084961,43.515052795410156,31.743330001831055,1763508
2011-06-24,43.55080795288086,43.926246643066406,43.23794174194336,43.36309051513672,31.632474899291992,1474662
2011-06-27,43.18430709838867,43.39884567260742,42.9161376953125,43.103858947753906,31.443370819091797,2261551
2011-06-28,43.59550476074219,44.12290573120117,43.48823547363281,44.024574279785156,32.11501693725586,1928963
2011-06-29,44.20335388183594,44.650306701660156,43.67595291137695,44.069271087646484,32.14763259887695,2448932
2011-06-30,44.46258544921875,44.650306701660156,44.069271087646484,44.480464935302734,32.44758605957031,3385725
2011-07-01,44.53409957885742,47.939857482910156,44.18547821044922,47.18898010253906,34.423404693603516,6968341
2011-07-05,47.546539306640625,48.0024299621582,46.84035873413086,47.80577087402344,34.873329162597656,3269941
2011-07-06,47.48396682739258,47.635929107666016,47.05489730834961,47.60017395019531,34.72333526611328,2547153
2011-07-07,47.65380859375,48.038185119628906,47.439273834228516,47.939857482910156,35.25583267211914,2682291
2011-07-08,47.457149505615234,47.72532272338867,47.09959030151367,47.57335662841797,34.98630142211914,2979192
2011-07-11,47.00126266479492,47.546539306640625,46.50067901611328,46.64370346069336,34.3026123046875,2729836
2011-07-12,46.69733428955078,47.367759704589844,46.5185546875,46.956565856933594,34.5327033996582,2091509
2011-07-13,47.18898010253906,47.671688079833984,47.01913833618164,47.16216278076172,34.683902740478516,1969683
2011-07-14,47.367759704589844,47.671688079833984,46.706275939941406,46.88505554199219,34.4801139831543,2076630
2011-07-15,46.98338317871094,47.29624938964844,46.57218933105469,47.01913833618164,34.57871627807617,2055711
2011-07-18,46.813541412353516,47.358821868896484,46.64370346069336,46.947628021240234,34.52613067626953,1565276
2011-07-19,47.269432067871094,47.957733154296875,47.15322494506836,47.92197799682617,35.242679595947266,1673118
2011-07-20,47.91304016113281,47.91304016113281,47.171104431152344,47.439273834228516,34.88770294189453,1317485
2011-07-21,47.6180534362793,47.88622283935547,47.19792175292969,47.868343353271484,35.20323944091797,2464817
2011-07-22,47.939857482910156,48.10075759887695,47.55548095703125,47.626991271972656,35.0257453918457,1150017
2011-07-25,47.19792175292969,47.626991271972656,46.92974853515625,47.47502899169922,34.91398239135742,1158966
2011-07-26,47.57335662841797,47.79683303833008,47.260494232177734,47.367759704589844,34.835113525390625,897640
2011-07-27,47.09065246582031,47.09065246582031,45.75873947143555,45.82131576538086,33.69782257080078,1882985
2011-07-28,45.96433639526367,46.28614044189453,45.26709747314453,45.27603530883789,33.29680633544922,1649849
2011-07-29,44.85590362548828,45.92858123779297,44.51622009277344,45.410118103027344,33.395423889160156,1482940
2011-08-01,45.812374114990234,45.812374114990234,44.31956100463867,44.81120681762695,32.9549674987793,2084573
2011-08-02,44.489402770996094,44.587730407714844,43.103858947753906,43.157493591308594,31.73880386352539,2335944
2011-08-03,43.16643142700195,44.069271087646484,42.424495697021484,44.0513916015625,32.39618682861328,2008166
2011-08-04,43.434600830078125,44.0871467590332,42.34404373168945,42.4066162109375,31.18659019470215,2984003
2011-08-05,42.77311325073242,43.81897735595703,41.870277404785156,42.87144470214844,31.528427124023438,4150352
2011-08-08,41.879215240478516,42.68372344970703,40.18974304199219,40.27913284301758,29.62199592590332,5983220
2011-08-09,40.743961334228516,41.43226623535156,39.197513580322266,41.22666931152344,30.318832397460938,6046985
2011-08-10,40.574119567871094,41.86133575439453,40.17186737060547,40.27019500732422,29.615427017211914,4354066
2011-08-11,41.44120407104492,44.00669860839844,40.90486526489258,43.300514221191406,31.843978881835938,4119365
2011-08-12,43.81897735595703,44.0156364440918,42.719482421875,43.532928466796875,32.014892578125,2705672
2011-08-15,43.80110168457031,44.10502624511719,43.04128646850586,43.765342712402344,32.185813903808594,1950889
2011-08-16,43.300514221191406,43.72064971923828,42.934017181396484,43.38096618652344,31.90312957763672,1799866
2011-08-17,43.622318267822266,43.97093963623047,42.701602935791016,43.31839370727539,31.85711669921875,1852444
2011-08-18,42.25465393066406,42.54964065551758,40.1003532409668,40.54730224609375,29.81920623779297,3415147
2011-08-19,40.1003532409668,41.289241790771484,39.9752082824707,40.18080520629883,29.549684524536133,2315248
2011-08-22,41.16409683227539,41.41438674926758,40.69032669067383,40.81547546386719,30.016441345214844,2051348
2011-08-23,41.01213073730469,42.36191940307617,40.84229278564453,42.35298156738281,31.14713478088379,1871686
2011-08-24,42.25465393066406,42.719482421875,41.60210418701172,42.424495697021484,31.199739456176758,1863408
2011-08-25,42.424495697021484,42.4423713684082,40.39533996582031,40.45791244506836,29.75347900390625,2778163
2011-08-26,40.22549819946289,41.3071174621582,39.57295227050781,40.976375579833984,30.134763717651367,2618190
2011-08-29,41.51271438598633,42.63009262084961,41.49483871459961,42.612213134765625,31.337785720825195,1532274
2011-08-30,42.424495697021484,43.45248031616211,42.424495697021484,43.23794174194336,31.797962188720703,2404296
2011-08-31,43.64019775390625,43.979881286621094,42.66584777832031,42.99658966064453,31.620473861694336,2241638
2011-09-01,43.014469146728516,43.255821228027344,42.281471252441406,42.46025085449219,31.22602081298828,1685759
2011-09-02,41.611045837402344,42.102691650390625,41.387569427490234,41.50377655029297,30.522626876831055,1514487
2011-09-06,40.54730224609375,41.50377655029297,40.35064697265625,41.28030014038086,30.3582763671875,1939367
2011-09-07,39.331600189208984,40.1361083984375,38.97404098510742,39.81430435180664,29.280155181884766,6587538
2011-09-08,39.85006332397461,40.332767486572266,39.43886947631836,39.644466400146484,29.15526008605957,3717306
2011-09-09,39.34947967529297,39.49250030517578,38.40194320678711,38.7684440612793,28.511011123657227,4316255
2011-09-12,38.39300537109375,39.242210388183594,38.178470611572266,38.80419921875,28.537309646606445,4318828
2011-09-13,38.81313705444336,39.68915939331055,38.48239517211914,39.08130645751953,28.74110221862793,3697058
2011-09-14,39.501441955566406,40.70820617675781,39.1170654296875,40.17186737060547,29.543107986450195,2957266
2011-09-15,40.54730224609375,40.654571533203125,39.966270446777344,40.40428161621094,29.714033126831055,1643808
2011-09-16,40.565181732177734,41.047889709472656,40.4132194519043,40.77077865600586,29.983562469482422,2290525
2011-09-19,40.12717056274414,41.50377655029297,39.99308776855469,41.3071174621582,30.378005981445312,2046426
2011-09-20,41.35181427001953,41.459083557128906,40.019901275634766,40.07353591918945,29.470788955688477,2251259
2011-09-21,40.1003532409668,40.431095123291016,39.17069625854492,39.22433090209961,28.846282958984375,2269158
2011-09-22,38.35725021362305,40.11823272705078,38.12483596801758,39.832183837890625,29.29331398010254,3857814
2011-09-23,39.72491455078125,41.76300811767578,39.313720703125,41.17303466796875,30.279380798339844,3813738
2011-09-26,41.584228515625,42.81781005859375,40.84229278564453,42.76417541503906,31.449546813964844,3343774
2011-09-27,43.336273193359375,43.443538665771484,41.77194595336914,41.99542236328125,30.884178161621094,3238394
2011-09-28,40.35958480834961,40.94955825805664,38.687992095947266,39.599769592285156,29.12238121032715,6197897
2011-09-29,39.9752082824707,40.39533996582031,38.03544616699219,38.875709533691406,28.589893341064453,6121826
2011-09-30,38.31255340576172,39.832183837890625,38.106956481933594,38.21422576904297,28.10343360900879,3804341
2011-10-03,38.008628845214844,39.17069625854492,37.07003402709961,37.1236686706543,27.301406860351562,4195771
2011-10-04,36.551570892333984,37.58849334716797,36.3727912902832,37.56167984008789,27.623537063598633,4586643
2011-10-05,37.66000747680664,38.929344177246094,37.463348388671875,38.679054260253906,28.44527244567871,3877167
2011-10-06,37.874542236328125,39.26008987426758,37.874542236328125,38.71480941772461,28.75734519958496,2561808
2011-10-07,39.04555130004883,39.98414611816406,38.86677169799805,39.43886947631836,29.295177459716797,3027520
2011-10-10,39.98414611816406,40.58306121826172,39.751731872558594,40.54730224609375,30.11851692199707,2244323
2011-10-11,40.36852264404297,41.17303466796875,40.341705322265625,41.03894805908203,30.483718872070312,2168699
2011-10-12,41.468021392822266,42.424495697021484,40.93168258666992,41.41438674926758,30.762584686279297,3114554
2011-10-13,41.244544982910156,42.290409088134766,41.244544982910156,41.72725296020508,30.994977951049805,2563262
2011-10-14,42.102691650390625,42.16526412963867,40.91380310058594,41.709373474121094,30.98171043395996,1781967
2011-10-17,41.45014190673828,41.68255615234375,40.60093688964844,40.69926834106445,30.23139762878418,1510684
2011-10-18,40.67245101928711,42.09375,40.055660247802734,41.798763275146484,31.04810333251953,1757579
2011-10-19,41.77194595336914,42.04905700683594,41.056827545166016,41.20878982543945,30.60987091064453,1644032
2011-10-20,41.2356071472168,41.459083557128906,40.7618408203125,41.16409683227539,30.576671600341797,1631838
2011-10-21,42.09375,42.388736724853516,41.59316635131836,42.16526412963867,31.32033920288086,2527016
2011-10-24,42.3708610534668,42.98765182495117,42.15632247924805,42.63903045654297,31.672266006469727,2522542
2011-10-25,42.790992736816406,43.023406982421875,42.013301849365234,42.09375,31.267221450805664,2411120
2011-10-26,43.023406982421875,43.023406982421875,41.10152053833008,41.807701110839844,31.05474281311035,2157065
2011-10-27,42.90719985961914,43.944122314453125,42.30828857421875,43.747467041015625,32.495601654052734,2630607
2011-10-28,43.47929763793945,43.79216003417969,42.90719985961914,43.354148864746094,32.203453063964844,2815639
2011-10-31,42.89826202392578,43.667015075683594,42.799930572509766,42.799930572509766,31.791770935058594,2371742
2011-11-01,41.888153076171875,43.05022430419922,41.888153076171875,42.281471252441406,31.406661987304688,2838237
2011-11-02,42.89826202392578,42.99658966064453,41.85239791870117,42.13844680786133,31.300416946411133,1590782
2011-11-03,41.807701110839844,42.57645797729492,41.41438674926758,42.48706817626953,31.559377670288086,2063094
2011-11-04,42.209957122802734,42.66584777832031,41.879215240478516,42.335105895996094,31.44649887084961,1604989
2011-11-07,42.65690612792969,42.692665100097656,41.85239791870117,42.299346923828125,31.419944763183594,1257523
2011-11-08,42.45130920410156,42.67478561401367,41.8970947265625,42.54070281982422,31.59922218322754,1530261
2011-11-09,41.780887603759766,42.25465393066406,41.459083557128906,41.53059387207031,30.848907470703125,1387627
2011-11-10,41.879215240478516,42.022239685058594,41.28030014038086,41.59316635131836,30.89539337158203,1362904
2011-11-11,42.16526412963867,42.67478561401367,41.888153076171875,42.379798889160156,31.47970962524414,1157288
2011-11-14,42.72842025756836,42.889320373535156,42.07587432861328,42.23677444458008,31.373462677001953,2519409
2011-11-15,41.99542236328125,43.202186584472656,41.8970947265625,42.98765182495117,31.93121337890625,1829399
2011-11-16,42.7552375793457,42.9161376953125,41.83451843261719,42.08481216430664,31.26058006286621,2060969
2011-11-17,41.968605041503906,42.4066162109375,41.459083557128906,41.91497039794922,31.134437561035156,2721445
2011-11-18,41.387569427490234,41.68255615234375,41.12833786010742,41.53953170776367,30.855546951293945,2295223
2011-11-21,41.10152053833008,41.10152053833008,40.18080520629883,40.4847297668457,30.072038650512695,2332476
2011-11-22,40.466854095458984,40.84229278564453,39.930511474609375,40.27019500732422,29.912687301635742,2110303
2011-11-23,40.00202560424805,40.53836441040039,39.841121673583984,39.930511474609375,29.660369873046875,1977962
2011-11-25,39.930511474609375,40.2880744934082,39.80536651611328,39.86793899536133,29.613893508911133,583622
2011-11-28,40.735023498535156,41.40544891357422,40.49367141723633,41.155155181884766,30.57003402709961,1414700
2011-11-29,41.20878982543945,41.85239791870117,41.20878982543945,41.476959228515625,30.80906105041504,1501286
2011-11-30,42.46025085449219,42.64796829223633,42.1295051574707,42.64796829223633,31.678892135620117,2084797
2011-12-01,42.54964065551758,42.77311325073242,42.0579948425293,42.41555404663086,31.506254196166992,1652534
2011-12-02,42.86250686645508,43.08597946166992,42.41555404663086,42.48706817626953,31.559377670288086,1764627
2011-12-05,43.07704162597656,43.112796783447266,42.49600601196289,42.66584777832031,31.69217300415039,1772682
2011-12-06,38.410884857177734,39.17963790893555,37.31138610839844,37.382896423339844,27.76799964904785,17811948
2011-12-07,37.29350662231445,39.02767562866211,37.230934143066406,38.822078704833984,28.83702278137207,7694820
2011-12-08,38.607540130615234,39.108123779296875,38.32149124145508,38.509212493896484,28.60462188720703,3369057
2011-12-09,38.687992095947266,39.197513580322266,38.4555778503418,38.62541961669922,28.690940856933594,3108178
2011-12-12,38.47345733642578,39.13494110107422,38.276798248291016,39.108123779296875,29.049497604370117,2885893
2011-12-13,39.22433090209961,39.420989990234375,38.67011260986328,38.822078704833984,28.83702278137207,2567066
2011-12-14,38.81313705444336,39.02767562866211,38.205284118652344,38.55390548706055,28.63782501220703,2987135
2011-12-15,38.8399543762207,39.322662353515625,38.509212493896484,39.099185943603516,29.04286003112793,3390536
2011-12-16,39.090248107910156,39.71597671508789,38.187408447265625,39.04555130004883,29.003015518188477,7285714
2011-12-19,39.242210388183594,39.58189010620117,38.4913330078125,38.55390548706055,28.63782501220703,2746392
2011-12-20,39.108123779296875,39.501441955566406,38.93828582763672,39.26902770996094,29.169017791748047,2752433
2011-12-21,39.25114822387695,39.99308776855469,39.090248107910156,39.95732879638672,29.68029022216797,2154603
2011-12-22,39.912635803222656,40.323829650878906,39.70703887939453,40.19868469238281,29.85957145690918,2027744
2011-12-23,40.52048873901367,41.03001022338867,40.31489181518555,40.85123062133789,30.344266891479492,1691912
2011-12-27,40.85123062133789,41.557411193847656,40.51154708862305,41.387569427490234,30.742677688598633,1613827
2011-12-28,41.41438674926758,41.41438674926758,40.27019500732422,40.4132194519043,30.0189208984375,1340083
2011-12-29,40.636695861816406,40.976375579833984,40.52942657470703,40.878047943115234,30.36419677734375,926390
2011-12-30,40.7975959777832,40.99425506591797,40.49367141723633,40.743961334228516,30.26459312438965,837789
2012-01-03,41.20878982543945,41.387569427490234,39.70703887939453,39.912635803222656,29.647085189819336,2387292
2012-01-04,39.86793899536133,40.36852264404297,39.85006332397461,40.18974304199219,29.852916717529297,2113547
2012-01-05,40.00202560424805,40.752899169921875,39.68915939331055,40.61881637573242,30.1716365814209,2082336
2012-01-06,40.1361083984375,40.20762252807617,39.34947967529297,39.63552474975586,29.72251319885254,3054480
2012-01-09,39.841121673583984,39.89475631713867,39.1528205871582,39.34947967529297,29.508012771606445,2358429
2012-01-10,39.71597671508789,39.98414611816406,39.412052154541016,39.67128372192383,29.74932861328125,1772010
2012-01-11,39.644466400146484,40.055660247802734,39.555076599121094,39.81430435180664,29.856576919555664,1383936
2012-01-12,39.79642868041992,40.11823272705078,39.6265869140625,39.912635803222656,29.930315017700195,1891487
2012-01-13,39.6623420715332,39.98414611816406,39.510379791259766,39.832183837890625,29.8699951171875,1754447
2012-01-17,40.17186737060547,41.03001022338867,40.055660247802734,40.1361083984375,30.097904205322266,2984003
2012-01-18,40.252315521240234,41.074703216552734,40.18974304199219,40.967437744140625,30.721303939819336,2153037
2012-01-19,41.26242446899414,41.5484733581543,40.645633697509766,41.21772766113281,30.90899658203125,1741582
2012-01-20,41.2356071472168,42.24571228027344,41.18197250366211,41.789825439453125,31.338016510009766,2334042
2012-01-23,41.691497802734375,41.879215240478516,41.074703216552734,41.557411193847656,31.163724899291992,1652310
2012-01-24,41.11940002441406,41.41438674926758,40.833351135253906,41.19091033935547,30.888896942138672,3075512
2012-01-25,41.26242446899414,41.90603256225586,41.155155181884766,41.780887603759766,31.33131217956543,1440094
2012-01-26,42.013301849365234,42.013301849365234,41.2356071472168,41.709373474121094,31.277677536010742,1409218
2012-01-27,41.51271438598633,41.51271438598633,41.1104621887207,41.2356071472168,30.922414779663086,1461573
2012-01-30,40.90486526489258,41.45014190673828,40.833351135253906,41.34287643432617,31.002843856811523,1479472
2012-01-31,41.459083557128906,41.468021392822266,40.7618408203125,41.00319290161133,30.74813461303711,1860611
2012-02-01,41.3071174621582,42.15632247924805,41.074703216552734,41.9328498840332,31.445270538330078,1613939
2012-02-02,42.192081451416016,42.27252960205078,41.566349029541016,41.95966720581055,31.465383529663086,1056718
2012-02-03,42.46025085449219,43.38096618652344,42.36191940307617,43.37202835083008,32.52450942993164,2401275
2012-02-06,43.112796783447266,43.80110168457031,43.05916213989258,43.211124420166016,32.403839111328125,2267815
2012-02-07,43.255821228027344,44.14971923828125,43.13067626953125,43.935184478759766,32.946815490722656,1790357
2012-02-08,44.0156364440918,44.435768127441406,43.523990631103516,43.91730880737305,32.93342208862305,1763620
2012-02-09,44.239112854003906,44.248050689697266,43.747467041015625,44.176536560058594,33.12779998779297,1782750
2012-02-10,43.78322219848633,44.578792572021484,43.72064971923828,44.20335388183594,33.14791488647461,2548607
2012-02-13,44.4000129699707,44.4000129699707,43.935184478759766,44.06032943725586,33.0406608581543,1530596
2012-02-14,43.944122314453125,44.0513916015625,43.27370071411133,43.738525390625,32.799346923828125,1604430
2012-02-15,43.95306396484375,44.55197525024414,43.90836715698242,43.99775695800781,32.99372863769531,1752098
2012-02-16,44.14971923828125,45.86600875854492,44.14971923828125,45.17770767211914,33.87858200073242,3624119
2012-02-17,45.36542510986328,45.812374114990234,45.11513137817383,45.49951171875,34.11990737915039,1799306
2012-02-21,45.812374114990234,46.393409729003906,45.43693542480469,45.52632522583008,34.13999938964844,2513928
2012-02-22,45.45481491088867,45.51738739013672,44.668182373046875,44.802268981933594,33.5970458984375,2312115
2012-02-23,45.24921798706055,45.24921798706055,44.3285026550293,44.51622009277344,33.382530212402344,3359884
2012-02-24,44.7128791809082,44.86484146118164,43.756404876708984,43.97093963623047,32.97362518310547,3647500
2012-02-27,43.95306396484375,44.49834060668945,43.37202835083008,43.90836715698242,32.92671203613281,2731402
2012-02-28,44.033512115478516,45.7319221496582,44.033512115478516,45.63359451293945,34.2204475402832,2534288
2012-02-29,45.624656677246094,46.116302490234375,45.2224006652832,45.579959869384766,34.18021774291992,2683410
2012-03-01,45.75873947143555,45.76768112182617,44.802268981933594,44.82014465332031,33.61045455932617,2104710
2012-03-02,44.748634338378906,44.93635177612305,44.30168533325195,44.480464935302734,33.355712890625,1460230
2012-03-05,44.891658782958984,45.615718841552734,44.73969650268555,45.410118103027344,34.052860260009766,2160644
2012-03-06,44.7128791809082,44.85590362548828,44.14078140258789,44.27486801147461,33.2015495300293,1900436
2012-03-07,44.7128791809082,45.35648727416992,44.62348937988281,45.213462829589844,33.90538787841797,1748741
2012-03-08,45.24028015136719,46.01797103881836,45.12407302856445,45.937522888183594,34.44835662841797,1550509
2012-03-09,46.09842300415039,46.19675064086914,45.803436279296875,46.00009536743164,34.49528121948242,1328337
2012-03-12,45.991153717041016,46.38447189331055,45.83025360107422,46.07160568237305,34.54890441894531,1367043
2012-03-13,46.07160568237305,47.08171463012695,46.06266784667969,47.06383514404297,35.2929801940918,1633069
2012-03-14,47.00126266479492,47.55548095703125,46.75096893310547,46.938690185546875,35.19913864135742,2433158
2012-03-15,46.902931213378906,47.439273834228516,46.65264129638672,47.40351867675781,35.54769515991211,1565052
2012-03-16,47.457149505615234,47.528663635253906,46.8314208984375,46.938690185546875,35.19913864135742,2262110
2012-03-19,46.97444534301758,47.16216278076172,46.23250961303711,46.96550750732422,35.2192497253418,1908155
2012-03-20,46.59006881713867,47.09065246582031,46.527496337890625,47.045955657958984,35.279563903808594,1460342
2012-03-21,47.171104431152344,47.37670135498047,46.69733428955078,46.77778625488281,35.07846450805664,1442219
2012-03-22,46.527496337890625,46.74203109741211,45.892826080322266,46.33083724975586,34.74330520629883,2885893
2012-03-23,45.579959869384766,45.77661895751953,44.54303741455078,45.51738739013672,34.133304595947266,5042175
2012-03-26,46.16099548339844,46.616886138916016,45.74086380004883,46.42916488647461,34.81703567504883,2260320
2012-03-27,46.312957763671875,46.42916488647461,45.32966995239258,45.42799758911133,34.06627655029297,3182571
2012-03-28,45.46375274658203,45.803436279296875,44.76651382446289,44.88271713256836,33.65736389160156,2748182
2012-03-29,44.8380241394043,45.44587707519531,44.4000129699707,45.32072830200195,33.9858283996582,2747735
2012-03-30,45.624656677246094,45.85707092285156,45.159828186035156,45.7319221496582,34.2941780090332,3208189
2012-04-02,45.079376220703125,46.1699333190918,44.82908630371094,45.82131576538086,34.36121368408203,3025506
2012-04-03,45.83025360107422,45.9732780456543,45.3475456237793,45.46375274658203,34.09308624267578,2144311
2012-04-04,45.01680374145508,45.04362106323242,44.569854736328125,44.79332733154297,33.5903434753418,2984226
2012-04-05,44.41789245605469,44.748634338378906,44.069271087646484,44.69499969482422,33.806697845458984,2351270
2012-04-09,44.069271087646484,44.23017120361328,43.63125991821289,44.0513916015625,33.31987380981445,1929410
2012-04-10,44.06032943725586,44.31956100463867,43.345211029052734,43.58656311035156,32.968299865722656,2654212
2012-04-11,44.0513916015625,44.85590362548828,43.738525390625,44.560916900634766,33.705284118652344,2190737
2012-04-12,44.59667205810547,44.70393753051758,44.21229553222656,44.50728225708008,33.66469955444336,2119924
2012-04-13,44.435768127441406,45.1508903503418,44.355316162109375,44.94529342651367,33.99601745605469,1920461
2012-04-16,45.14194869995117,45.35648727416992,44.31956100463867,44.88271713256836,33.94867706298828,1888019
2012-04-17,45.01680374145508,45.01680374145508,44.31062316894531,44.5251579284668,33.67823791503906,2803781
2012-04-18,44.480464935302734,45.070438385009766,44.337440490722656,44.900596618652344,33.96220397949219,1922810
2012-04-19,44.93635177612305,45.17770767211914,44.18547821044922,44.435768127441406,33.6106071472168,1913525
2012-04-20,44.50728225708008,44.989986419677734,44.435768127441406,44.63242721557617,33.759361267089844,1799642
2012-04-23,44.44470977783203,45.08831787109375,43.756404876708984,44.650306701660156,33.77289962768555,2580378
2012-04-24,44.7128791809082,45.401180267333984,44.20335388183594,45.04362106323242,34.07038116455078,2758250
2012-04-25,45.08831787109375,45.58890151977539,44.59667205810547,45.410118103027344,34.34760665893555,2798188
2012-04-26,45.35648727416992,45.74980163574219,45.14194869995117,45.46375274658203,34.38816833496094,1546705
2012-04-27,45.50844955444336,45.50844955444336,44.64136505126953,45.08831787109375,34.10419464111328,2658351
2012-04-30,44.989986419677734,45.1866455078125,44.64136505126953,44.76651382446289,33.860782623291016,1449827
2012-05-01,45.32072830200195,46.348716735839844,45.14194869995117,45.92858123779297,34.73976135253906,3326435
2012-05-02,45.812374114990234,46.10736083984375,45.27603530883789,45.571022033691406,34.46931457519531,2610023
2012-05-03,45.65147399902344,45.65147399902344,45.05255889892578,45.14194869995117,34.144752502441406,1517172
2012-05-04,45.061500549316406,45.58890151977539,44.69499969482422,45.24921798706055,34.22589874267578,2575456
2012-05-07,45.02574157714844,45.35648727416992,44.82908630371094,45.08831787109375,34.10419464111328,1699183
2012-05-08,44.91847610473633,44.91847610473633,44.346378326416016,44.82908630371094,33.90811538696289,2625909
2012-05-09,44.40895080566406,45.13301086425781,44.4000129699707,44.85590362548828,33.92839813232422,1869337
2012-05-10,45.23133850097656,45.6604118347168,44.998924255371094,45.490570068359375,34.408451080322266,1760823
2012-05-11,45.311790466308594,46.07160568237305,45.17770767211914,45.258155822753906,34.23265075683594,2040497
2012-05-14,44.82014465332031,45.26709747314453,44.480464935302734,45.079376220703125,34.09743118286133,2100571
2012-05-15,45.168766021728516,46.393409729003906,45.10619354248047,46.0447883605957,34.82765197753906,3116792
2012-05-16,46.37553024291992,49.915374755859375,46.08948516845703,47.70744323730469,36.085262298583984,10078085
2012-05-17,47.57335662841797,47.57335662841797,46.214630126953125,46.24144744873047,34.97640609741211,3308200
2012-05-18,46.3218994140625,46.66157913208008,45.59783935546875,45.705108642578125,34.57072830200195,1699519
2012-05-21,45.77661895751953,46.715213775634766,45.401180267333984,46.616886138916016,35.26038360595703,1768430
2012-05-22,46.849300384521484,47.16216278076172,46.57218933105469,46.82248306274414,35.4159049987793,1669985
2012-05-23,46.545372009277344,47.73426055908203,46.295082092285156,47.671688079833984,36.058223724365234,1678040
2012-05-24,47.73426055908203,48.4404411315918,47.27836990356445,47.59123611450195,35.99736404418945,2249021
2012-05-25,47.3409423828125,47.778953552246094,47.25155258178711,47.43033218383789,35.87567138671875,1765522
2012-05-29,47.680625915527344,48.11863708496094,47.37670135498047,48.04712677001953,36.34219741821289,1368945
2012-05-30,46.956565856933594,46.956565856933594,45.96433639526367,46.17887496948242,34.9290771484375,3231010
2012-05-31,46.25932312011719,46.527496337890625,45.91964340209961,46.24144744873047,34.97640609741211,2183913
2012-06-01,45.1508903503418,45.571022033691406,44.248050689697266,44.578792572021484,33.718788146972656,2514263
2012-06-04,44.14078140258789,44.53409957885742,43.354148864746094,43.95306396484375,33.24550247192383,3090279
2012-06-05,43.63125991821289,44.20335388183594,43.255821228027344,44.0156364440918,33.29282760620117,2847522
2012-06-06,44.51622009277344,45.03468322753906,44.20335388183594,44.5251579284668,33.67823791503906,2602305
2012-06-07,45.24921798706055,45.32072830200195,43.854732513427734,43.98881912231445,33.272552490234375,2676698
2012-06-08,43.738525390625,44.78438949584961,43.63125991821289,44.7128791809082,33.820228576660156,1620539
2012-06-11,44.981048583984375,45.14194869995117,44.239112854003906,44.239112854003906,33.46187973022461,2248574
2012-06-12,44.391075134277344,44.587730407714844,43.68489456176758,44.3285026550293,33.529476165771484,2714621
2012-06-13,44.14078140258789,44.82908630371094,43.8904914855957,44.0513916015625,33.31987380981445,1561360
2012-06-14,43.71171188354492,45.311790466308594,43.71171188354492,44.81120681762695,33.89460754394531,2395682
2012-06-15,45.27603530883789,46.536434173583984,45.08831787109375,46.00009536743164,34.793853759765625,4036246
2012-06-18,45.77661895751953,46.25038528442383,45.213462829589844,46.134178161621094,34.895263671875,1956707
2012-06-19,45.991153717041016,46.27720260620117,45.63359451293945,46.026912689208984,34.81413650512695,2475109
2012-06-20,46.18781280517578,46.37553024291992,45.54420471191406,45.991153717041016,34.78709030151367,2029422
2012-06-21,46.035850524902344,46.46492385864258,44.82014465332031,45.04362106323242,34.07038116455078,3269269
2012-06-22,44.337440490722656,44.981048583984375,43.747467041015625,44.73075485229492,33.83373260498047,5211545
2012-06-25,44.033512115478516,44.435768127441406,43.5418701171875,44.28380584716797,33.49567794799805,2820562
2012-06-26,44.31062316894531,44.91847610473633,43.98881912231445,44.72181701660156,33.826969146728516,2748182
2012-06-27,44.900596618652344,45.05255889892578,43.979881286621094,44.239112854003906,33.46187973022461,2669985
2012-06-28,44.47152328491211,44.47152328491211,43.60444259643555,43.979881286621094,33.26579284667969,2676250
2012-06-29,44.88271713256836,45.302852630615234,44.23017120361328,45.258155822753906,34.23265075683594,2100682
2012-07-02,45.46375274658203,45.83025360107422,45.079376220703125,45.32966995239258,34.286739349365234,1682627
2012-07-03,45.42799758911133,45.91964340209961,45.070438385009766,45.82131576538086,34.658626556396484,915762
2012-07-05,45.669349670410156,46.849300384521484,45.669349670410156,46.37553024291992,35.07782745361328,2152925
2012-07-06,45.410118103027344,45.59783935546875,45.168766021728516,45.401180267333984,34.67502975463867,1330686
2012-07-09,45.410118103027344,45.84812927246094,45.20452117919922,45.52632522583008,34.770599365234375,1256181
2012-07-10,45.722984313964844,46.01797103881836,44.981048583984375,45.28497314453125,34.58627700805664,1491666
2012-07-11,45.383304595947266,45.64253234863281,44.76651382446289,45.03468322753906,34.395118713378906,1076407
2012-07-12,44.82908630371094,45.24028015136719,44.346378326416016,44.873779296875,34.272220611572266,2283029
2012-07-13,44.37319564819336,45.311790466308594,44.27486801147461,44.891658782958984,34.285892486572266,2263676
2012-07-16,44.891658782958984,45.571022033691406,44.85590362548828,44.981048583984375,34.35416030883789,1242309
2012-07-17,45.14194869995117,45.892826080322266,45.079376220703125,45.84812927246094,35.01637268066406,1350263
2012-07-18,45.67829132080078,46.304019927978516,45.383304595947266,46.01797103881836,35.1461067199707,1387851
2012-07-19,45.901763916015625,46.938690185546875,45.86600875854492,46.56325149536133,35.56255340576172,1407652
2012-07-20,45.6604118347168,45.78555679321289,45.159828186035156,45.67829132080078,34.886661529541016,1543349
2012-07-23,45.061500549316406,45.213462829589844,44.29274368286133,44.60560989379883,34.067413330078125,1798188
2012-07-24,44.73969650268555,44.93635177612305,43.72958755493164,43.979881286621094,33.589515686035156,2039825
2012-07-25,44.50728225708008,44.50728225708008,43.60444259643555,43.845794677734375,33.48710250854492,1033113
2012-07-26,44.569854736328125,45.705108642578125,44.569854736328125,45.579959869384766,34.811561584472656,2405414
2012-07-27,45.67829132080078,46.75096893310547,45.67829132080078,46.47386169433594,35.494293212890625,2313234
2012-07-30,46.47386169433594,46.625823974609375,45.74980163574219,46.348716735839844,35.39870071411133,1599955
2012-07-31,46.24144744873047,46.438106536865234,45.59783935546875,45.74980163574219,34.9412841796875,1322072
2012-08-01,46.00009536743164,46.125240325927734,45.60677719116211,45.84812927246094,35.01637268066406,1617071
2012-08-02,45.58890151977539,45.9732780456543,45.302852630615234,45.76768112182617,34.9549446105957,1401387
2012-08-03,46.4827995300293,47.32306671142578,46.17887496948242,46.88505554199219,35.808326721191406,1229332
2012-08-06,46.91187286376953,47.6180534362793,46.902931213378906,47.224735260009766,36.06776428222656,1371182
2012-08-07,47.546539306640625,48.14545440673828,47.40351867675781,47.47502899169922,36.25893020629883,1542790
2012-08-08,47.15322494506836,47.859405517578125,46.89399337768555,47.79683303833008,36.50471115112305,1274304
2012-08-09,47.92197799682617,48.07394027709961,47.439273834228516,47.47502899169922,36.25893020629883,1200246
2012-08-10,47.224735260009766,47.439273834228516,46.8314208984375,47.24261474609375,36.08141326904297,1633516
2012-08-13,47.25155258178711,47.3051872253418,46.8671760559082,47.260494232177734,36.095069885253906,1144759
2012-08-14,47.51972579956055,48.15439224243164,47.40351867675781,47.73426055908203,36.456912994384766,1571317
2012-08-15,47.82365036010742,48.351051330566406,47.528663635253906,47.69850540161133,36.429603576660156,1398702
2012-08-16,47.72532272338867,48.22590637207031,47.70744323730469,48.1275749206543,36.757301330566406,1351046
2012-08-17,48.10075759887695,48.190147399902344,47.92197799682617,48.15439224243164,36.77778244018555,1075400
2012-08-20,48.038185119628906,48.11863708496094,47.51972579956055,47.78789520263672,36.49787521362305,1157960
2012-08-21,47.761077880859375,48.02924728393555,47.31412887573242,47.51078414916992,36.28622817993164,1363575
2012-08-22,47.51972579956055,47.66274642944336,46.91187286376953,47.24261474609375,36.08141326904297,1026737
2012-08-23,46.759910583496094,46.759910583496094,45.96433639526367,45.991153717041016,35.12561798095703,2213223
2012-08-24,46.026912689208984,46.8314208984375,45.84812927246094,46.7956657409668,35.74005889892578,1242868
2012-08-27,46.97444534301758,47.045955657958984,46.60794448852539,46.634761810302734,35.61717224121094,1156953
2012-08-28,46.65264129638672,46.99232482910156,46.45598220825195,46.56325149536133,35.56255340576172,1021367
2012-08-29,46.68839645385742,47.16216278076172,46.68839645385742,46.91187286376953,35.82880783081055,935004
2012-08-30,46.88505554199219,47.15322494506836,46.58112716674805,46.66157913208008,35.63764572143555,1269046
2012-08-31,47.028079986572266,47.06383514404297,46.3576545715332,46.438106536865234,35.46696853637695,1049782
2012-09-04,46.3218994140625,46.58112716674805,45.85707092285156,46.26826477050781,35.3372688293457,1395906
2012-09-05,46.348716735839844,46.82248306274414,46.14311981201172,46.545372009277344,35.54890060424805,1147220
2012-09-06,46.938690185546875,47.9309196472168,46.77778625488281,47.841529846191406,36.538841247558594,1260656
2012-09-07,47.82365036010742,48.082881927490234,47.626991271972656,47.81471252441406,36.51835250854492,1097662
2012-09-10,47.72532272338867,48.494075775146484,47.72532272338867,48.21696472167969,36.82557678222656,1099004
2012-09-11,48.190147399902344,48.64603805541992,47.993492126464844,48.163333892822266,36.78461456298828,1575568
2012-09-12,48.46725845336914,49.12874221801758,48.34211349487305,48.7890625,37.26250457763672,1725025
2012-09-13,48.359989166259766,49.16450119018555,47.98455047607422,49.012535095214844,37.43318557739258,2140060
2012-09-14,49.075111389160156,49.28070831298828,48.279537200927734,48.30635452270508,36.89384078979492,2052019
2012-09-17,48.32423400878906,48.73542785644531,48.163333892822266,48.69967269897461,37.19424057006836,2077749
2012-09-18,48.52983093261719,49.1376838684082,48.38680648803711,49.03041458129883,37.44684600830078,1502405
2012-09-19,49.012535095214844,49.682960510253906,48.48513412475586,49.43267059326172,37.75406265258789,1857031
2012-09-20,49.16450119018555,49.20025634765625,48.61028289794922,48.914207458496094,37.35809326171875,2537980
2012-09-21,50.827152252197266,51.783626556396484,50.66625213623047,51.140018463134766,39.058048248291016,4125182
2012-09-24,50.308692932128906,51.01487350463867,50.094154357910156,50.62155532836914,38.662071228027344,1811500
2012-09-25,50.80927658081055,50.80927658081055,49.915374755859375,49.92431640625,38.12956237792969,2111310
2012-09-26,50.01370620727539,50.21036148071289,49.6472053527832,49.85280227661133,38.07494354248047,1110974
2012-09-27,50.049461364746094,50.362327575683594,49.84386444091797,49.9600715637207,38.156856536865234,1260767
2012-09-28,49.682960510253906,49.915374755859375,49.182376861572266,49.83492660522461,38.0612907409668,1566506
2012-10-01,49.9600715637207,50.219303131103516,49.56675338745117,49.70977783203125,37.96570587158203,1434053
2012-10-02,49.97794723510742,50.004764556884766,49.396915435791016,49.584632873535156,37.8701286315918,1383488
2012-10-03,49.70977783203125,50.10309600830078,49.45054626464844,49.7723503112793,38.01349639892578,1429466
2012-10-04,50.05839920043945,50.18354415893555,49.629329681396484,50.094154357910156,38.259281158447266,1267480
2012-10-05,49.93325424194336,49.96900939941406,48.97677993774414,49.24494934082031,37.949283599853516,1446359
2012-10-08,49.173439025878906,49.5756950378418,48.994659423828125,49.25389099121094,37.956180572509766,1163777
2012-10-09,49.325401306152344,49.495243072509766,48.78012466430664,48.93208694458008,37.70817947387695,1366372
2012-10-10,49.25389099121094,49.6114501953125,48.815879821777344,48.87845230102539,37.66685104370117,860499
2012-10-11,48.985721588134766,48.985721588134766,48.52089309692383,48.663917541503906,37.50152587890625,1121490
2012-10-12,48.80693817138672,49.06616973876953,48.52983093261719,48.583465576171875,37.439537048339844,781407
2012-10-15,48.73542785644531,48.85163497924805,48.23484420776367,48.43150329589844,37.32242202758789,1412686
2012-10-16,48.83375549316406,49.504180908203125,48.681793212890625,49.38797378540039,38.05949783325195,1203602
2012-10-17,49.54887771606445,49.96900939941406,49.23601150512695,49.25389099121094,37.956180572509766,909386
2012-10-18,49.075111389160156,49.43267059326172,48.92314529418945,49.35221862792969,38.03194046020508,918447
2012-10-19,49.084049224853516,49.084049224853516,47.6895637512207,48.11863708496094,37.08132553100586,1932431
2012-10-22,48.10969924926758,48.15439224243164,47.4929084777832,47.9666748046875,36.964210510253906,1091509
2012-10-23,47.31412887573242,47.91304016113281,47.15322494506836,47.778953552246094,36.81955337524414,1104262
2012-10-24,47.948795318603516,47.948795318603516,46.295082092285156,46.64370346069336,35.94470977783203,2464929
2012-10-25,46.98338317871094,47.3409423828125,46.42916488647461,47.07277297973633,36.27535629272461,1201700
2012-10-26,47.144287109375,47.144287109375,46.68839645385742,46.96550750732422,36.19269943237305,1271731
2012-10-31,47.28731155395508,47.50184631347656,46.59006881713867,47.037017822265625,36.247802734375,895626
2012-11-01,47.31412887573242,47.778953552246094,47.09065246582031,47.55548095703125,36.6473503112793,1067233
2012-11-02,47.79683303833008,47.9309196472168,46.98338317871094,47.045955657958984,36.25468826293945,1856136
2012-11-05,46.88505554199219,47.41245651245117,46.50961685180664,47.38563919067383,36.5164680480957,1577358
2012-11-06,47.59123611450195,48.45832061767578,47.42139434814453,48.33317184448242,37.24665069580078,1433606
2012-11-07,47.9666748046875,48.038185119628906,47.06383514404297,47.144287109375,36.330467224121094,1895626
2012-11-08,47.028079986572266,47.15322494506836,45.722984313964844,45.901763916015625,35.37295150756836,1565052
2012-11-09,45.84812927246094,46.295082092285156,45.54420471191406,46.134178161621094,35.55204772949219,1055487
2012-11-12,46.223567962646484,46.223567962646484,45.59783935546875,45.91964340209961,35.38672637939453,911623
2012-11-13,45.705108642578125,46.304019927978516,45.45481491088867,45.812374114990234,35.30406951904297,643472
2012-11-14,45.91964340209961,46.1699333190918,44.91847610473633,44.998924255371094,34.67720413208008,902338
2012-11-15,44.91847610473633,45.624656677246094,44.873779296875,45.12407302856445,34.77364730834961,1412127
2012-11-16,45.2224006652832,45.571022033691406,44.69499969482422,45.51738739013672,35.07673645019531,1110191
2012-11-19,45.937522888183594,46.491737365722656,45.722984313964844,46.393409729003906,35.7518310546875,1097886
2012-11-20,46.402347564697266,47.135345458984375,46.33977508544922,46.92081069946289,36.15825271606445,1512809
2012-11-21,46.92974853515625,47.27836990356445,46.706275939941406,46.99232482910156,36.213356018066406,816870
2012-11-23,47.16216278076172,47.9309196472168,47.16216278076172,47.850467681884766,36.87466812133789,512809
2012-11-26,47.59123611450195,47.778953552246094,47.028079986572266,47.59123611450195,36.67489242553711,1019577
2012-11-27,47.6180534362793,47.80577087402344,47.19792175292969,47.33200454711914,36.47513198852539,915203
2012-11-28,47.269432067871094,48.13651657104492,46.57218933105469,48.13651657104492,37.0951042175293,1342096
2012-11-29,48.22590637207031,48.4404411315918,47.841529846191406,47.957733154296875,36.95731735229492,998322
2012-11-30,47.6180534362793,47.66274642944336,47.09065246582031,47.269432067871094,36.426902770996094,1666741
2012-12-03,47.50184631347656,47.66274642944336,46.813541412353516,46.858238220214844,36.110023498535156,1263340
2012-12-04,42.90719985961914,43.425662994384766,41.63786315917969,42.3708610534668,32.65196228027344,11776709
2012-12-05,42.04905700683594,42.32616424560547,41.700435638427734,42.192081451416016,32.514183044433594,2621546
2012-12-06,42.013301849365234,42.32616424560547,41.780887603759766,42.04905700683594,32.403968811035156,2181228
2012-12-07,42.1295051574707,42.290409088134766,41.459083557128906,41.709373474121094,32.1422004699707,1940709
2012-12-10,41.71831130981445,42.13844680786133,41.6199836730957,41.84346008300781,32.24553298950195,2111757
2012-12-11,42.013301849365234,42.07587432861328,41.19091033935547,41.396507263183594,31.901090621948242,2449715
2012-12-12,41.64680099487305,41.64680099487305,40.59199905395508,40.94062042236328,31.549787521362305,3905247
2012-12-13,40.654571533203125,41.21772766113281,40.45791244506836,41.047889709472656,31.6324520111084,3000671
2012-12-14,41.056827545166016,41.64680099487305,40.86910629272461,41.53059387207031,32.00442123413086,2279561
2012-12-17,41.53953170776367,42.13844680786133,41.32499694824219,41.90603256225586,32.29375076293945,1811836
2012-12-18,42.04905700683594,42.4423713684082,41.807701110839844,42.21889877319336,32.53485107421875,2850766
2012-12-19,42.4066162109375,42.4066162109375,41.84346008300781,41.84346008300781,32.24553298950195,1650856
2012-12-20,41.75407028198242,41.92390823364258,40.448974609375,40.645633697509766,31.32245445251465,3405526
2012-12-21,40.2880744934082,40.61881637573242,39.81430435180664,40.341705322265625,31.088245391845703,3404743
2012-12-24,40.39533996582031,40.39533996582031,39.89475631713867,40.1003532409668,30.902246475219727,745274
2012-12-26,40.21656036376953,40.21656036376953,39.653404235839844,39.79642868041992,30.66804313659668,1126636
2012-12-27,39.841121673583984,40.010963439941406,39.43886947631836,39.912635803222656,30.757593154907227,1669426
2012-12-28,39.57295227050781,39.95732879638672,39.510379791259766,39.72491455078125,30.612934112548828,2129097
2012-12-31,39.555076599121094,40.30595016479492,39.47462463378906,40.2880744934082,31.046913146972656,1886229
2013-01-02,40.833351135253906,41.03001022338867,40.07353591918945,40.58306121826172,31.274232864379883,1950777
2013-01-03,40.30595016479492,40.45791244506836,39.94839096069336,40.08247756958008,30.888477325439453,2025730
2013-01-04,40.20762252807617,41.63786315917969,40.20762252807617,41.53059387207031,32.00442123413086,2979864
2013-01-07,41.557411193847656,41.557411193847656,40.89592361450195,41.155155181884766,31.715103149414062,2029757
2013-01-08,40.44003677368164,40.60987854003906,40.145050048828125,40.50260925292969,31.5549259185791,2035910
2013-01-09,40.58306121826172,40.95849609375,40.51154708862305,40.94062042236328,31.896183013916016,2043517
2013-01-10,41.11940002441406,41.11940002441406,40.18080520629883,40.44003677368164,31.506189346313477,1805459
2013-01-11,40.448974609375,40.52942657470703,39.742794036865234,40.153987884521484,31.2833251953125,2302942
2013-01-14,40.18080520629883,40.27913284301758,39.85006332397461,39.90369415283203,31.08832359313965,1699071
2013-01-15,39.921573638916016,40.60093688964844,39.912635803222656,40.52048873901367,31.5688533782959,1654771
2013-01-16,40.466854095458984,40.59199905395508,40.055660247802734,40.54730224609375,31.589744567871094,1491554
2013-01-17,40.735023498535156,40.9227409362793,40.323829650878906,40.574119567871094,31.610631942749023,1525338
2013-01-18,40.565181732177734,40.77077865600586,40.466854095458984,40.565181732177734,31.603675842285156,1388970
2013-01-22,40.2880744934082,41.19091033935547,39.98414611816406,41.00319290161133,31.944927215576172,2023828
2013-01-23,40.9227409362793,41.199851989746094,40.67245101928711,40.67245101928711,31.687255859375,1174069
2013-01-24,40.77077865600586,41.244544982910156,40.70820617675781,40.94955825805664,31.903156280517578,2399597
2013-01-25,41.146217346191406,41.17303466796875,40.636695861816406,41.00319290161133,31.944927215576172,1963419
2013-01-28,40.99425506591797,41.22666931152344,40.886985778808594,41.03001022338867,31.9658203125,1701533
2013-01-29,41.03001022338867,41.22666931152344,40.7975959777832,41.1104621887207,32.02849578857422,1145878
2013-01-30,41.03001022338867,41.8970947265625,40.94062042236328,41.64680099487305,32.446346282958984,2412462
2013-01-31,41.566349029541016,41.66468048095703,41.21772766113281,41.566349029541016,32.383670806884766,2011299
2013-02-01,41.611045837402344,42.17420196533203,41.387569427490234,41.870277404785156,32.62045669555664,2905470
2013-02-04,41.789825439453125,42.3708610534668,41.57529067993164,41.95072555541992,32.68313217163086,3794049
2013-02-05,42.04905700683594,42.290409088134766,41.81664276123047,41.870277404785156,32.62045669555664,2454861
2013-02-06,41.82558059692383,42.32616424560547,41.655738830566406,42.299346923828125,32.95473861694336,2356863
2013-02-07,42.335105895996094,42.746299743652344,42.08481216430664,42.290409088134766,32.94776916503906,2391431
2013-02-08,42.379798889160156,42.379798889160156,41.99542236328125,42.335105895996094,32.98259735107422,1586307
2013-02-11,42.290409088134766,42.46025085449219,41.98648452758789,42.08481216430664,32.78760528564453,1527800
2013-02-12,42.013301849365234,42.04011535644531,41.53953170776367,41.84346008300781,32.599571228027344,1488533
2013-02-13,41.41438674926758,41.476959228515625,40.71714401245117,40.99425506591797,31.93796730041504,2974829
2013-02-14,40.9227409362793,41.03894805908203,40.556243896484375,40.69032669067383,31.7011775970459,1748294
2013-02-15,40.67245101928711,41.10152053833008,40.27913284301758,40.35958480834961,31.443500518798828,2196443
2013-02-19,40.49367141723633,40.985313415527344,40.27019500732422,40.448974609375,31.51313018798828,2402170
2013-02-20,40.51154708862305,40.878047943115234,40.04671859741211,40.09141540527344,31.234575271606445,2457098
2013-02-21,40.07353591918945,40.49367141723633,39.429927825927734,39.99308776855469,31.157968521118164,4378118
2013-02-22,40.341705322265625,41.700435638427734,40.27913284301758,41.32499694824219,32.19563674926758,8571093
2013-02-25,41.3071174621582,41.611045837402344,40.431095123291016,40.448974609375,31.51313018798828,3829623
2013-02-26,40.12717056274414,41.11940002441406,40.055660247802734,40.93168258666992,31.88921546936035,3089719
2013-02-27,41.3071174621582,42.120567321777344,41.19091033935547,41.86133575439453,32.61349105834961,2519633
2013-02-28,41.86133575439453,41.870277404785156,41.2713623046875,41.36075210571289,32.223487854003906,2368162
2013-03-01,41.065765380859375,41.3071174621582,40.60987854003906,41.28030014038086,32.16081619262695,3774583
2013-03-04,41.28030014038086,41.700435638427734,41.26242446899414,41.36075210571289,32.223487854003906,2064437
2013-03-05,41.566349029541016,41.798763275146484,41.42332458496094,41.67361831665039,32.46724319458008,1290860
2013-03-06,41.700435638427734,42.424495697021484,41.700435638427734,42.24571228027344,32.91294860839844,2281799
2013-03-07,42.24571228027344,42.49600601196289,41.8970947265625,42.4423713684082,33.06615447998047,1916434
2013-03-08,42.63009262084961,42.63903045654297,41.95072555541992,42.30828857421875,32.96170425415039,1531267
2013-03-11,42.17420196533203,42.612213134765625,42.066932678222656,42.54070281982422,33.14276885986328,1395906
2013-03-12,42.57645797729492,42.8803825378418,42.50494384765625,42.844627380371094,33.379554748535156,1626692
2013-03-13,42.82674789428711,43.95306396484375,42.82674789428711,43.81003952026367,34.1317024230957,2900436
2013-03-14,43.81897735595703,43.91730880737305,43.48823547363281,43.69383239746094,34.04115676879883,1250364
2013-03-15,43.47929763793945,44.27486801147461,43.47035598754883,44.13184356689453,34.38241195678711,2324309
2013-03-18,43.756404876708984,43.90836715698242,43.38990783691406,43.69383239746094,34.04115676879883,1349592
2013-03-19,43.71171188354492,43.80110168457031,43.29157638549805,43.49717330932617,33.8879508972168,1075959
2013-03-20,43.59550476074219,43.95306396484375,43.30945587158203,43.568687438964844,33.94365692138672,1559235
2013-03-21,43.40778350830078,43.836856842041016,43.1932487487793,43.765342712402344,34.096885681152344,2289070
2013-03-22,43.622318267822266,44.578792572021484,43.49717330932617,44.355316162109375,34.5565185546875,2631502
2013-03-25,44.88271713256836,45.50844955444336,44.60560989379883,45.03468322753906,35.08579635620117,2951784
2013-03-26,45.10619354248047,45.311790466308594,44.70393753051758,45.311790466308594,35.30168151855469,1851885
2013-03-27,45.14194869995117,45.33860778808594,44.802268981933594,45.28497314453125,35.280792236328125,974270
2013-03-28,45.2224006652832,46.3576545715332,45.1866455078125,46.19675064086914,35.99114227294922,2289742
2013-04-01,46.25038528442383,46.25038528442383,45.44587707519531,45.49951171875,35.447940826416016,1882313
2013-04-02,45.74086380004883,46.035850524902344,45.68722915649414,45.883888244628906,35.74738693237305,1868442
2013-04-03,46.05372619628906,46.4827995300293,45.14194869995117,45.24028015136719,35.245975494384766,1895514
2013-04-04,45.42799758911133,45.91070556640625,45.41905975341797,45.6604118347168,35.57329559326172,3975836
2013-04-05,45.20452117919922,45.32072830200195,44.63242721557617,45.17770767211914,35.197227478027344,3740128
2013-04-08,44.68606185913086,44.91847610473633,44.239112854003906,44.60560989379883,35.09874725341797,1575791
2013-04-09,44.63242721557617,44.88271713256836,43.49717330932617,43.8904914855957,34.536048889160156,4167133
2013-04-10,44.10502624511719,45.01680374145508,44.0156364440918,44.846961975097656,35.288658142089844,2254167
2013-04-11,44.77545166015625,45.1866455078125,44.3642578125,44.54303741455078,35.04951095581055,2452735
2013-04-12,44.45364761352539,45.04362106323242,44.41789245605469,44.92741394042969,35.351966857910156,1639221
2013-04-15,44.802268981933594,45.11513137817383,43.515052795410156,43.63125991821289,34.33207321166992,1781184
2013-04-16,43.99775695800781,44.31062316894531,43.58656311035156,44.19441604614258,34.77519226074219,1816534
2013-04-17,43.8904914855957,44.0156364440918,43.23794174194336,43.59550476074219,34.30392837524414,1243092
2013-04-18,43.67595291137695,43.82791519165039,43.13067626953125,43.64913558959961,34.346126556396484,1454861
2013-04-19,43.87261199951172,43.95306396484375,43.515052795410156,43.7027702331543,34.388336181640625,929299
2013-04-22,43.80110168457031,43.96200180053711,43.336273193359375,43.854732513427734,34.507904052734375,1207853
2013-04-23,44.00669860839844,44.88271713256836,43.86367416381836,44.587730407714844,35.084686279296875,2293545
2013-04-24,44.73969650268555,45.32072830200195,44.650306701660156,45.00786590576172,35.41526794433594,2347802
2013-04-25,45.392242431640625,45.94646072387695,45.27603530883789,45.56208419799805,35.85136795043945,1948316
2013-04-26,45.42799758911133,45.892826080322266,45.3475456237793,45.579959869384766,35.86542510986328,1179886
2013-04-29,45.722984313964844,45.722984313964844,45.32072830200195,45.481632232666016,35.78805923461914,1141627
2013-04-30,45.85707092285156,46.15205764770508,45.59783935546875,46.15205764770508,36.31559371948242,2127643
2013-05-01,45.9732780456543,46.447044372558594,45.92858123779297,46.205692291259766,36.3577995300293,1884663
2013-05-02,46.205692291259766,46.92081069946289,46.009033203125,46.77778625488281,36.80796813964844,1960175
2013-05-03,46.92974853515625,47.64487075805664,46.849300384521484,47.215797424316406,37.152626037597656,1808368
2013-05-06,47.15322494506836,47.55548095703125,47.07277297973633,47.29624938964844,37.21592330932617,808032
2013-05-07,47.40351867675781,47.6180534362793,47.09959030151367,47.51972579956055,37.39176940917969,822351
2013-05-08,47.37670135498047,47.65380859375,47.144287109375,47.65380859375,37.49728012084961,1016221
2013-05-09,47.74319839477539,47.761077880859375,47.09065246582031,47.367759704589844,37.272193908691406,793489
2013-05-10,47.41245651245117,48.01136779785156,47.41245651245117,47.87728500366211,37.67313003540039,763173
2013-05-13,47.80577087402344,48.038185119628906,47.439273834228516,47.51972579956055,37.39176940917969,1050006
2013-05-14,47.582298278808594,48.091819763183594,47.24261474609375,48.05606460571289,37.81380081176758,1007831
2013-05-15,47.948795318603516,48.45832061767578,47.92197799682617,48.190147399902344,37.919315338134766,1114666
2013-05-16,48.04712677001953,48.04712677001953,47.16216278076172,47.1800422668457,37.124488830566406,1644367
2013-05-17,47.224735260009766,47.761077880859375,47.117469787597656,47.761077880859375,37.58169937133789,1254167
2013-05-20,47.770015716552734,48.04712677001953,47.4929084777832,47.778953552246094,37.59575653076172,673453
2013-05-21,47.87728500366211,48.038185119628906,47.6895637512207,47.957733154296875,37.73641586303711,926726
2013-05-22,47.88622283935547,48.06500244140625,46.92081069946289,47.037017822265625,37.01194763183594,1349592
2013-05-23,46.706275939941406,47.59123611450195,46.545372009277344,47.57335662841797,37.43396759033203,794272
2013-05-24,47.126407623291016,47.37670135498047,46.92974853515625,47.224735260009766,37.159664154052734,1120595
2013-05-28,47.60017395019531,47.91304016113281,47.38563919067383,47.671688079833984,37.51134490966797,833091
2013-05-29,47.40351867675781,47.66274642944336,47.20685958862305,47.29624938964844,37.21592330932617,1044300
2013-05-30,47.439273834228516,47.57335662841797,46.84035873413086,46.91187286376953,36.91347122192383,844613
2013-05-31,46.87611770629883,47.260494232177734,46.295082092285156,46.304019927978516,36.4351692199707,1101130
2013-06-03,46.402347564697266,47.028079986572266,46.393409729003906,46.98338317871094,36.96974563598633,983667
2013-06-04,47.135345458984375,48.190147399902344,47.135345458984375,47.626991271972656,37.4761848449707,1660812
2013-06-05,47.546539306640625,47.546539306640625,46.88505554199219,47.144287109375,37.096351623535156,1196778
2013-06-06,47.126407623291016,47.6895637512207,47.00126266479492,47.65380859375,37.49728012084961,1039154
2013-06-07,47.859405517578125,48.56558609008789,47.72532272338867,48.4761962890625,38.14439392089844,1031995
2013-06-10,48.771183013916016,49.38797378540039,48.45832061767578,48.860572814941406,38.44684600830078,997091
2013-06-11,48.52983093261719,48.994659423828125,48.32423400878906,48.4761962890625,38.14439392089844,1080882
2013-06-12,48.5119514465332,48.52983093261719,46.55431365966797,47.08171463012695,37.047115325927734,2987918
2013-06-13,47.117469787597656,47.81471252441406,46.87611770629883,47.626991271972656,37.4761848449707,1437297
2013-06-14,47.56441879272461,47.69850540161133,46.902931213378906,46.96550750732422,36.9556770324707,978745
2013-06-17,47.32306671142578,47.51078414916992,46.902931213378906,47.171104431152344,37.117462158203125,1435060
2013-06-18,47.15322494506836,47.66274642944336,47.037017822265625,47.4929084777832,37.37068176269531,1761383
2013-06-19,47.6180534362793,47.957733154296875,46.98338317871094,47.037017822265625,37.01194763183594,1781519
2013-06-20,46.849300384521484,47.05489730834961,45.571022033691406,45.794498443603516,36.03424835205078,2728158
2013-06-21,45.5352668762207,45.58890151977539,43.60444259643555,44.802268981933594,35.25349426269531,6415706
2013-06-24,44.23017120361328,44.30168533325195,43.29157638549805,43.82791519165039,34.4868049621582,3799978
2013-06-25,44.23017120361328,44.28380584716797,43.532928466796875,43.86367416381836,34.514949798583984,3381027
2013-06-26,44.158660888671875,44.63242721557617,43.98881912231445,44.29274368286133,34.85256576538086,1404296
2013-06-27,44.63242721557617,44.95423126220703,44.0871467590332,44.167598724365234,34.754093170166016,1766864
2013-06-28,44.158660888671875,45.3475456237793,43.89942932128906,45.12407302856445,35.506710052490234,3890480
2013-07-01,45.3475456237793,45.83919143676758,45.1508903503418,45.26709747314453,35.61924743652344,1842488
2013-07-02,45.258155822753906,45.75873947143555,45.168766021728516,45.50844955444336,35.809165954589844,1575568
2013-07-03,45.258155822753906,45.67829132080078,44.998924255371094,45.55314254760742,35.84433364868164,751538
2013-07-05,45.892826080322266,46.00009536743164,45.44587707519531,45.883888244628906,36.10457229614258,726144
2013-07-08,45.67829132080078,46.393409729003906,45.67829132080078,46.23250961303711,36.77293014526367,1576015
2013-07-09,46.491737365722656,46.69733428955078,46.25932312011719,46.38447189331055,36.893798828125,923929
2013-07-10,46.312957763671875,46.38447189331055,45.168766021728516,45.54420471191406,36.2254524230957,1795391
2013-07-11,45.91964340209961,46.035850524902344,44.96316909790039,45.1866455078125,35.94105529785156,1737666
2013-07-12,45.2224006652832,45.46375274658203,44.981048583984375,45.079376220703125,35.855735778808594,1703994
2013-07-15,44.96316909790039,45.74980163574219,44.96316909790039,45.722984313964844,36.367652893066406,1781295
2013-07-16,45.36542510986328,45.6604118347168,44.76651382446289,44.998924255371094,35.79174041748047,1171496
2013-07-17,45.05255889892578,45.213462829589844,44.14971923828125,44.30168533325195,35.2371711730957,1390200
2013-07-18,44.51622009277344,44.79332733154297,44.51622009277344,44.757572174072266,35.59977722167969,1510124
2013-07-19,44.82908630371094,44.86484146118164,44.20335388183594,44.239112854003906,35.187408447265625,1232688
2013-07-22,44.21229553222656,44.41789245605469,43.926246643066406,43.99775695800781,34.995426177978516,1314577
2013-07-23,44.19441604614258,44.248050689697266,43.854732513427734,43.98881912231445,34.98832321166992,1284819
2013-07-24,43.98881912231445,44.0871467590332,43.04128646850586,43.246883392333984,34.39818572998047,1553865
2013-07-25,43.04128646850586,43.27370071411133,42.692665100097656,43.255821228027344,34.405296325683594,1558340
2013-07-26,43.07704162597656,43.756404876708984,43.05022430419922,43.738525390625,34.789241790771484,1939255
2013-07-29,43.80110168457031,44.09608840942383,43.63125991821289,43.81897735595703,34.85322570800781,1112652
2013-07-30,43.91730880737305,44.10502624511719,43.7027702331543,43.81897735595703,34.85322570800781,1149681
2013-07-31,43.81897735595703,44.355316162109375,43.77428436279297,43.845794677734375,34.87455368041992,1476787
2013-08-01,44.14078140258789,44.64136505126953,44.0871467590332,44.30168533325195,35.2371711730957,1543909
2013-08-02,44.42683029174805,44.668182373046875,44.10502624511719,44.587730407714844,35.46468734741211,1193758
2013-08-05,44.42683029174805,44.54303741455078,43.89942932128906,44.355316162109375,35.27983093261719,1116568
2013-08-06,44.37319564819336,44.82908630371094,43.97093963623047,44.024574279785156,35.01675033569336,1602752
2013-08-07,44.00669860839844,44.68606185913086,43.935184478759766,44.40895080566406,35.322479248046875,1019018
2013-08-08,44.569854736328125,44.677120208740234,44.22123336791992,44.28380584716797,35.22295379638672,820114
2013-08-09,44.29274368286133,44.668182373046875,44.176536560058594,44.30168533325195,35.2371711730957,985681
2013-08-12,44.14078140258789,44.29274368286133,43.854732513427734,44.033512115478516,35.023868560791016,1206287
2013-08-13,43.96200180053711,43.99775695800781,43.5418701171875,43.926246643066406,34.93854522705078,955923
2013-08-14,43.79216003417969,43.845794677734375,43.39884567260742,43.58656311035156,34.668373107910156,1225529
2013-08-15,43.2647590637207,43.336273193359375,42.612213134765625,42.76417541503906,34.01425552368164,1712943
2013-08-16,42.73735809326172,42.99658966064453,42.54964065551758,42.82674789428711,34.06401062011719,1199687
2013-08-19,42.835689544677734,42.95189666748047,42.46918869018555,42.59433364868164,33.8791618347168,1195995
2013-08-20,42.65690612792969,43.32733154296875,42.54964065551758,42.76417541503906,34.01425552368164,2889249
2013-08-21,42.46025085449219,42.87144470214844,41.73619079589844,41.95072555541992,33.36724090576172,2160532
2013-08-22,42.15632247924805,42.57645797729492,42.0579948425293,42.25465393066406,33.60897445678711,1423985
2013-08-23,42.23677444458008,42.4423713684082,41.67361831665039,42.022239685058594,33.424110412597656,2104486
2013-08-26,42.15632247924805,42.35298156738281,41.888153076171875,41.95072555541992,33.36724090576172,973934
2013-08-27,41.62892150878906,41.8970947265625,41.396507263183594,41.53059387207031,33.03306198120117,1556662
2013-08-28,41.43226623535156,41.879215240478516,41.21772766113281,41.44120407104492,32.96195983886719,1203267
2013-08-29,41.468021392822266,41.807701110839844,41.41438674926758,41.611045837402344,33.0970573425293,883768
2013-08-30,41.35181427001953,41.52165603637695,41.11940002441406,41.3071174621582,32.855316162109375,1200582
2013-09-03,41.780887603759766,41.91497039794922,40.86016845703125,41.3071174621582,32.855316162109375,1696275
2013-09-04,41.289241790771484,41.9328498840332,41.146217346191406,41.807701110839844,33.25347137451172,1540217
2013-09-05,41.76300811767578,42.18313980102539,41.75407028198242,41.888153076171875,33.31747055053711,1189730
2013-09-06,42.35298156738281,42.81781005859375,41.9328498840332,42.41555404663086,33.73695373535156,1924376
2013-09-09,42.46918869018555,42.835689544677734,42.46918869018555,42.59433364868164,33.8791618347168,1115225
2013-09-10,42.77311325073242,42.97871017456055,42.621150970458984,42.78205490112305,34.02846145629883,934221
2013-09-11,42.85356521606445,43.29157638549805,42.73735809326172,43.29157638549805,34.43373489379883,745721
2013-09-12,43.255821228027344,43.613380432128906,42.95189666748047,43.09491729736328,34.277313232421875,1078868
2013-09-13,43.18430709838867,43.39884567260742,42.710540771484375,43.23794174194336,34.39107131958008,1168363
2013-09-16,43.63125991821289,44.033512115478516,43.532928466796875,43.667015075683594,34.73235321044922,2172838
2013-09-17,43.613380432128906,44.560916900634766,43.58656311035156,44.31956100463867,35.25139236450195,1716635
2013-09-18,44.248050689697266,44.5251579284668,43.935184478759766,44.5251579284668,35.41492462158203,1244099
2013-09-19,44.49834060668945,44.51622009277344,43.72958755493164,44.069271087646484,35.052303314208984,2070813
2013-09-20,42.433433532714844,42.7552375793457,40.86910629272461,40.9227409362793,32.549583435058594,7097438
2013-09-23,40.94955825805664,41.396507263183594,40.02884292602539,41.35181427001953,32.890869140625,4137823
2013-09-24,41.44120407104492,41.63786315917969,41.16409683227539,41.49483871459961,33.00462341308594,2374986
2013-09-25,41.48590087890625,41.52165603637695,41.10152053833008,41.11940002441406,32.70600128173828,2187940
2013-09-26,41.20878982543945,41.51271438598633,40.90486526489258,41.51271438598633,33.018856048583984,1880300
2013-09-27,41.3071174621582,41.789825439453125,41.2713623046875,41.7451286315918,33.20370101928711,1575008
2013-09-30,41.387569427490234,41.63786315917969,41.16409683227539,41.378631591796875,32.91220474243164,1494351
2013-10-01,41.40544891357422,41.92390823364258,41.396507263183594,41.888153076171875,33.31747055053711,1550956
2013-10-02,41.51271438598633,41.67361831665039,41.2356071472168,41.62892150878906,33.111270904541016,1401611
2013-10-03,41.468021392822266,41.52165603637695,40.60987854003906,41.074703216552734,32.670448303222656,2387851
2013-10-04,41.12833786010742,41.76300811767578,41.056827545166016,41.76300811767578,33.21792984008789,5446806
2013-10-07,41.45014190673828,41.557411193847656,40.99425506591797,41.02107238769531,32.6277961730957,4451728
2013-10-08,41.378631591796875,41.92390823364258,41.09258270263672,41.369693756103516,33.30425262451172,3046761
2013-10-09,41.34287643432617,45.74086380004883,40.833351135253906,44.31062316894531,35.67180252075195,14076295
2013-10-10,44.23017120361328,44.59667205810547,43.60444259643555,44.49834060668945,35.82293701171875,3841929
2013-10-11,44.3285026550293,45.1508903503418,44.033512115478516,45.14194869995117,36.341060638427734,3179103
2013-10-14,44.85590362548828,45.63359451293945,44.70393753051758,45.55314254760742,36.672088623046875,2808032
2013-10-15,45.392242431640625,45.9732780456543,45.213462829589844,45.59783935546875,36.70806121826172,5281799
2013-10-16,45.803436279296875,45.86600875854492,45.11513137817383,45.28497314453125,36.456199645996094,4003692
2013-10-17,45.1866455078125,47.144287109375,44.40895080566406,46.304019927978516,37.276573181152344,6165119
2013-10-18,46.545372009277344,46.76884841918945,46.3218994140625,46.545372009277344,37.47087860107422,2020472
2013-10-21,46.45598220825195,46.57218933105469,46.28614044189453,46.545372009277344,37.47087860107422,1349032
2013-10-22,46.57218933105469,46.68839645385742,46.36659240722656,46.438106536865234,37.384521484375,1156729
2013-10-23,46.18781280517578,46.37553024291992,45.50844955444336,45.624656677246094,36.72966384887695,1933550
2013-10-24,45.59783935546875,46.080543518066406,45.45481491088867,46.026912689208984,37.05349349975586,1308200
2013-10-25,46.14311981201172,46.25038528442383,45.722984313964844,46.214630126953125,37.20460891723633,1054704
2013-10-28,46.295082092285156,46.295082092285156,45.82131576538086,46.06266784667969,37.08228302001953,1292986
2013-10-29,46.3576545715332,47.045955657958984,46.25038528442383,47.01913833618164,37.852264404296875,1827497
2013-10-30,47.08171463012695,47.10852813720703,46.5185546875,46.68839645385742,37.58601760864258,825931
2013-10-31,46.59006881713867,46.616886138916016,45.937522888183594,46.06266784667969,37.08228302001953,1101801
2013-11-01,46.16099548339844,46.25038528442383,45.705108642578125,46.01797103881836,37.04629135131836,1042287
2013-11-04,46.09842300415039,46.50067901611328,46.05372619628906,46.47386169433594,37.413307189941406,1055935
2013-11-05,46.45598220825195,47.349884033203125,46.27720260620117,47.3409423828125,38.1113395690918,1646269
2013-11-06,47.37670135498047,47.57335662841797,47.09959030151367,47.43033218383789,38.18330383300781,1067345
2013-11-07,47.38563919067383,47.4929084777832,46.491737365722656,46.60794448852539,37.521240234375,1325652
2013-11-08,46.60794448852539,46.76884841918945,46.402347564697266,46.625823974609375,37.53562927246094,929746
2013-11-11,46.59006881713867,46.92974853515625,46.33977508544922,46.616886138916016,37.5284423828125,1133796
2013-11-12,46.3576545715332,46.616886138916016,46.18781280517578,46.41128921508789,37.36293029785156,1306969
2013-11-13,46.05372619628906,46.77778625488281,45.9732780456543,46.6705207824707,37.571624755859375,1087706
2013-11-14,46.65264129638672,47.16216278076172,46.59006881713867,47.07277297973633,37.89544677734375,804117
2013-11-15,47.09065246582031,48.163333892822266,46.96550750732422,47.82365036010742,38.49993896484375,1797628
2013-11-18,47.841529846191406,47.993492126464844,47.28731155395508,47.51078414916992,38.24806594848633,1193310
2013-11-19,47.367759704589844,47.546539306640625,46.8314208984375,47.16216278076172,37.96741485595703,1592124
2013-11-20,47.18898010253906,47.75213623046875,47.117469787597656,47.3409423828125,38.1113395690918,1440318
2013-11-21,47.60017395019531,48.082881927490234,47.117469787597656,47.88622283935547,38.55030822753906,1272849
2013-11-22,47.82365036010742,48.261661529541016,47.66274642944336,48.15439224243164,38.766197204589844,889361
2013-11-25,48.32423400878906,48.34211349487305,47.82365036010742,47.841529846191406,38.514339447021484,701421
2013-11-26,47.75213623046875,47.97561264038086,47.537601470947266,47.582298278808594,38.305641174316406,1124622
2013-11-27,47.537601470947266,48.02030944824219,47.43033218383789,47.81471252441406,38.49273681640625,1234366
2013-11-29,47.88622283935547,47.939857482910156,47.448211669921875,47.671688079833984,38.377593994140625,510012
2013-12-02,47.546539306640625,47.75213623046875,47.00126266479492,47.29624938964844,38.07535171508789,1866987
2013-12-03,46.98338317871094,47.126407623291016,46.312957763671875,46.66157913208008,37.564414978027344,1278107
2013-12-04,46.56325149536133,46.91187286376953,46.348716735839844,46.67945861816406,37.57882308959961,1537197
2013-12-05,46.69733428955078,46.92081069946289,46.42916488647461,46.536434173583984,37.463680267333984,822016
2013-12-06,46.88505554199219,47.15322494506836,46.82248306274414,46.91187286376953,37.76591110229492,1151583
2013-12-09,46.8671760559082,47.09065246582031,46.55431365966797,46.73309326171875,37.62199401855469,1252153
2013-12-10,46.6705207824707,46.82248306274414,46.23250961303711,46.33083724975586,37.29816436767578,1112429
2013-12-11,46.26826477050781,46.46492385864258,45.7319221496582,46.009033203125,37.039100646972656,2403065
2013-12-12,46.0447883605957,46.18781280517578,45.311790466308594,45.92858123779297,36.97433090209961,1205951
2013-12-13,46.10736083984375,46.23250961303711,45.87494659423828,46.15205764770508,37.154232025146484,1213111
2013-12-16,46.25038528442383,47.15322494506836,46.214630126953125,46.74203109741211,37.62919235229492,2142857
2013-12-17,46.706275939941406,47.37670135498047,46.447044372558594,46.77778625488281,37.65797805786133,1829847
2013-12-18,46.89399337768555,47.31412887573242,46.60794448852539,47.3051872253418,38.082550048828125,2279673
2013-12-19,46.295082092285156,46.3218994140625,44.11396408081055,45.60677719116211,36.71527862548828,16620092
2013-12-20,45.56208419799805,45.669349670410156,45.168766021728516,45.669349670410156,36.7656364440918,4815975
2013-12-23,46.4827995300293,49.06616973876953,45.991153717041016,48.583465576171875,39.11162567138672,6276317
2013-12-24,48.494075775146484,48.69073486328125,48.261661529541016,48.279537200927734,38.866939544677734,1428907
2013-12-26,48.28847885131836,48.63710021972656,48.19908905029297,48.55664825439453,39.09002685546875,1000447
2013-12-27,48.85163497924805,49.03041458129883,48.41362380981445,48.56558609008789,39.09720993041992,845397
2013-12-30,48.52089309692383,49.012535095214844,48.34211349487305,48.69073486328125,39.197975158691406,1081888
2013-12-31,48.681793212890625,48.896331787109375,48.41362380981445,48.601341247558594,39.126007080078125,804900
2014-01-02,48.43150329589844,48.574527740478516,47.64487075805664,47.66274642944336,38.370399475097656,1994295
2014-01-03,47.582298278808594,47.82365036010742,47.224735260009766,47.38563919067383,38.14732360839844,2041168
2014-01-06,46.99232482910156,47.09065246582031,46.17887496948242,46.491737365722656,37.42768859863281,2511243
2014-01-07,46.74203109741211,47.24261474609375,46.74203109741211,47.00126266479492,37.83788299560547,1656002
2014-01-08,46.10736083984375,46.527496337890625,45.85707092285156,46.134178161621094,37.532440185546875,2089160
2014-01-09,46.080543518066406,46.27720260620117,45.74980163574219,45.892826080322266,37.33609390258789,901667
2014-01-10,46.116302490234375,46.7956657409668,46.05372619628906,46.59006881713867,37.90333938598633,1486967
2014-01-13,46.527496337890625,46.59006881713867,45.33860778808594,45.43693542480469,36.965206146240234,1249133
2014-01-14,45.5352668762207,45.87494659423828,45.35648727416992,45.7319221496582,37.20518112182617,1022821
2014-01-15,45.87494659423828,46.402347564697266,45.6604118347168,46.36659240722656,37.72152328491211,1280009
2014-01-16,46.41128921508789,47.19792175292969,46.25932312011719,46.69733428955078,37.9905891418457,2226088
2014-01-17,46.393409729003906,46.42916488647461,45.46375274658203,45.55314254760742,37.05974197387695,1230898
2014-01-21,45.91964340209961,46.214630126953125,45.11513137817383,45.383304595947266,36.92156982421875,1323079
2014-01-22,45.82131576538086,46.026912689208984,45.24028015136719,45.481632232666016,37.00156021118164,985793
2014-01-23,45.13301086425781,45.74980163574219,44.757572174072266,45.669349670410156,37.15428161621094,1434948
2014-01-24,45.24921798706055,45.68722915649414,44.78438949584961,44.78438949584961,36.434326171875,1168923
2014-01-27,44.91847610473633,45.33860778808594,44.668182373046875,44.900596618652344,36.52886199951172,1127307
2014-01-28,44.900596618652344,45.49951171875,44.802268981933594,44.8380241394043,36.477962493896484,1256069
2014-01-29,44.60560989379883,44.77545166015625,43.69383239746094,43.95306396484375,35.75799560546875,1903345
2014-01-30,44.265926361083984,44.42683029174805,43.89942932128906,44.248050689697266,35.99798583984375,1648507
2014-01-31,43.854732513427734,44.569854736328125,43.58656311035156,44.19441604614258,35.954345703125,1326435
2014-02-03,44.23017120361328,44.346378326416016,42.23677444458008,42.299346923828125,34.41261672973633,1820673
2014-02-04,42.72842025756836,42.925079345703125,42.424495697021484,42.64796829223633,34.69623565673828,1712048
2014-02-05,42.39767837524414,42.531761169433594,42.0579948425293,42.299346923828125,34.41261672973633,1560130
2014-02-06,42.3708610534668,43.07704162597656,42.36191940307617,42.746299743652344,34.77623748779297,955700
2014-02-07,43.032344818115234,43.17536926269531,42.54964065551758,43.13961410522461,35.09620666503906,1076295
2014-02-10,43.0681037902832,43.738525390625,42.90719985961914,43.27370071411133,35.205299377441406,1650073
2014-02-11,43.27370071411133,43.90836715698242,43.202186584472656,43.64913558959961,35.5107307434082,1147891
2014-02-12,43.63125991821289,43.90836715698242,43.29157638549805,43.345211029052734,35.26349639892578,866540
2014-02-13,43.032344818115234,43.32733154296875,42.9161376953125,43.05916213989258,35.03077697753906,1294440
2014-02-14,43.04128646850586,43.39884567260742,42.95189666748047,43.246883392333984,35.18348693847656,804341
2014-02-18,43.87261199951172,43.935184478759766,43.38990783691406,43.81003952026367,35.64164352416992,1834322
2014-02-19,43.67595291137695,44.29274368286133,43.50611114501953,43.765342712402344,35.605281829833984,1359884
2014-02-20,43.90836715698242,45.26709747314453,43.81003952026367,45.14194869995117,36.725215911865234,2441548
2014-02-21,45.23133850097656,45.803436279296875,45.00786590576172,45.59783935546875,37.09609603881836,2285826
2014-02-24,45.63359451293945,45.77661895751953,45.14194869995117,45.59783935546875,37.09609603881836,1430249
2014-02-25,45.705108642578125,45.812374114990234,45.1866455078125,45.2224006652832,36.79066467285156,1158183
2014-02-26,45.401180267333984,45.59783935546875,44.62348937988281,44.69499969482422,36.36160659790039,2432151
2014-02-27,44.62348937988281,44.748634338378906,44.31956100463867,44.51622009277344,36.216148376464844,2265578
2014-02-28,44.61454772949219,45.6961669921875,44.37319564819336,45.64253234863281,37.13246154785156,1723795
2014-03-03,43.96200180053711,44.248050689697266,42.96977233886719,43.202186584472656,35.14712905883789,4232129
2014-03-04,43.5776252746582,43.5776252746582,42.89826202392578,43.46141815185547,35.35801696777344,2758138
2014-03-05,43.60444259643555,43.60444259643555,42.81781005859375,42.85356521606445,34.86349868774414,2272402
2014-03-06,43.09491729736328,43.95306396484375,43.00552749633789,43.72064971923828,35.56892013549805,2641794
2014-03-07,43.926246643066406,44.7128791809082,43.738525390625,44.650306701660156,36.32524108886719,2318828
2014-03-10,44.659244537353516,45.12407302856445,44.51622009277344,44.76651382446289,36.419776916503906,1456874
2014-03-11,44.9095344543457,45.159828186035156,44.69499969482422,44.82908630371094,36.47068405151367,1193646
2014-03-12,44.578792572021484,45.079376220703125,44.265926361083984,44.989986419677734,36.601593017578125,1292874
2014-03-13,45.168766021728516,45.293914794921875,43.434600830078125,43.81003952026367,35.64164352416992,3150800
2014-03-14,43.71171188354492,44.346378326416016,43.71171188354492,43.99775695800781,35.79435729980469,1379685
2014-03-17,44.27486801147461,44.78438949584961,44.0513916015625,44.42683029174805,36.143428802490234,1108961
2014-03-18,44.42683029174805,44.560916900634766,44.176536560058594,44.22123336791992,35.976165771484375,780848
2014-03-19,44.23017120361328,44.480464935302734,43.58656311035156,43.87261199951172,35.692543029785156,1083119
2014-03-20,43.845794677734375,44.391075134277344,43.68489456176758,44.069271087646484,35.852535247802734,1492673
2014-03-21,44.69499969482422,45.5352668762207,44.265926361083984,45.28497314453125,36.84157180786133,3197561
2014-03-24,45.36542510986328,45.490570068359375,44.44470977783203,45.302852630615234,36.856117248535156,2699631
2014-03-25,45.51738739013672,45.54420471191406,44.95423126220703,45.32966995239258,36.87793731689453,1647835
2014-03-26,45.36542510986328,45.579959869384766,45.302852630615234,45.41905975341797,36.95065689086914,1319723
2014-03-27,45.43693542480469,45.51738739013672,44.69499969482422,44.86484146118164,36.49978256225586,1291420
2014-03-28,44.981048583984375,45.43693542480469,44.79332733154297,45.24921798706055,36.81249237060547,829176
2014-03-31,45.50844955444336,45.579959869384766,45.258155822753906,45.37436294555664,36.91429138183594,967670
2014-04-01,45.54420471191406,46.42916488647461,45.410118103027344,46.01797103881836,37.43790054321289,2063989
2014-04-02,46.08948516845703,46.59900665283203,45.95539855957031,46.56325149536133,37.88151550292969,1139165
2014-04-03,46.59900665283203,46.66157913208008,46.17887496948242,46.45598220825195,37.79423904418945,854346
2014-04-04,46.4827995300293,46.92974853515625,45.74980163574219,45.803436279296875,37.263370513916016,1036469
2014-04-07,45.6961669921875,45.84812927246094,45.02574157714844,45.11513137817383,36.703392028808594,1139389
2014-04-08,44.59667205810547,44.79332733154297,44.256988525390625,44.4000129699707,36.51958084106445,1224410
2014-04-09,44.49834060668945,44.96316909790039,44.265926361083984,44.95423126220703,36.97543716430664,819107
2014-04-10,44.96316909790039,45.65147399902344,44.18547821044922,44.18547821044922,36.343135833740234,1288064
2014-04-11,43.979881286621094,44.22123336791992,43.300514221191406,43.31839370727539,35.629940032958984,1530261
2014-04-14,43.49717330932617,44.38213348388672,43.41672134399414,44.0871467590332,36.26224899291992,1486632
2014-04-15,44.0871467590332,44.31062316894531,43.1932487487793,43.2647590637207,35.58582305908203,1970355
2014-04-16,43.7027702331543,43.935184478759766,43.14855194091797,43.926246643066406,36.12990188598633,1440541
2014-04-17,44.0156364440918,44.12290573120117,43.13067626953125,43.32733154296875,35.63729476928711,1645822
2014-04-21,43.32733154296875,43.32733154296875,42.7552375793457,43.07704162597656,35.43142318725586,1153820
2014-04-22,43.1932487487793,44.82014465332031,43.014469146728516,44.578792572021484,36.66663360595703,3067122
2014-04-23,44.355316162109375,45.45481491088867,44.14971923828125,44.96316909790039,36.982791900634766,1952567
2014-04-24,45.1866455078125,45.19558334350586,44.677120208740234,44.79332733154297,36.84309768676758,987918
2014-04-25,44.587730407714844,44.757572174072266,44.28380584716797,44.62348937988281,36.703399658203125,952567
2014-04-28,44.846961975097656,45.08831787109375,44.13184356689453,44.569854736328125,36.6592903137207,759593
2014-04-29,44.846961975097656,44.92741394042969,44.435768127441406,44.88271713256836,36.9166145324707,976731
2014-04-30,44.68606185913086,44.73969650268555,44.30168533325195,44.435768127441406,36.54899215698242,1116680
2014-05-01,44.44470977783203,44.5251579284668,44.21229553222656,44.3642578125,36.49017333984375,814633
2014-05-02,44.49834060668945,44.9095344543457,44.346378326416016,44.4000129699707,36.51958084106445,830070
2014-05-05,44.14078140258789,44.37319564819336,43.72064971923828,43.89942932128906,36.107845306396484,835216
2014-05-06,43.82791519165039,44.239112854003906,43.765342712402344,44.00669860839844,36.19609069824219,792371
2014-05-07,44.14078140258789,44.176536560058594,43.836856842041016,43.979881286621094,36.17403030395508,1489876
2014-05-08,43.99775695800781,44.47152328491211,43.97093963623047,44.14078140258789,36.30636215209961,885558
2014-05-09,44.14078140258789,44.53409957885742,44.0156364440918,44.45364761352539,36.56371307373047,1221949
2014-05-12,44.7128791809082,45.311790466308594,44.68606185913086,45.23133850097656,37.203372955322266,1173621
2014-05-13,45.24921798706055,45.58890151977539,45.1866455078125,45.46375274658203,37.39453887939453,1097214
2014-05-14,45.410118103027344,45.579959869384766,44.846961975097656,45.11513137817383,37.1077766418457,977626
2014-05-15,44.96316909790039,45.410118103027344,44.677120208740234,45.311790466308594,37.269527435302734,2392885
2014-05-16,44.176536560058594,44.346378326416016,43.157493591308594,43.345211029052734,35.65201950073242,5299362
2014-05-19,43.246883392333984,43.86367416381836,43.00552749633789,43.78322219848633,36.012264251708984,2773912
2014-05-20,43.515052795410156,43.80110168457031,42.835689544677734,42.889320373535156,35.27702331542969,2359436
2014-05-21,42.98765182495117,43.64913558959961,42.90719985961914,43.523990631103516,35.799041748046875,1549614
2014-05-22,43.48823547363281,44.435768127441406,43.27370071411133,44.256988525390625,36.401954650878906,1211545
2014-05-23,44.19441604614258,44.51622009277344,44.14078140258789,44.29274368286133,36.431358337402344,1036246
2014-05-27,44.435768127441406,44.73075485229492,44.31956100463867,44.47152328491211,36.57840347290039,1293210
2014-05-28,44.489402770996094,45.09725570678711,44.391075134277344,44.85590362548828,36.894569396972656,728829
2014-05-29,45.10619354248047,45.10619354248047,44.489402770996094,44.587730407714844,36.673988342285156,759033
2014-05-30,44.51622009277344,44.8380241394043,44.337440490722656,44.802268981933594,36.85044860839844,960958
2014-06-02,44.8380241394043,45.311790466308594,44.62348937988281,45.26709747314453,37.23277282714844,1015102
2014-06-03,45.08831787109375,45.08831787109375,44.480464935302734,44.9095344543457,36.93867492675781,1163665
2014-06-04,44.802268981933594,44.873779296875,44.50728225708008,44.77545166015625,36.82838439941406,934445
2014-06-05,44.846961975097656,45.5352668762207,44.61454772949219,45.32966995239258,37.28424072265625,783421
2014-06-06,45.410118103027344,45.76768112182617,45.27603530883789,45.669349670410156,37.56364059448242,745050
2014-06-09,45.64253234863281,45.77661895751953,45.41905975341797,45.50844955444336,37.43129348754883,858597
2014-06-10,45.401180267333984,45.50844955444336,44.61454772949219,45.01680374145508,37.02690887451172,1107506
2014-06-11,44.95423126220703,45.13301086425781,44.78438949584961,45.04362106323242,37.0489616394043,631614
2014-06-12,44.873779296875,44.998924255371094,43.80110168457031,44.09608840942383,36.26960754394531,1443674
2014-06-13,44.09608840942383,44.50728225708008,43.926246643066406,44.40895080566406,36.52693557739258,801879
2014-06-16,44.28380584716797,44.82014465332031,44.22123336791992,44.659244537353516,36.732810974121094,856695
2014-06-17,44.560916900634766,44.64136505126953,44.158660888671875,44.3285026550293,36.46076583862305,858485
2014-06-18,44.11396408081055,44.489402770996094,43.86367416381836,44.44470977783203,36.55635452270508,824365
2014-06-19,44.59667205810547,44.846961975097656,44.06032943725586,44.265926361083984,36.40929412841797,1619309
2014-06-20,42.48706817626953,43.38096618652344,42.26359176635742,42.531761169433594,34.98292922973633,6297796
2014-06-23,42.3708610534668,42.710540771484375,41.59316635131836,42.692665100097656,35.11527633666992,2680277
2014-06-24,42.48706817626953,42.48706817626953,41.75407028198242,41.807701110839844,34.38738250732422,1622441
2014-06-25,41.73619079589844,41.75407028198242,41.53953170776367,41.62892150878906,34.24032974243164,2596264
2014-06-26,41.6199836730957,41.99542236328125,41.387569427490234,41.91497039794922,34.475608825683594,1781743
2014-06-27,41.807701110839844,41.95966720581055,41.584228515625,41.709373474121094,34.3065071105957,2558452
2014-06-30,41.691497802734375,41.807701110839844,41.21772766113281,41.36075210571289,34.01974868774414,1922922
2014-07-01,41.5484733581543,41.691497802734375,41.2713623046875,41.31605911254883,33.982994079589844,2289070
2014-07-02,41.20878982543945,41.43226623535156,41.16409683227539,41.35181427001953,34.01240158081055,1347914
2014-07-03,41.387569427490234,41.557411193847656,41.36075210571289,41.40544891357422,34.056514739990234,591006
2014-07-07,41.36075210571289,41.40544891357422,40.94062042236328,41.21772766113281,33.90210723876953,1911735
2014-07-08,40.67245101928711,40.743961334228516,40.4132194519043,40.53836441040039,33.7458610534668,1843047
2014-07-09,40.61881637573242,40.94955825805664,40.51154708862305,40.788658142089844,33.95420837402344,2441436
2014-07-10,40.36852264404297,40.53836441040039,39.921573638916016,40.010963439941406,33.30681610107422,2207741
2014-07-11,39.98414611816406,39.98414611816406,39.510379791259766,39.72491455078125,33.068702697753906,1998322
2014-07-14,39.85006332397461,39.930511474609375,39.56401443481445,39.6623420715332,33.01661682128906,1833874
2014-07-15,39.63552474975586,39.76067352294922,39.000858306884766,39.40311050415039,32.80081558227539,2757803
2014-07-16,39.44780731201172,39.56401443481445,39.143882751464844,39.233272552490234,32.65943908691406,1867882
2014-07-17,39.108123779296875,39.25114822387695,38.93828582763672,39.1170654296875,32.56269836425781,1836223
2014-07-18,39.13494110107422,39.88581848144531,39.108123779296875,39.67128372192383,33.02405548095703,1795279
2014-07-21,39.53719711303711,39.63552474975586,39.12600326538086,39.34947967529297,32.75617218017578,2029869
2014-07-22,39.58189010620117,39.733856201171875,39.38523483276367,39.52825927734375,32.90498733520508,1522989
2014-07-23,39.519317626953125,39.841121673583984,39.340538024902344,39.76961135864258,33.10591125488281,1937465
2014-07-24,39.742794036865234,40.59199905395508,39.555076599121094,40.4847297668457,33.70120620727539,2191744
2014-07-25,40.448974609375,40.52048873901367,39.89475631713867,39.921573638916016,33.232418060302734,1115449
2014-07-28,39.89475631713867,40.323829650878906,39.81430435180664,40.153987884521484,33.42588424682617,1471641
2014-07-29,41.396507263183594,42.00436019897461,41.244544982910156,41.90603256225586,34.884368896484375,4662378
2014-07-30,41.8970947265625,42.00436019897461,41.20878982543945,41.396507263183594,34.46019744873047,2143752
2014-07-31,41.780887603759766,41.92390823364258,41.396507263183594,41.789825439453125,34.78762435913086,3457546
2014-08-01,41.71831130981445,42.00436019897461,41.40544891357422,41.709373474121094,34.72065353393555,1840251
2014-08-04,41.780887603759766,42.85356521606445,41.71831130981445,42.78205490112305,35.61359405517578,3196219
2014-08-05,42.55857849121094,43.2647590637207,42.201019287109375,42.27252960205078,35.1894416809082,2073163
2014-08-06,41.8970947265625,42.379798889160156,41.888153076171875,41.94178771972656,34.914127349853516,1946079
2014-08-07,42.26359176635742,42.39767837524414,41.71831130981445,41.82558059692383,34.817378997802734,4234366
2014-08-08,41.75407028198242,42.299346923828125,41.75407028198242,42.201019287109375,35.12992477416992,1829511
2014-08-11,42.23677444458008,42.299346923828125,41.75407028198242,41.879215240478516,34.86204528808594,1956818
2014-08-12,41.41438674926758,41.72725296020508,41.199851989746094,41.44120407104492,34.49741744995117,1872021
2014-08-13,41.459083557128906,41.90603256225586,41.26242446899414,41.82558059692383,34.817378997802734,1516389
2014-08-14,41.85239791870117,42.388736724853516,41.798763275146484,42.09375,35.04062271118164,988701
2014-08-15,42.21889877319336,42.25465393066406,41.146217346191406,41.45014190673828,34.504844665527344,1465265
2014-08-18,41.73619079589844,42.24571228027344,41.71831130981445,42.201019287109375,35.12992477416992,1432822
2014-08-19,42.34404373168945,42.65690612792969,42.26359176635742,42.48706817626953,35.368038177490234,828952
2014-08-20,42.379798889160156,42.889320373535156,42.25465393066406,42.39767837524414,35.29362487792969,1884886
2014-08-21,42.46918869018555,42.58539581298828,42.335105895996094,42.41555404663086,35.30850601196289,1165231
2014-08-22,42.49600601196289,42.64796829223633,42.39767837524414,42.522823333740234,35.39780044555664,1643472
2014-08-25,42.701602935791016,42.82674789428711,42.335105895996094,42.50494384765625,35.38291549682617,960846
2014-08-26,42.388736724853516,42.7552375793457,42.35298156738281,42.55857849121094,35.42756652832031,1346459
2014-08-27,42.68372344970703,42.710540771484375,42.388736724853516,42.41555404663086,35.30850601196289,1236827
2014-08-28,42.1295051574707,42.49600601196289,41.9328498840332,42.14738464355469,35.08527755737305,1065667
2014-08-29,42.120567321777344,42.478126525878906,42.022239685058594,42.299346923828125,35.21176528930664,1481374
2014-09-02,42.290409088134766,43.738525390625,42.290409088134766,42.68372344970703,35.531742095947266,2546817
2014-09-03,42.87144470214844,42.90719985961914,42.3708610534668,42.54964065551758,35.420127868652344,959056
2014-09-04,42.46918869018555,42.98765182495117,42.45130920410156,42.7552375793457,35.59127426147461,1785994
2014-09-05,42.73735809326172,42.97871017456055,42.54070281982422,42.96977233886719,35.769859313964844,1253272
2014-09-08,42.77311325073242,43.47929763793945,42.73735809326172,42.934017181396484,35.7401008605957,2708692
2014-09-09,42.934017181396484,43.032344818115234,42.55857849121094,42.710540771484375,35.55405807495117,1198904
2014-09-10,42.65690612792969,42.799930572509766,42.30828857421875,42.701602935791016,35.54662322998047,1157065
2014-09-11,42.701602935791016,43.22900390625,42.50494384765625,43.16643142700195,35.933570861816406,2123839
2014-09-12,43.765342712402344,44.18547821044922,42.26359176635742,42.531761169433594,35.40524673461914,4020248
2014-09-15,42.96083450317383,44.650306701660156,42.746299743652344,44.64136505126953,37.1613655090332,4474885
2014-09-16,44.54303741455078,44.668182373046875,44.14971923828125,44.28380584716797,36.86371612548828,1957154
2014-09-17,44.256988525390625,44.68606185913086,44.248050689697266,44.50728225708008,37.04975509643555,1905694
2014-09-18,44.49834060668945,45.04362106323242,44.18547821044922,45.00786590576172,37.46644973754883,1838573
2014-09-19,45.37436294555664,45.901763916015625,45.3475456237793,45.75873947143555,38.09151840209961,2905918
2014-09-22,45.56208419799805,45.74086380004883,45.02574157714844,45.11513137817383,37.55574417114258,1534847
2014-09-23,45.17770767211914,45.24921798706055,44.73969650268555,45.00786590576172,37.46644973754883,2228437
2014-09-24,45.10619354248047,46.312957763671875,45.08831787109375,46.24144744873047,38.49333953857422,2863967
2014-09-25,46.080543518066406,46.23250961303711,45.77661895751953,45.83919143676758,38.158485412597656,1375657
2014-09-26,45.794498443603516,46.58112716674805,45.74086380004883,46.393409729003906,38.61984634399414,1786441
2014-09-29,46.134178161621094,46.58112716674805,45.982215881347656,46.4827995300293,38.69425582885742,1884886
2014-09-30,46.50961685180664,46.60794448852539,45.812374114990234,46.00009536743164,38.29243087768555,1917105
2014-10-01,45.87494659423828,45.982215881347656,45.293914794921875,45.54420471191406,37.91292953491211,2402953
2014-10-02,45.85707092285156,46.393409729003906,45.722984313964844,46.01797103881836,38.307315826416016,2060521
2014-10-03,46.37553024291992,46.47386169433594,46.10736083984375,46.116302490234375,38.389163970947266,1881419
2014-10-06,46.16099548339844,46.223567962646484,45.60677719116211,45.63359451293945,37.98733139038086,2049223
2014-10-07,45.32072830200195,45.5352668762207,44.73969650268555,44.757572174072266,37.25809860229492,2262445
2014-10-08,44.435768127441406,44.78438949584961,44.0156364440918,44.68606185913086,37.61171340942383,2381363
2014-10-09,44.355316162109375,44.95423126220703,43.95306396484375,44.04245376586914,37.06999588012695,2170041
2014-10-10,44.06032943725586,45.159828186035156,43.211124420166016,43.23794174194336,36.39285659790039,3188052
2014-10-13,42.925079345703125,42.925079345703125,42.066932678222656,42.08481216430664,35.42228698730469,3616512
2014-10-14,42.335105895996094,43.47035598754883,42.335105895996094,43.023406982421875,36.21228790283203,2349256
2014-10-15,42.15632247924805,43.345211029052734,41.7451286315918,43.121734619140625,36.2950553894043,2939814
2014-10-16,42.5675163269043,43.55974578857422,42.48706817626953,43.22900390625,36.38533020019531,2381922
2014-10-17,43.47035598754883,43.98881912231445,43.1932487487793,43.515052795410156,36.626094818115234,1911959
2014-10-20,43.45248031616211,43.90836715698242,43.28263854980469,43.89942932128906,36.94961929321289,1469068
2014-10-21,43.82791519165039,44.337440490722656,43.47035598754883,44.176536560058594,37.182857513427734,1388522
2014-10-22,44.167598724365234,44.587730407714844,44.167598724365234,44.265926361083984,37.258094787597656,1316255
2014-10-23,44.69499969482422,45.23133850097656,44.5251579284668,44.96316909790039,37.84495544433594,2250475
2014-10-24,44.95423126220703,45.6604118347168,44.93635177612305,45.63359451293945,38.409244537353516,1992952
2014-10-27,45.60677719116211,46.08948516845703,45.60677719116211,45.96433639526367,38.68762969970703,2633292
2014-10-28,46.09842300415039,46.956565856933594,46.09842300415039,46.50961685180664,39.146583557128906,2721333
2014-10-29,46.3576545715332,46.46492385864258,45.08831787109375,45.5352668762207,38.32648849487305,5176418
2014-10-30,45.35648727416992,45.94646072387695,43.72064971923828,45.74980163574219,38.50706100463867,1503524
2014-10-31,46.27720260620117,46.312957763671875,45.991153717041016,46.28614044189453,38.95848846435547,1561360
2014-11-03,46.312957763671875,46.56325149536133,46.035850524902344,46.46492385864258,39.10896301269531,1353171
2014-11-04,46.4827995300293,47.1800422668457,46.47386169433594,47.135345458984375,39.67325210571289,1407540
2014-11-05,47.33200454711914,47.51972579956055,46.97444534301758,47.09959030151367,39.643150329589844,1457546
2014-11-06,46.92974853515625,47.582298278808594,46.87611770629883,47.46609115600586,39.95164108276367,1419174
2014-11-07,47.73426055908203,48.10075759887695,47.46609115600586,47.82365036010742,40.25259780883789,1673565
2014-11-10,47.74319839477539,48.55664825439453,47.582298278808594,48.54771041870117,40.862030029296875,2144759
2014-11-11,49.03041458129883,49.915374755859375,49.03041458129883,49.808109283447266,41.922882080078125,4221278
2014-11-12,49.682960510253906,50.648372650146484,49.6472053527832,50.38020324707031,42.404415130615234,2678376
2014-11-13,50.52322769165039,50.818214416503906,50.07627868652344,50.326568603515625,42.35926818847656,2027855
2014-11-14,50.33551025390625,50.66625213623047,49.906436920166016,49.96900939941406,42.058319091796875,1559347
2014-11-17,49.93325424194336,50.03158187866211,49.54887771606445,49.54887771606445,41.70469284057617,1431368
2014-11-18,49.539939880371094,49.78129196166992,49.45054626464844,49.67402267456055,41.810035705566406,1756908
2014-11-19,49.53099822998047,49.96900939941406,49.52206039428711,49.70977783203125,41.84012222290039,1356304
2014-11-20,49.486305236816406,50.138851165771484,49.486305236816406,49.87068176269531,41.975563049316406,1339076
2014-11-21,50.308692932128906,50.37126541137695,49.88855743408203,49.92431640625,42.02069854736328,1197785
2014-11-24,50.05839920043945,50.42490005493164,49.915374755859375,50.38020324707031,42.404415130615234,1668307
2014-11-25,50.38914489746094,50.639434814453125,49.12874221801758,49.15555953979492,41.3736457824707,3375881
2014-11-26,49.227073669433594,49.96900939941406,49.15555953979492,49.93325424194336,42.02822494506836,1025059
2014-11-28,50.26399612426758,51.140018463134766,50.21036148071289,50.943359375,42.87841796875,763844
2014-12-01,50.85396957397461,51.80150604248047,50.773521423339844,51.41712951660156,43.277183532714844,2227542
2014-12-02,51.65848159790039,52.06967544555664,51.363494873046875,51.42606735229492,43.28469467163086,1294440
2014-12-03,51.19365310668945,52.105430603027344,51.10426330566406,51.94453048706055,43.72108459472656,2035463
2014-12-04,51.98922348022461,52.15012741088867,51.61378479003906,51.71211624145508,43.52546691894531,1169035
2014-12-05,51.783626556396484,52.33784484863281,51.783626556396484,52.31102752685547,44.02956771850586,831972
2014-12-08,52.24845504760742,52.65071105957031,51.98028564453125,52.3557243347168,44.06719207763672,1437857
2014-12-09,51.765750885009766,52.105430603027344,51.43500518798828,51.75680923461914,43.563079833984375,1430809
2014-12-10,51.61378479003906,52.56132125854492,51.372432708740234,51.39925003051758,43.26212692260742,1413581
2014-12-11,51.7299919128418,52.16800308227539,51.595909118652344,51.694236755371094,43.51041793823242,1830854
2014-12-12,51.470760345458984,52.105430603027344,51.11320114135742,51.2919807434082,43.171844482421875,2037588
2014-12-15,51.98922348022461,52.62389373779297,51.02381134033203,51.131080627441406,43.03640365600586,2864526
2014-12-16,50.93442153930664,51.041690826416016,49.897499084472656,49.97794723510742,42.065834045410156,2522654
2014-12-17,51.7299919128418,52.15012741088867,50.01370620727539,51.02381134033203,42.94612503051758,5711377
2014-12-18,51.39925003051758,51.6048469543457,51.07744598388672,51.595909118652344,43.42765808105469,2157512
2014-12-19,51.70317459106445,51.83726119995117,51.21153259277344,51.283042907714844,43.16431427001953,3003132
2014-12-22,51.443946838378906,52.498748779296875,51.443946838378906,52.40935516357422,44.11231994628906,1336727
2014-12-23,52.53450393676758,52.73115921020508,52.24845504760742,52.30208969116211,44.02203369140625,680277
2014-12-24,52.3557243347168,52.5523796081543,52.15906524658203,52.22163772583008,43.95433044433594,354178
2014-12-26,52.24845504760742,52.677528381347656,52.06967544555664,52.203758239746094,43.93927001953125,482940
2014-12-29,52.06967544555664,52.7401008605957,51.9177131652832,52.606014251708984,44.277854919433594,687885
2014-12-30,52.462989807128906,52.96357345581055,52.418296813964844,52.5523796081543,44.232704162597656,676586
2014-12-31,52.84736633300781,53.26750183105469,52.38254165649414,52.40935516357422,44.11231994628906,848193
2015-01-02,52.7401008605957,53.15129470825195,51.962406158447266,52.22163772583008,43.95433044433594,1155946
2015-01-05,52.096492767333984,52.31102752685547,51.65848159790039,51.83726119995117,43.630802154541016,1046314
2015-01-06,52.686466217041016,52.98145294189453,51.443946838378906,52.01604080200195,43.78127670288086,1693142
2015-01-07,51.873016357421875,53.84853744506836,51.51545715332031,53.80384063720703,45.718162536621094,3014207
2015-01-08,54.331241607666016,54.6977424621582,54.009437561035156,54.653045654296875,46.439754486083984,2009956
2015-01-09,54.59047317504883,54.95697021484375,53.45521926879883,53.53567123413086,45.49029541015625,1727151
2015-01-12,53.696571350097656,53.99156188964844,53.2496223449707,53.49097442626953,45.45232009887695,1621882
2015-01-13,53.90216827392578,54.08095169067383,52.48086929321289,52.96357345581055,45.00416564941406,2081217
2015-01-14,53.02614974975586,53.097660064697266,52.40935516357422,52.99039077758789,45.02696228027344,1657009
2015-01-15,53.03508758544922,53.285377502441406,52.4272346496582,52.54344177246094,44.64717483520508,2003020
2015-01-16,52.418296813964844,52.97251510620117,51.855140686035156,52.829490661621094,44.890254974365234,2738673
2015-01-20,53.1781120300293,53.22280502319336,52.63283157348633,52.96357345581055,45.00416564941406,1390424
2015-01-21,52.75797653198242,53.34795379638672,52.704345703125,53.31219482421875,45.3004035949707,1249133
2015-01-22,53.61612319946289,54.53683853149414,53.39264678955078,54.474266052246094,46.2878303527832,1820673
2015-01-23,54.51896286010742,54.92121505737305,54.420631408691406,54.72455978393555,46.50052261352539,971026
2015-01-26,54.742435455322266,55.7167854309082,54.733497619628906,55.57376480102539,47.222103118896484,1577246
2015-01-27,55.1357536315918,55.62739562988281,54.79607009887695,54.8943977355957,46.64482879638672,1195771
2015-01-28,54.99272918701172,55.50225067138672,54.232913970947266,54.27760696411133,46.1207389831543,1091621
2015-01-29,54.5457763671875,55.62739562988281,53.928985595703125,55.61845779418945,47.26008224487305,1527128
2015-01-30,55.11787414550781,55.34135055541992,54.5100212097168,54.86758041381836,46.622039794921875,3425327
2015-02-02,54.79607009887695,54.858642578125,52.927818298339844,53.651878356933594,45.58903503417969,1808032
2015-02-03,53.76808547973633,54.36699676513672,53.27643966674805,54.31336212158203,46.151119232177734,1089048
2015-02-04,54.152462005615234,54.81394958496094,54.02731704711914,54.22397232055664,46.075164794921875,1654771
2015-02-05,54.45638656616211,54.876522064208984,54.17927932739258,54.5100212097168,46.31821060180664,757803
2015-02-06,54.50108337402344,54.84970474243164,54.009437561035156,54.21503448486328,46.067562103271484,633180
2015-02-09,53.77702331542969,54.12564468383789,53.53567123413086,53.78596115112305,45.702964782714844,981653
2015-02-10,54.143524169921875,54.742435455322266,53.11553955078125,54.572593688964844,46.37138748168945,871350
2015-02-11,54.63516616821289,54.858642578125,54.04519271850586,54.35805892944336,46.1890983581543,677033
2015-02-12,54.13458251953125,54.93015670776367,53.57142639160156,54.8943977355957,46.64482879638672,1204385
2015-02-13,54.68880081176758,55.2072639465332,54.250789642333984,55.1715087890625,46.88029861450195,750755
2015-02-17,54.983787536621094,55.198326110839844,54.6977424621582,54.93015670776367,46.67522048950195,1112652
2015-02-18,54.93015670776367,55.698909759521484,54.858642578125,55.57376480102539,47.222103118896484,1695604
2015-02-19,55.57376480102539,56.00283432006836,55.43074035644531,55.707847595214844,47.336036682128906,1291420
2015-02-20,55.68996810913086,55.85980987548828,55.457557678222656,55.609519958496094,47.25249099731445,1115785
2015-02-23,55.779361724853516,56.03858947753906,55.62739562988281,55.94919967651367,47.54111099243164,789126
2015-02-24,56.101165771484375,56.923553466796875,55.707847595214844,56.789466857910156,48.2551155090332,1425103
2015-02-25,56.76264953613281,57.64760971069336,56.71795654296875,57.49564743041992,48.85517501831055,1143193
2015-02-26,57.567161560058594,57.656551361083984,57.254295349121094,57.54928207397461,48.90074157714844,987471
2015-02-27,57.59397888183594,57.70124435424805,57.14702606201172,57.209598541259766,48.61210632324219,1244546
2015-03-02,57.245357513427734,57.9872932434082,57.102333068847656,57.54928207397461,48.90074157714844,1042622
2015-03-03,57.40625762939453,57.45095443725586,56.789466857910156,57.111270904541016,48.5285530090332,621434
2015-03-04,56.71795654296875,56.95037078857422,56.18161392211914,56.21737289428711,47.76899337768555,1058731
2015-03-05,56.25312805175781,57.69230651855469,56.25312805175781,57.39731979370117,48.77162170410156,1216132
2015-03-06,57.06657409667969,57.209598541259766,55.91344451904297,56.05646896362305,47.63227081298828,1394228
2015-03-09,56.13692092895508,56.834163665771484,56.065406799316406,56.63750457763672,48.125980377197266,728605
2015-03-10,56.387210845947266,56.48554229736328,55.609519958496094,55.84193420410156,47.44997024536133,1361562
2015-03-11,55.84193420410156,55.967079162597656,55.144691467285156,55.1715087890625,46.88029861450195,1137487
2015-03-12,55.51118850708008,56.932491302490234,55.394981384277344,56.789466857910156,48.2551155090332,1535295
2015-03-13,56.86097717285156,57.200660705566406,56.17267608642578,56.40509033203125,47.928497314453125,1174628
2015-03-16,56.798404693603516,58.067745208740234,56.789466857910156,58.023048400878906,49.30331039428711,1960286
2015-03-17,58.023048400878906,58.63983917236328,57.68336868286133,58.568328857421875,49.76665115356445,1707462
2015-03-18,58.568328857421875,58.77392578125,57.763816833496094,58.27334213256836,49.5159912109375,2259201
2015-03-19,58.27334213256836,58.77392578125,57.978355407714844,57.9872932434082,49.272926330566406,2118246
2015-03-20,60.23098373413086,60.55278778076172,58.62196350097656,59.667823791503906,50.700904846191406,6909610
2015-03-23,60.56172561645508,62.573001861572266,60.32931137084961,61.87575912475586,52.5770263671875,4187381
2015-03-24,61.7506103515625,62.912681579589844,61.7506103515625,62.33164596557617,52.96440887451172,2532274
2015-03-25,62.38528060913086,62.573001861572266,61.38411331176758,61.41986846923828,52.18964767456055,2721222
2015-03-26,61.07124710083008,61.41093063354492,60.36506652832031,61.01761245727539,51.84785079956055,2009733
2015-03-27,61.17851638793945,61.97408676147461,60.86565017700195,61.72379684448242,52.44790267944336,1753664
2015-03-30,61.98302459716797,62.51042556762695,61.848941802978516,62.05453872680664,52.728939056396484,1280904
2015-03-31,62.07241439819336,62.78753662109375,61.956207275390625,61.98302459716797,52.66816711425781,2235597
2015-04-01,61.79530715942383,61.84000015258789,60.213104248046875,60.311431884765625,51.24778747558594,2044077
2015-04-02,60.69580841064453,60.803077697753906,60.1415901184082,60.293556213378906,51.23260498046875,2214901
2015-04-06,60.034324645996094,60.32931137084961,59.399654388427734,59.489044189453125,50.54899215698242,1523660
2015-04-07,59.623130798339844,59.65888595581055,59.00634002685547,59.22981262207031,50.3287239074707,2776373
2015-04-08,58.9348258972168,60.36506652832031,58.91695022583008,60.32931137084961,51.69207000732422,1804117
2015-04-09,60.08795928955078,60.347190856933594,59.41753387451172,60.05220031738281,51.454627990722656,2501398
2015-04-10,60.436580657958984,61.991966247558594,60.418701171875,61.48244094848633,52.68010330200195,2473319
2015-04-13,61.10700225830078,62.07241439819336,61.10700225830078,61.32154083251953,52.542236328125,1461125
2015-04-14,61.223209381103516,61.33047866821289,60.58854293823242,60.69580841064453,52.00608825683594,1535295
2015-04-15,60.78519821166992,61.05337142944336,59.92705535888672,59.93599319458008,51.35505676269531,1325204
2015-04-16,59.900238037109375,60.19522476196289,59.211936950683594,59.381778717041016,50.88018798828125,1469180
2015-04-17,58.96164321899414,59.05103302001953,58.01411056518555,58.04986572265625,49.73896026611328,1869896
2015-04-20,58.38060760498047,58.54151153564453,58.1124382019043,58.3001594543457,49.95341873168945,1542231
2015-04-21,58.3001594543457,58.577266693115234,57.79063415527344,58.36273193359375,50.00703430175781,1515830
2015-04-22,58.36273193359375,58.46999740600586,57.96047592163086,58.28227996826172,49.93810272216797,1202148
2015-04-23,58.53257369995117,58.997398376464844,58.031986236572266,58.82756042480469,50.40531539916992,1953350
2015-04-24,59.059974670410156,60.06114196777344,58.648780822753906,59.900238037109375,51.32442092895508,1414588
2015-04-27,59.900238037109375,60.025386810302734,58.86331558227539,58.94376754760742,50.50489044189453,1366372
2015-04-28,58.800743103027344,59.33708190917969,58.55044937133789,59.32814407348633,50.834232330322266,1060186
2015-04-29,58.77392578125,58.78286361694336,57.54928207397461,57.59397888183594,49.34834671020508,1996868
2015-04-30,57.3258056640625,57.763816833496094,56.76264953613281,57.00400161743164,48.84283447265625,1651639
2015-05-01,57.36156463623047,57.638671875,57.09339141845703,57.200660705566406,49.01133728027344,1244882
2015-05-04,57.21854019165039,57.513526916503906,56.422969818115234,56.476600646972656,48.39093780517578,1262110
2015-05-05,56.431907653808594,56.4676628112793,55.1715087890625,55.198326110839844,47.295677185058594,1702428
2015-05-06,55.34135055541992,55.654212951660156,54.80500793457031,55.09999465942383,47.21141815185547,1551180
2015-05-07,55.26089859008789,56.64644241333008,55.11787414550781,56.378273010253906,48.30669021606445,1762166
2015-05-08,56.843101501464844,57.942596435546875,56.843101501464844,57.17384338378906,48.98836135864258,1343103
2015-05-11,57.05763626098633,57.79063415527344,57.030818939208984,57.352622985839844,49.141544342041016,1445911
2015-05-12,56.89673614501953,57.18278121948242,56.208431243896484,56.923553466796875,48.773902893066406,952567
2015-05-13,56.96824645996094,57.30792999267578,56.01177215576172,56.101165771484375,48.069252014160156,1639445
2015-05-14,56.431907653808594,56.798404693603516,55.92238235473633,56.66432189941406,48.55178451538086,1059291
2015-05-15,56.86991882324219,57.18278121948242,56.744773864746094,57.14702606201172,48.96537780761719,735541
2015-05-18,57.021881103515625,57.39731979370117,56.798404693603516,57.27217483520508,49.0726203918457,686430
2015-05-19,57.39731979370117,58.4610595703125,57.120208740234375,58.21970748901367,49.884483337402344,1316926
2015-05-20,58.13925552368164,58.13925552368164,57.45095443725586,57.54928207397461,49.310054779052734,815527
2015-05-21,57.352622985839844,57.80851364135742,57.26323318481445,57.71912384033203,49.45557403564453,910616
2015-05-22,57.844268798828125,58.023048400878906,57.54928207397461,57.88002395629883,49.59344482421875,821457
2015-05-26,57.835330963134766,57.9515380859375,57.030818939208984,57.37050247192383,49.1568603515625,893612
2015-05-27,57.79957580566406,58.55044937133789,57.72806167602539,58.031986236572266,49.7236442565918,1700973
2015-05-28,58.031986236572266,58.63983917236328,57.853206634521484,58.04986572265625,49.73896026611328,2224857
2015-05-29,58.3001594543457,58.78286361694336,57.79063415527344,58.586204528808594,50.198516845703125,4024499
2015-06-01,58.586204528808594,59.03315734863281,58.148193359375,58.81861877441406,50.39765548706055,868889
2015-06-02,58.68453598022461,58.86331558227539,58.1124382019043,58.157135009765625,49.830875396728516,1125517
2015-06-03,58.30909729003906,58.4968147277832,57.88002395629883,58.389549255371094,50.030006408691406,886453
2015-06-04,58.255462646484375,58.344852447509766,57.40625762939453,57.55821990966797,49.31770324707031,1444345
2015-06-05,57.39731979370117,57.99623107910156,56.923553466796875,57.96047592163086,49.66236877441406,782079
2015-06-08,57.942596435546875,58.586204528808594,57.68336868286133,58.46999740600586,50.09894943237305,978074
2015-06-09,58.27334213256836,58.434242248535156,57.88896560668945,58.1124382019043,49.79257583618164,1067010
2015-06-10,58.13031768798828,59.99856948852539,58.023048400878906,59.84660339355469,51.27846908569336,1673118
2015-06-11,59.97175216674805,60.436580657958984,59.74827575683594,59.93599319458008,51.35505676269531,1116232
2015-06-12,60.66899490356445,61.17851638793945,60.06114196777344,60.88352966308594,52.16693878173828,1709811
2015-06-15,60.490211486816406,60.96398162841797,59.73933792114258,60.901405334472656,52.182254791259766,1205056
2015-06-16,60.937164306640625,61.214271545410156,60.59748077392578,60.7315673828125,52.03672409057617,909162
2015-06-17,60.66899490356445,61.08912658691406,60.60641860961914,61.01761245727539,52.28182601928711,954357
2015-06-18,61.46456527709961,62.036659240722656,61.267906188964844,61.82212448120117,52.971160888671875,1104598
2015-06-19,61.670162200927734,62.04560089111328,61.33047866821289,61.56289291381836,52.7490348815918,1443338
2015-06-22,62.00090408325195,62.12604904174805,61.57183074951172,62.01878356933594,53.1396598815918,1712384
2015-06-23,65.29045867919922,65.61225891113281,62.00090408325195,62.0277214050293,53.147308349609375,8489652
2015-06-24,61.857879638671875,63.94066619873047,61.625465393066406,63.323875427246094,54.25790786743164,4105605
2015-06-25,63.949607849121094,64.43231201171875,63.61886215209961,63.6724967956543,54.556610107421875,1909274
2015-06-26,64.00324249267578,65.25469970703125,63.681434631347656,65.21894073486328,55.88166046142578,3429578
2015-06-29,64.46807098388672,64.81668853759766,63.60992431640625,63.64567947387695,54.533634185791016,2504083
2015-06-30,64.30716705322266,64.36080169677734,63.305999755859375,63.53841018676758,54.441715240478516,2020808
2015-07-01,64.08369445800781,64.1462631225586,62.62663269042969,62.769657135009766,53.78303146362305,2234702
2015-07-02,63.1629753112793,63.36857223510742,62.501487731933594,62.8501091003418,53.85196304321289,1633069
2015-07-06,62.77859878540039,63.225547790527344,62.492549896240234,63.18979263305664,54.14301300048828,1731737
2015-07-07,63.35069274902344,64.55745697021484,63.011009216308594,64.45018768310547,55.22295379638672,1869560
2015-07-08,63.52053451538086,63.895973205566406,63.12721633911133,63.323875427246094,54.67497634887695,1287169
2015-07-09,64.53958129882812,65.13849639892578,63.895973205566406,63.96748352050781,55.230682373046875,2144088
2015-07-10,64.67366790771484,64.69154357910156,64.0211181640625,64.50382232666016,55.693763732910156,726368
2015-07-13,64.97759246826172,65.23682403564453,64.55745697021484,64.69154357910156,55.85585021972656,1445911
2015-07-14,64.70048522949219,64.82563018798828,64.24459075927734,64.66472625732422,55.83269119262695,1283253
2015-07-15,64.74517822265625,64.7719955444336,63.77976608276367,63.815521240234375,55.09947967529297,845285
2015-07-16,64.0926284790039,65.25469970703125,63.913848876953125,65.21000671386719,56.30349349975586,1538427
2015-07-17,65.18318939208984,65.2278823852539,64.6468505859375,64.88819885253906,56.0256462097168,843159
2015-07-20,64.97759246826172,65.89830780029297,64.89714050292969,65.21000671386719,56.30349349975586,1171048
2015-07-21,65.18318939208984,65.3440933227539,64.58427429199219,65.26364135742188,56.34980392456055,1131223
2015-07-22,65.36196899414062,67.14976501464844,65.27257537841797,66.6760025024414,57.56925964355469,2735429
2015-07-23,67.0425033569336,67.57884216308594,66.5597915649414,66.9262924194336,57.78537368774414,2104822
2015-07-24,67.16764831542969,67.16764831542969,65.1563720703125,65.31727600097656,56.396114349365234,1916322
2015-07-27,65.21000671386719,65.32621002197266,64.4054946899414,64.63790893554688,55.809539794921875,1348026
2015-07-28,64.63790893554688,64.79881286621094,64.16413879394531,64.74517822265625,55.902156829833984,1229780
2015-07-29,65.14743041992188,65.862548828125,64.76305389404297,65.41560363769531,56.481014251708984,1354850
2015-07-30,65.32621002197266,66.19329833984375,64.7183609008789,65.96981811523438,56.95952224731445,1224857
2015-07-31,66.13966369628906,66.62236785888672,65.54969024658203,65.93406677246094,56.92866134643555,1299810
2015-08-03,66.0502700805664,66.11284637451172,65.37984466552734,66.06814575195312,57.044437408447266,1168028
2015-08-04,66.06814575195312,66.1754150390625,65.67483520507812,66.13966369628906,57.106178283691406,1017563
2015-08-05,66.25586700439453,67.48051452636719,66.25586700439453,66.96205139160156,57.81624984741211,1296901
2015-08-06,66.45252227783203,66.88159942626953,62.77859878540039,63.28812026977539,54.64411163330078,3097774
2015-08-07,63.37751007080078,64.22671508789062,62.573001861572266,64.15520477294922,55.39276885986328,1601633
2015-08-10,64.51276397705078,64.87926483154297,63.47583770751953,63.56522750854492,54.88336181640625,843383
2015-08-11,63.12721633911133,63.735069274902344,62.859046936035156,63.44008255004883,54.775306701660156,1273744
2015-08-12,62.87692642211914,63.25236511230469,62.081356048583984,63.21660614013672,54.582359313964844,1403177
2015-08-13,63.2344856262207,64.95077514648438,63.20766830444336,64.31610870361328,55.53168869018555,946079
2015-08-14,64.38761901855469,64.70941925048828,64.06581115722656,64.69154357910156,55.85585021972656,966215
2015-08-17,64.35186004638672,65.09379577636719,64.18202209472656,64.87032318115234,56.01021194458008,944625
2015-08-18,64.97759246826172,65.37091064453125,64.00324249267578,64.01217651367188,55.26927185058594,1212328
2015-08-19,63.77082443237305,65.07592010498047,63.65461730957031,64.6021499633789,55.77865982055664,1501734
2015-08-20,64.42337036132812,65.16531372070312,63.95854568481445,64.01217651367188,55.26927185058594,1574337
2015-08-21,63.52947235107422,63.85127639770508,62.4120979309082,62.73390197753906,54.165584564208984,1624231
2015-08-24,59.93599319458008,62.93949890136719,58.9348258972168,59.68570327758789,51.533714294433594,3257971
2015-08-25,60.78519821166992,61.82212448120117,59.68570327758789,59.73039627075195,51.57230758666992,2025842
2015-08-26,61.00867462158203,61.258968353271484,59.399654388427734,60.92822265625,52.606529235839844,1841705
2015-08-27,61.2410888671875,62.30482864379883,60.722625732421875,61.545013427734375,53.139076232910156,1934333
2015-08-28,61.446685791015625,62.179683685302734,60.97291946411133,61.72379684448242,53.2934455871582,1246784
2015-08-31,61.61652755737305,61.68803787231445,60.758384704589844,60.79413986206055,52.490753173828125,1024388
2015-09-01,59.81978988647461,60.534908294677734,59.61418914794922,59.95387268066406,51.765262603759766,1798076
2015-09-02,60.82095718383789,61.64334487915039,60.525970458984375,61.64334487915039,53.223976135253906,1883097
2015-09-03,61.848941802978516,62.260135650634766,61.69697952270508,61.866817474365234,53.416934967041016,1904128
2015-09-04,61.2410888671875,61.938331604003906,60.91034698486328,61.48244094848633,53.085052490234375,1654100
2015-09-08,62.590877532958984,63.01995086669922,61.89363479614258,62.94843673706055,54.35082244873047,1690122
2015-09-09,63.484779357910156,63.484779357910156,61.51819610595703,61.64334487915039,53.223976135253906,1379125
2015-09-10,61.7506103515625,62.599815368652344,61.50032043457031,62.278011322021484,53.7719612121582,1257971
2015-09-11,62.179683685302734,62.814353942871094,61.69697952270508,62.78753662109375,54.2119026184082,1447477
2015-09-14,62.984195709228516,63.38644790649414,62.54618453979492,62.75178146362305,54.1810188293457,1693254
2015-09-15,62.89480209350586,63.1629753112793,62.00984191894531,62.60875701904297,54.057533264160156,2337062
2015-09-16,62.689205169677734,62.814353942871094,60.937164306640625,61.97408676147461,53.509544372558594,2659358
2015-09-17,61.947269439697266,63.806583404541016,61.759552001953125,62.82329177856445,54.24277114868164,3103815
2015-09-18,62.24225616455078,63.002071380615234,61.74167251586914,62.090293884277344,53.6098747253418,4541112
2015-09-21,62.42103576660156,63.10934066772461,62.30482864379883,62.814353942871094,54.23504638671875,2263452
2015-09-22,61.866817474365234,62.349525451660156,60.15053176879883,62.29589080810547,53.787391662597656,3397584
2015-09-23,62.501487731933594,63.86915588378906,62.29589080810547,63.56522750854492,54.88336181640625,2921244
2015-09-24,63.270240783691406,64.06581115722656,62.51936721801758,63.87809371948242,55.15349578857422,1872693
2015-09-25,64.06581115722656,64.4591293334961,62.9216194152832,63.25236511230469,54.61323928833008,2955364
2015-09-28,63.14509582519531,63.19873046875,60.722625732421875,60.88352966308594,52.56793975830078,2342991
2015-09-29,61.044429779052734,61.37517547607422,60.08795928955078,60.68687057495117,52.398136138916016,2249357
2015-09-30,61.28578567504883,61.9025764465332,60.49915313720703,61.267906188964844,52.89982223510742,2029086
2015-10-01,61.267906188964844,61.679100036621094,60.51702880859375,61.16063690185547,52.80720901489258,1694149
2015-10-02,60.51702880859375,61.25002670288086,59.93599319458008,61.25002670288086,52.88438415527344,1444457
2015-10-05,61.61652755737305,61.65228271484375,60.77626037597656,61.2053337097168,52.84579086303711,1796845
2015-10-06,61.07124710083008,61.527137756347656,60.56172561645508,60.7315673828125,52.436737060546875,2389305
2015-10-07,60.1058349609375,60.40976333618164,58.96164321899414,59.381778717041016,51.68974685668945,2295111
2015-10-08,58.86331558227539,60.04326248168945,58.36273193359375,59.67676544189453,51.946529388427734,2910728
2015-10-09,59.53374099731445,60.0700798034668,59.22087478637695,59.60525131225586,51.88428497314453,1659246
2015-10-12,59.32814407348633,59.83766555786133,59.068912506103516,59.22087478637695,51.54969024658203,1860723
2015-10-13,59.03315734863281,60.01644515991211,58.997398376464844,59.37283706665039,51.68196487426758,1358094
2015-10-14,59.408592224121094,59.623130798339844,56.71795654296875,56.99506378173828,49.61220169067383,2676474
2015-10-15,57.021881103515625,57.22747802734375,55.94026184082031,57.030818939208984,49.6433219909668,2364694
2015-10-16,57.19172286987305,58.335914611816406,57.012943267822266,58.22864532470703,50.68598937988281,2367715
2015-10-19,58.60408401489258,59.17618179321289,58.23758316040039,58.72922897338867,51.121726989746094,1722340
2015-10-20,58.478939056396484,58.648780822753906,56.941429138183594,56.96824645996094,49.58885192871094,2043293
2015-10-21,57.03976058959961,57.39731979370117,55.779361724853516,56.13692092895508,48.86521911621094,1950889
2015-10-22,56.67325973510742,57.31686782836914,55.84193420410156,57.2900505065918,49.86896514892578,1655107
2015-10-23,57.62973403930664,57.80851364135742,56.45872497558594,57.129150390625,49.728912353515625,1342880
2015-10-26,57.19172286987305,57.91577911376953,57.08445358276367,57.844268798828125,50.351402282714844,1722564
2015-10-27,57.2900505065918,57.91577911376953,56.32463836669922,56.512359619140625,49.1920166015625,1723683
2015-10-28,56.73583221435547,58.00517272949219,56.530235290527344,57.96941375732422,50.46033477783203,888354
2015-10-29,57.55821990966797,57.55821990966797,55.52906799316406,55.806175231933594,48.57731246948242,2292650
2015-10-30,55.9581413269043,56.199493408203125,55.287715911865234,55.32347106933594,48.15713119506836,1929410
2015-11-02,55.42179870605469,56.21737289428711,55.2072639465332,56.01177215576172,48.75627517700195,1803893
2015-11-03,55.67209243774414,55.976016998291016,55.59164047241211,55.91344451904297,48.67068862915039,1197226
2015-11-04,55.976016998291016,56.17267608642578,54.232913970947266,54.90333938598633,47.79142379760742,2442667
2015-11-05,54.93015670776367,55.26089859008789,54.53683853149414,55.22514343261719,48.07154083251953,1125741
2015-11-06,55.01060485839844,55.2072639465332,54.3848762512207,55.162567138671875,48.017066955566406,1175970
2015-11-09,54.93909454345703,55.10893630981445,53.44628143310547,54.84970474243164,47.74474334716797,2427453
2015-11-10,55.189998626708984,55.189998626708984,53.380001068115234,54.68000030517578,47.59701919555664,2861300
2015-11-11,55.02000045776367,55.9900016784668,54.45000076293945,55.5099983215332,48.31950378417969,2004700
2015-11-12,56.119998931884766,58.650001525878906,55.040000915527344,55.130001068115234,47.98873519897461,2045400
2015-11-13,55.09000015258789,55.400001525878906,54.25,54.34000015258789,47.30105972290039,1258200
2015-11-16,54.16999816894531,54.33000183105469,53.5099983215332,53.970001220703125,46.97898483276367,1541500
2015-11-17,54.099998474121094,55.31999969482422,53.83000183105469,53.93000030517578,46.94416809082031,1463600
2015-11-18,53.79999923706055,54.2400016784668,53.52000045776367,53.9900016784668,46.99639892578125,2232800
2015-11-19,54.2400016784668,54.83000183105469,53.88999938964844,54.41999816894531,47.37070083618164,1271400
2015-11-20,54.630001068115234,55.31999969482422,54.56999969482422,55.130001068115234,47.98873519897461,1397800
2015-11-23,55.099998474121094,56.56999969482422,55.099998474121094,56.349998474121094,49.05069351196289,1509800
2015-11-24,55.56999969482422,56.34000015258789,54.88999938964844,56.33000183105469,49.03328323364258,2281300
2015-11-25,56.34000015258789,57.209999084472656,56.209999084472656,56.849998474121094,49.48591995239258,1799500
2015-11-27,57.150001525878906,57.279998779296875,56.7599983215332,57.04999923706055,49.66001892089844,487100
2015-11-30,56.88999938964844,57.060001373291016,56.02000045776367,56.16999816894531,48.894004821777344,1586200
2015-12-01,56.599998474121094,56.7599983215332,56.130001068115234,56.720001220703125,49.37276840209961,1711600
2015-12-02,56.4900016784668,56.7599983215332,56.060001373291016,56.29999923706055,49.007171630859375,1261000
2015-12-03,56.41999816894531,56.970001220703125,55.0099983215332,55.20000076293945,48.04966354370117,1632800
2015-12-04,55.529998779296875,57.61000061035156,55.36000061035156,57.43000030517578,49.99079895019531,1607000
2015-12-07,57.5,59.130001068115234,57.5,58.91999816894531,51.287784576416016,2009700
2015-12-08,58.459999084472656,59.720001220703125,58.2400016784668,59.18000030517578,51.51411056518555,2470600
2015-12-09,58.59000015258789,59.7400016784668,57.9900016784668,58.09000015258789,50.565311431884766,1442400
2015-12-10,58.220001220703125,58.70000076293945,57.58000183105469,57.75,50.269344329833984,1715300
2015-12-11,57.06999969482422,57.88999938964844,56.970001220703125,57.77000045776367,50.28675079345703,1269400
2015-12-14,57.880001068115234,59.189998626708984,57.63999938964844,58.59000015258789,51.00053787231445,1653600
2015-12-15,58.959999084472656,59.599998474121094,58.33000183105469,59.0,51.357421875,2516000
2015-12-16,59.4900016784668,60.13999938964844,58.209999084472656,59.290000915527344,51.609859466552734,2465100
2015-12-17,59.400001525878906,60.04999923706055,58.38999938964844,58.38999938964844,50.82644271850586,2216300
2015-12-18,59.630001068115234,63.040000915527344,59.47999954223633,62.5,54.40406036376953,8070300
2015-12-21,62.90999984741211,63.97999954223633,62.709999084472656,63.70000076293945,55.44861602783203,2557000
2015-12-22,64.11000061035156,64.37999725341797,63.2599983215332,64.08000183105469,55.77939224243164,2276200
2015-12-23,64.3499984741211,64.9000015258789,64.13999938964844,64.5,56.144989013671875,1450900
2015-12-24,64.44999694824219,64.83999633789062,64.30000305175781,64.55999755859375,56.19721984863281,623100
2015-12-28,64.55999755859375,64.72000122070312,63.54999923706055,64.30000305175781,55.970890045166016,1292600
2015-12-29,64.66999816894531,64.87999725341797,64.37000274658203,64.44999694824219,56.10145568847656,1221800
2015-12-30,64.55000305175781,64.86000061035156,64.22000122070312,64.29000091552734,55.962181091308594,768600
2015-12-31,64.12999725341797,64.23999786376953,63.58000183105469,63.63999938964844,55.3963737487793,857000
2016-01-04,62.880001068115234,63.06999969482422,62.33000183105469,62.75,54.62166976928711,1891200
2016-01-05,63.4900016784668,63.88999938964844,62.709999084472656,63.88999938964844,55.6140022277832,2077500
2016-01-06,62.83000183105469,63.61000061035156,62.560001373291016,62.91999816894531,55.2016487121582,2001100
2016-01-07,62.279998779296875,63.15999984741211,62.06999969482422,62.47999954223633,54.81563186645508,2587000
2016-01-08,62.650001525878906,63.38999938964844,61.880001068115234,62.0099983215332,54.40327835083008,1958100
2016-01-11,62.38999938964844,62.65999984741211,61.59000015258789,61.959999084472656,54.35941696166992,2096500
2016-01-12,62.31999969482422,62.599998474121094,61.400001525878906,62.5099983215332,54.841949462890625,2116600
2016-01-13,62.47999954223633,63.18000030517578,61.83000183105469,61.86000061035156,54.27167892456055,2867800
2016-01-14,61.849998474121094,62.0099983215332,60.20000076293945,61.66999816894531,54.10498809814453,2592900
2016-01-15,60.58000183105469,60.939998626708984,58.970001220703125,60.22999954223633,52.841636657714844,1693200
2016-01-19,61.02000045776367,61.5099983215332,60.349998474121094,60.83000183105469,53.36803436279297,1763000
2016-01-20,59.91999816894531,60.33000183105469,57.95000076293945,59.66999816894531,52.3503303527832,2160700
2016-01-21,59.5,60.7400016784668,58.88999938964844,60.31999969482422,52.92058563232422,2696500
2016-01-22,60.900001525878906,62.22999954223633,60.77000045776367,61.93000030517578,54.33309555053711,1839700
2016-01-25,62.099998474121094,62.59000015258789,61.310001373291016,61.470001220703125,53.92953109741211,2437100
2016-01-26,61.20000076293945,62.689998626708984,60.90999984741211,62.65999984741211,54.97354507446289,2065200
2016-01-27,62.25,63.15999984741211,61.810001373291016,62.59000015258789,54.912139892578125,2724000
2016-01-28,62.560001373291016,63.97999954223633,62.2599983215332,63.2599983215332,55.49995040893555,2442100
2016-01-29,62.70000076293945,63.2400016784668,61.59000015258789,63.060001373291016,55.32447814941406,2597000
2016-02-01,62.84000015258789,63.880001068115234,62.060001373291016,63.33000183105469,55.56136703491211,1985000
2016-02-02,62.650001525878906,63.380001068115234,61.689998626708984,62.150001525878906,54.5261116027832,2380000
2016-02-03,62.349998474121094,62.5099983215332,60.540000915527344,61.93000030517578,54.33309555053711,1679000
2016-02-04,61.650001525878906,62.09000015258789,61.0,61.52000045776367,53.973392486572266,1706400
2016-02-05,61.20000076293945,61.45000076293945,58.810001373291016,58.9900016784668,51.75374221801758,2432100
2016-02-08,58.70000076293945,59.810001373291016,58.220001220703125,59.540000915527344,52.236270904541016,2181000
2016-02-09,58.70000076293945,59.150001525878906,57.97999954223633,58.47999954223633,51.306304931640625,3542900
2016-02-10,59.0,59.08000183105469,57.58000183105469,57.59000015258789,50.52547836303711,2556100
2016-02-11,57.08000183105469,57.95000076293945,55.77000045776367,57.13999938964844,50.130680084228516,3807200
2016-02-12,57.630001068115234,59.040000915527344,57.189998626708984,58.66999816894531,51.472999572753906,1366000
2016-02-16,58.810001373291016,59.9900016784668,58.65999984741211,59.540000915527344,52.236270904541016,1352000
2016-02-17,59.63999938964844,61.650001525878906,59.400001525878906,61.540000915527344,53.99094009399414,2362800
2016-02-18,61.220001220703125,61.86000061035156,60.619998931884766,61.52000045776367,53.973392486572266,1630800
2016-02-19,61.529998779296875,61.83000183105469,60.2599983215332,61.189998626708984,53.68387222290039,1514700
2016-02-22,61.56999969482422,62.45000076293945,61.34000015258789,62.13999938964844,54.51734161376953,1229800
2016-02-23,62.369998931884766,63.86000061035156,62.0099983215332,62.86000061035156,55.149009704589844,2170000
2016-02-24,62.41999816894531,63.470001220703125,61.45000076293945,63.31999969482422,55.552581787109375,2040500
2016-02-25,63.369998931884766,63.880001068115234,62.86000061035156,63.7400016784668,55.92106628417969,884400
2016-02-26,63.689998626708984,64.36000061035156,63.45000076293945,63.7400016784668,55.92106628417969,1597400
2016-02-29,63.470001220703125,64.2300033569336,63.189998626708984,63.880001068115234,56.043888092041016,1136000
2016-03-01,64.30999755859375,64.66000366210938,63.939998626708984,64.25,56.368507385253906,1241300
2016-03-02,63.959999084472656,64.7300033569336,63.93000030517578,64.68000030517578,56.745750427246094,1233500
2016-03-03,64.51000213623047,65.0,63.52000045776367,64.81999969482422,56.86858367919922,1651700
2016-03-04,64.51000213623047,64.94999694824219,64.16000366210938,64.93000030517578,56.965091705322266,1004900
2016-03-07,64.76000213623047,65.33999633789062,64.5,65.1500015258789,57.15810775756836,1142100
2016-03-08,64.79000091552734,65.22000122070312,64.45999908447266,64.58000183105469,56.65803146362305,1167200
2016-03-09,67.0,68.0,66.01000213623047,66.93000030517578,58.719749450683594,4647900
2016-03-10,67.06999969482422,67.4000015258789,66.41000366210938,67.12000274658203,58.886444091796875,1907200
2016-03-11,67.44000244140625,68.26000213623047,67.22000122070312,67.56999969482422,59.281246185302734,2054000
2016-03-14,67.5,68.01000213623047,67.12999725341797,67.77999877929688,59.4654655456543,1124100
2016-03-15,67.5,67.7699966430664,66.66999816894531,66.83999633789062,58.640785217285156,1261800
2016-03-16,66.87000274658203,67.94999694824219,66.19000244140625,67.55999755859375,59.27246856689453,1077300
2016-03-17,67.36000061035156,67.98999786376953,66.80999755859375,67.58000183105469,59.29001998901367,1451400
2016-03-18,67.55000305175781,68.1500015258789,67.18000030517578,67.29000091552734,59.03559875488281,2537600
2016-03-21,67.29000091552734,67.5,66.94999694824219,67.22000122070312,58.974178314208984,1057500
2016-03-22,67.19000244140625,67.36000061035156,66.41999816894531,66.6500015258789,58.47410583496094,1040100
2016-03-23,66.77999877929688,67.19000244140625,66.30000305175781,66.5199966430664,58.360042572021484,959100
2016-03-24,66.47000122070312,66.47000122070312,65.29000091552734,65.7699966430664,57.7020378112793,1302000
2016-03-28,66.08999633789062,66.97000122070312,65.94000244140625,66.47000122070312,58.3161735534668,1022100
2016-03-29,66.47000122070312,66.81999969482422,66.12000274658203,66.62999725341797,58.45655059814453,1248800
2016-03-30,67.13999938964844,67.20999908447266,65.94000244140625,66.58000183105469,58.412689208984375,1431000
2016-03-31,66.37999725341797,66.76000213623047,65.58999633789062,66.30000305175781,58.16703796386719,1946100
2016-04-01,66.16000366210938,67.36000061035156,66.16000366210938,67.04000091552734,58.81625747680664,1721200
2016-04-04,67.41000366210938,68.62000274658203,66.48999786376953,67.33999633789062,59.0794563293457,3303400
2016-04-05,66.62000274658203,66.62000274658203,64.33999633789062,64.80000305175781,56.851036071777344,3905200
2016-04-06,65.25,66.38999938964844,64.9000015258789,64.98999786376953,57.01771926879883,3460400
2016-04-07,64.8499984741211,66.43000030517578,64.33000183105469,64.68000030517578,57.185707092285156,2975000
2016-04-08,65.01000213623047,65.01000213623047,64.0,64.79000091552734,57.28296661376953,2309700
2016-04-11,65.25,66.0999984741211,64.7300033569336,64.73999786376953,57.23876190185547,3573600
2016-04-12,64.80000305175781,66.11000061035156,64.80000305175781,65.87999725341797,58.246665954589844,2567100
2016-04-13,66.0,66.38999938964844,65.25,65.58000183105469,57.981441497802734,1726700
2016-04-14,65.4800033569336,65.66000366210938,64.55000305175781,64.8499984741211,57.33601760864258,2124000
2016-04-15,64.9800033569336,65.1500015258789,64.0999984741211,64.19999694824219,56.761322021484375,2723600
2016-04-18,64.5,64.95999908447266,64.30999755859375,64.79000091552734,57.28296661376953,1511300
2016-04-19,63.720001220703125,63.900001525878906,62.75,63.189998626708984,55.868350982666016,2581600
2016-04-20,63.279998779296875,63.88999938964844,63.06999969482422,63.13999938964844,55.82414627075195,1909000
2016-04-21,63.45000076293945,64.1500015258789,62.790000915527344,62.790000915527344,55.51469802856445,1989700
2016-04-22,62.75,63.40999984741211,62.5099983215332,63.29999923706055,55.96561050415039,1713400
2016-04-25,63.13999938964844,63.599998474121094,63.029998779296875,63.459999084472656,56.10707473754883,832200
2016-04-26,63.470001220703125,64.0199966430664,63.41999816894531,63.86000061035156,56.46072006225586,1367100
2016-04-27,63.689998626708984,63.97999954223633,63.20000076293945,63.63999938964844,56.26620864868164,1599100
2016-04-28,63.040000915527344,63.630001068115234,62.11000061035156,63.150001525878906,55.83299255371094,1703500
2016-04-29,63.06999969482422,63.36000061035156,61.9900016784668,62.25,55.03727722167969,1421900
2016-05-02,62.40999984741211,63.650001525878906,62.27000045776367,63.61000061035156,56.239688873291016,1787900
2016-05-03,63.290000915527344,64.0999984741211,63.150001525878906,63.47999954223633,56.124755859375,1480300
2016-05-04,63.189998626708984,64.0999984741211,63.15999984741211,63.93000030517578,56.522605895996094,888500
2016-05-05,63.529998779296875,64.0199966430664,62.81999969482422,62.970001220703125,55.673851013183594,1300200
2016-05-06,62.880001068115234,63.09000015258789,61.900001525878906,62.4900016784668,55.24946594238281,1817700
2016-05-09,62.4900016784668,64.6500015258789,62.459999084472656,64.44999694824219,56.98236083984375,1311700
2016-05-10,64.47000122070312,64.69999694824219,63.790000915527344,64.66000366210938,57.16802978515625,1261700
2016-05-11,64.43000030517578,64.6500015258789,62.9900016784668,63.119998931884766,55.806461334228516,1420300
2016-05-12,63.36000061035156,64.1500015258789,62.959999084472656,63.810001373291016,56.41651916503906,1381900
2016-05-13,63.54999923706055,64.05999755859375,62.869998931884766,63.310001373291016,55.974449157714844,1502600
2016-05-16,63.119998931884766,63.43000030517578,62.7400016784668,63.279998779296875,55.947933197021484,1529900
2016-05-17,63.900001525878906,64.7300033569336,63.45000076293945,63.900001525878906,56.496089935302734,2678200
2016-05-18,63.5099983215332,64.08000183105469,62.29999923706055,63.040000915527344,55.73573684692383,2792100
2016-05-19,62.88999938964844,65.91000366210938,62.88999938964844,65.9000015258789,58.26435852050781,3373400
2016-05-20,66.0,66.43000030517578,65.45999908447266,66.1500015258789,58.485389709472656,2047000
2016-05-23,66.16999816894531,66.20999908447266,64.95999908447266,65.0,57.4686279296875,2990400
2016-05-24,65.0999984741211,66.04000091552734,64.94999694824219,65.80000305175781,58.175941467285156,1260100
2016-05-25,65.87000274658203,66.54000091552734,65.30000305175781,66.25,58.573795318603516,1348500
2016-05-26,66.69999694824219,67.66000366210938,66.54000091552734,67.27999877929688,59.48445510864258,1976400
2016-05-27,67.48999786376953,67.97000122070312,67.2699966430664,67.4800033569336,59.66128921508789,1067000
2016-05-31,67.5999984741211,67.9000015258789,67.05999755859375,67.83000183105469,59.970733642578125,3095500
2016-06-01,67.55999755859375,68.26000213623047,67.33000183105469,67.43000030517578,59.6170654296875,1934400
2016-06-02,67.25,67.9800033569336,66.9800033569336,67.80000305175781,59.944210052490234,1278100
2016-06-03,67.47000122070312,67.87000274658203,67.19000244140625,67.75,59.89999008178711,1093200
2016-06-06,67.81999969482422,67.87999725341797,66.95999908447266,67.3499984741211,59.54634094238281,1526200
2016-06-07,67.58000183105469,67.79000091552734,67.22000122070312,67.44999694824219,59.6347541809082,1243400
2016-06-08,67.30999755859375,67.55999755859375,67.12000274658203,67.38999938964844,59.58171844482422,856800
2016-06-09,67.51000213623047,68.68000030517578,67.43000030517578,68.33000183105469,60.41279602050781,1589200
2016-06-10,67.94000244140625,68.16000366210938,67.55999755859375,67.80999755859375,59.95305633544922,837800
2016-06-13,67.52999877929688,68.1500015258789,67.5199966430664,67.7300033569336,59.88232421875,1203000
2016-06-14,67.63999938964844,68.5,67.62999725341797,68.08000183105469,60.191768646240234,1435600
2016-06-15,67.2699966430664,68.12000274658203,66.81999969482422,67.48999786376953,59.670127868652344,1608200
2016-06-16,67.25,67.68000030517578,67.08000183105469,67.52999877929688,59.70548629760742,1083200
2016-06-17,67.37000274658203,67.63999938964844,66.87000274658203,67.47000122070312,59.65245056152344,1292900
2016-06-20,67.91999816894531,68.25,67.55999755859375,67.70999908447266,59.8646354675293,1059200
2016-06-21,67.58000183105469,67.70999908447266,67.0199966430664,67.19999694824219,59.41372299194336,1586200
2016-06-22,67.30999755859375,67.36000061035156,66.94999694824219,67.18000030517578,59.396034240722656,1333600
2016-06-23,67.66999816894531,67.98999786376953,67.41999816894531,67.9800033569336,60.10334396362305,1044300
2016-06-24,66.7300033569336,67.7300033569336,66.58000183105469,66.83999633789062,59.095436096191406,3753400
2016-06-27,66.3499984741211,66.54000091552734,64.51000213623047,64.94000244140625,57.415584564208984,4245900
2016-06-28,65.19999694824219,65.51000213623047,64.47000122070312,65.23999786376953,57.680824279785156,2236400
2016-06-29,65.79000091552734,66.44999694824219,65.3499984741211,65.95999908447266,58.31740188598633,4975900
2016-06-30,64.08999633789062,64.2699966430664,62.529998779296875,63.34000015258789,56.0009765625,6361400
2016-07-01,63.16999816894531,63.810001373291016,62.529998779296875,63.0,55.700374603271484,5500900
2016-07-05,62.5,62.939998626708984,61.380001068115234,61.4900016784668,54.36532974243164,3875400
2016-07-06,61.599998474121094,62.58000183105469,61.52000045776367,62.220001220703125,55.010738372802734,2727500
2016-07-07,61.70000076293945,62.459999084472656,61.68000030517578,62.06999969482422,55.37653350830078,2174400
2016-07-08,62.16999816894531,62.689998626708984,61.849998474121094,62.029998779296875,55.340843200683594,2177000
2016-07-11,62.43000030517578,62.880001068115234,62.06999969482422,62.619998931884766,55.86721420288086,2877300
2016-07-12,62.970001220703125,62.970001220703125,62.400001525878906,62.79999923706055,56.02781677246094,2479700
2016-07-13,62.16999816894531,62.849998474121094,62.16999816894531,62.68000030517578,55.92075729370117,2205300
2016-07-14,63.16999816894531,63.869998931884766,62.849998474121094,63.150001525878906,56.34006881713867,3176400
2016-07-15,63.189998626708984,63.27000045776367,62.45000076293945,62.47999954223633,55.742313385009766,2218500
2016-07-18,62.47999954223633,62.66999816894531,62.209999084472656,62.310001373291016,55.59064865112305,1570600
2016-07-19,62.439998626708984,62.61000061035156,62.2599983215332,62.380001068115234,55.65310287475586,1700800
2016-07-20,62.560001373291016,62.95000076293945,62.41999816894531,62.68000030517578,55.92075729370117,1449400
2016-07-21,62.540000915527344,62.77000045776367,61.81999969482422,61.9900016784668,55.30515670776367,2007000
2016-07-22,62.11000061035156,62.849998474121094,62.0,62.560001373291016,55.813690185546875,1794500
2016-07-25,62.68000030517578,63.209999084472656,62.47999954223633,63.13999938964844,56.33115005493164,1399100
2016-07-26,62.189998626708984,62.52000045776367,60.61000061035156,60.720001220703125,54.1721076965332,3072400
2016-07-27,60.650001525878906,60.91999816894531,59.66999816894531,59.68000030517578,53.24425506591797,3328300
2016-07-28,59.52000045776367,61.25,59.5,61.130001068115234,54.53790283203125,1984400
2016-07-29,61.08000183105469,61.720001220703125,60.81999969482422,61.560001373291016,54.92153549194336,2156900
2016-08-01,61.470001220703125,62.099998474121094,61.18000030517578,61.70000076293945,55.046424865722656,1822200
2016-08-02,61.380001068115234,61.63999938964844,60.2599983215332,60.2599983215332,53.76171875,1949300
2016-08-03,60.150001525878906,60.83000183105469,59.93000030517578,60.720001220703125,54.1721076965332,2086100
2016-08-04,60.95000076293945,61.599998474121094,60.81999969482422,61.04999923706055,54.466522216796875,1688100
2016-08-05,61.290000915527344,62.529998779296875,61.20000076293945,62.41999816894531,55.68878936767578,1938300
2016-08-08,62.75,62.75,61.88999938964844,62.16999816894531,55.46574020385742,1395600
2016-08-09,61.869998931884766,62.61000061035156,61.86000061035156,62.310001373291016,55.59064865112305,1659400
2016-08-10,62.150001525878906,62.27000045776367,61.439998626708984,61.540000915527344,54.9036865234375,1986600
2016-08-11,62.0,62.72999954223633,61.65999984741211,62.66999816894531,55.911827087402344,2314100
2016-08-12,62.52000045776367,63.16999816894531,62.459999084472656,62.75,55.98320388793945,1029100
2016-08-15,62.66999816894531,62.97999954223633,62.34000015258789,62.369998931884766,55.64418029785156,1242500
2016-08-16,62.22999954223633,62.619998931884766,61.970001220703125,62.27000045776367,55.554962158203125,1311200
2016-08-17,62.34000015258789,62.47999954223633,61.91999816894531,62.41999816894531,55.68878936767578,1381200
2016-08-18,62.279998779296875,62.7400016784668,62.119998931884766,62.619998931884766,55.86721420288086,1374800
2016-08-19,62.400001525878906,62.459999084472656,61.59000015258789,61.630001068115234,54.983978271484375,1293100
2016-08-22,61.630001068115234,61.779998779296875,61.22999954223633,61.47999954223633,54.85015869140625,1042100
2016-08-23,61.90999984741211,62.52000045776367,61.77000045776367,62.459999084472656,55.72447204589844,1040100
2016-08-24,62.630001068115234,63.220001220703125,62.5099983215332,62.959999084472656,56.17055892944336,1789700
2016-08-25,62.959999084472656,63.209999084472656,62.83000183105469,63.0,56.20624542236328,1371700
2016-08-26,62.709999084472656,63.150001525878906,60.90999984741211,61.189998626708984,54.591426849365234,1836600
2016-08-29,61.099998474121094,61.66999816894531,61.0099983215332,61.2400016784668,54.63603973388672,1239900
2016-08-30,61.31999969482422,61.349998474121094,60.83000183105469,60.880001068115234,54.314857482910156,1141800
2016-08-31,60.97999954223633,61.790000915527344,60.88999938964844,61.63999938964844,54.99290466308594,2317400
2016-09-01,61.650001525878906,61.900001525878906,61.15999984741211,61.88999938964844,55.215946197509766,1326300
2016-09-02,62.06999969482422,62.709999084472656,62.06999969482422,62.33000183105469,55.60848617553711,1252800
2016-09-06,62.540000915527344,62.86000061035156,62.04999923706055,62.56999969482422,55.82261276245117,1252500
2016-09-07,62.279998779296875,63.18000030517578,62.189998626708984,62.93000030517578,56.1437873840332,1167000
2016-09-08,62.939998626708984,63.119998931884766,62.40999984741211,62.41999816894531,55.68878936767578,1005600
2016-09-09,62.15999984741211,62.25,61.380001068115234,61.45000076293945,54.823394775390625,1115600
2016-09-12,61.560001373291016,63.13999938964844,61.54999923706055,63.060001373291016,56.259769439697266,2066000
2016-09-13,62.7400016784668,62.810001373291016,62.099998474121094,62.599998474121094,55.84937286376953,1312000
2016-09-14,62.290000915527344,62.31999969482422,61.33000183105469,61.66999816894531,55.0196647644043,1649600
2016-09-15,61.560001373291016,62.15999984741211,61.220001220703125,62.119998931884766,55.421138763427734,1576400
2016-09-16,62.15999984741211,62.25,61.84000015258789,61.95000076293945,55.269474029541016,2941000
2016-09-19,62.220001220703125,62.349998474121094,61.310001373291016,61.38999938964844,54.76985549926758,721100
2016-09-20,61.70000076293945,61.90999984741211,61.310001373291016,61.47999954223633,54.85015869140625,818100
2016-09-21,61.38999938964844,62.43000030517578,61.38999938964844,62.36000061035156,55.63526153564453,1121300
2016-09-22,62.4900016784668,62.81999969482422,61.91999816894531,61.9900016784668,55.30515670776367,1115700
2016-09-23,61.68000030517578,63.40999984741211,61.68000030517578,63.04999923706055,56.250850677490234,1704300
2016-09-26,62.79999923706055,63.09000015258789,62.41999816894531,62.470001220703125,55.733394622802734,1273700
2016-09-27,62.630001068115234,62.72999954223633,61.25,61.52000045776367,54.88583755493164,1587400
2016-09-28,61.380001068115234,61.61000061035156,60.5,61.13999938964844,54.546817779541016,2051500
2016-09-29,61.060001373291016,61.43000030517578,60.630001068115234,60.630001068115234,54.09181594848633,1125500
2016-09-30,60.61000061035156,61.5,60.61000061035156,61.31999969482422,54.70741271972656,2300300
2016-10-03,60.86000061035156,61.47999954223633,60.15999984741211,61.36000061035156,54.743099212646484,3757700
2016-10-04,63.599998474121094,63.900001525878906,61.290000915527344,61.720001220703125,55.06428146362305,6515000
2016-10-05,61.540000915527344,62.220001220703125,61.31999969482422,61.560001373291016,55.42441940307617,2613100
2016-10-06,61.400001525878906,61.599998474121094,60.689998626708984,60.95000076293945,54.87520980834961,1626800
2016-10-07,61.27000045776367,61.7599983215332,61.040000915527344,61.630001068115234,55.487430572509766,1607100
2016-10-10,61.81999969482422,62.56999969482422,61.65999984741211,62.36000061035156,56.14468002319336,1458700
2016-10-11,62.54999923706055,62.70000076293945,61.970001220703125,62.400001525878906,56.18069076538086,1744400
2016-10-12,62.529998779296875,63.15999984741211,62.18000030517578,62.79999923706055,56.54081726074219,1386300
2016-10-13,62.540000915527344,62.59000015258789,62.09000015258789,62.18000030517578,55.98261642456055,972400
2016-10-14,62.25,62.880001068115234,62.20000076293945,62.22999954223633,56.02762985229492,861600
2016-10-17,62.2599983215332,63.95000076293945,62.2599983215332,62.56999969482422,56.333744049072266,1814300
2016-10-18,63.40999984741211,63.61000061035156,62.75,63.029998779296875,56.747886657714844,1204600
2016-10-19,63.220001220703125,63.45000076293945,62.779998779296875,63.369998931884766,57.05400848388672,1131500
2016-10-20,63.06999969482422,63.34000015258789,62.560001373291016,62.880001068115234,56.612850189208984,2422300
2016-10-21,62.97999954223633,63.41999816894531,62.689998626708984,63.06999969482422,56.78390884399414,1104900
2016-10-24,63.27000045776367,63.439998626708984,63.02000045776367,63.310001373291016,56.99999237060547,1050800
2016-10-25,62.66999816894531,62.75,61.290000915527344,61.720001220703125,55.56846237182617,1801300
2016-10-26,61.400001525878906,61.9900016784668,60.970001220703125,61.15999984741211,55.06428527832031,1921900
2016-10-27,61.33000183105469,61.91999816894531,61.290000915527344,61.52000045776367,55.38839340209961,679300
2016-10-28,61.66999816894531,62.84000015258789,61.4900016784668,62.61000061035156,56.36975860595703,947400
2016-10-31,62.970001220703125,64.87000274658203,62.939998626708984,64.79000091552734,58.332481384277344,2386600
2016-11-01,64.54000091552734,65.16999816894531,64.11000061035156,64.33999633789062,57.92732238769531,1943300
2016-11-02,64.26000213623047,65.2699966430664,64.13999938964844,64.62000274658203,58.1794319152832,1640500
2016-11-03,64.63999938964844,64.94000244140625,63.68000030517578,63.79999923706055,57.441158294677734,1897300
2016-11-04,63.689998626708984,64.45999908447266,63.2599983215332,63.86000061035156,57.49517059326172,1764800
2016-11-07,64.43000030517578,65.55999755859375,64.43000030517578,65.5,58.971717834472656,1405600
2016-11-08,65.30999755859375,65.81999969482422,65.0,65.61000061035156,59.07075500488281,1250300
2016-11-09,64.9000015258789,68.9000015258789,64.54000091552734,68.58000183105469,61.744720458984375,2978700
2016-11-10,68.5999984741211,70.0,68.51000213623047,69.30999755859375,62.4019660949707,2985600
2016-11-11,69.20999908447266,70.19000244140625,69.0,70.12000274658203,63.131248474121094,2293000
2016-11-14,70.44999694824219,72.56999969482422,70.33999633789062,72.51000213623047,65.28303527832031,2745500
2016-11-15,72.48999786376953,73.27999877929688,72.01000213623047,73.06999969482422,65.7872085571289,3026300
2016-11-16,72.75,72.80000305175781,71.55000305175781,71.5999984741211,64.4637451171875,2667200
2016-11-17,71.5199966430664,72.55999755859375,70.97000122070312,72.47000122070312,65.24702453613281,2041100
2016-11-18,72.44000244140625,72.8499984741211,71.91999816894531,72.83999633789062,65.58016204833984,1396000
2016-11-21,72.66000366210938,73.19000244140625,72.61000061035156,73.13999938964844,65.8502426147461,1312900
2016-11-22,73.16000366210938,74.47000122070312,73.16000366210938,74.0,66.62454223632812,2469500
2016-11-23,73.9800033569336,74.7300033569336,73.80999755859375,74.48999786376953,67.065673828125,782100
2016-11-25,74.9000015258789,74.98999786376953,74.5,74.94999694824219,67.47984313964844,278700
2016-11-28,74.23999786376953,74.61000061035156,73.66999816894531,73.93000030517578,66.5615005493164,1084800
2016-11-29,73.0,73.02999877929688,72.26000213623047,72.87999725341797,65.61616516113281,2354400
2016-11-30,72.8499984741211,73.5,72.6500015258789,73.30000305175781,65.99430847167969,2509800
2016-12-01,73.86000061035156,75.83999633789062,73.55999755859375,75.79000091552734,68.23612213134766,1994900
2016-12-02,75.69999694824219,75.83000183105469,74.98999786376953,75.04000091552734,67.5608901977539,1666900
2016-12-05,75.5999984741211,76.7300033569336,75.44999694824219,76.70999908447266,69.06442260742188,1677900
2016-12-06,76.2699966430664,77.44999694824219,75.76000213623047,77.25,69.55060577392578,2109800
2016-12-07,77.30000305175781,78.6500015258789,76.86000061035156,78.58999633789062,70.75703430175781,1395300
2016-12-08,78.47000122070312,79.27999877929688,76.77999877929688,78.94000244140625,71.07218170166016,2863300
2016-12-09,79.19000244140625,79.43000030517578,78.3499984741211,78.5999984741211,70.76605224609375,1612000
2016-12-12,78.02999877929688,78.41999816894531,77.70999908447266,78.08999633789062,70.30687713623047,2191400
2016-12-13,78.01000213623047,78.18000030517578,76.38999938964844,76.86000061035156,69.19950103759766,2134800
2016-12-14,77.08000183105469,77.19000244140625,76.11000061035156,76.4000015258789,68.78533172607422,1808300
2016-12-15,76.66999816894531,76.80999755859375,75.55999755859375,75.76000213623047,68.20911407470703,1785900
2016-12-16,75.73999786376953,76.0,74.88999938964844,75.52999877929688,68.00202941894531,3316000
2016-12-19,75.30999755859375,76.36000061035156,74.76000213623047,75.68000030517578,68.1371078491211,2255100
2016-12-20,76.5,78.16000366210938,75.05000305175781,75.73999786376953,68.19111633300781,3105300
2016-12-21,75.69999694824219,76.2300033569336,75.20999908447266,75.73999786376953,68.19111633300781,1459900
2016-12-22,75.69999694824219,75.69999694824219,74.13999938964844,74.56999969482422,67.1377182006836,1098200
2016-12-23,74.41000366210938,74.66999816894531,73.7300033569336,74.4800033569336,67.05669403076172,633600
2016-12-27,74.7699966430664,75.22000122070312,74.31999969482422,74.37000274658203,66.9576644897461,641900
2016-12-28,74.27999877929688,74.87000274658203,73.3499984741211,73.68000030517578,66.33643341064453,954900
2016-12-29,73.76000213623047,74.23999786376953,73.56999969482422,73.77999877929688,66.42646789550781,540700
2016-12-30,73.56999969482422,73.73999786376953,72.02999877929688,72.72000122070312,65.47212219238281,1453100
2017-01-03,73.19999694824219,73.2300033569336,71.19000244140625,72.05999755859375,64.87789154052734,2143800
2017-01-04,72.1500015258789,72.76000213623047,71.81999969482422,72.08999633789062,64.9049072265625,1907500
2017-01-05,72.95999908447266,72.95999908447266,71.68000030517578,72.33000183105469,65.12096405029297,1840400
2017-01-06,72.08999633789062,72.36000061035156,71.33999633789062,71.55000305175781,64.9213638305664,2240000
2017-01-09,71.48999786376953,72.0,71.0199966430664,71.55999755859375,64.93043518066406,1466200
2017-01-10,71.66000366210938,72.62999725341797,71.55000305175781,72.25,65.55651092529297,2029500
2017-01-11,72.04000091552734,73.08999633789062,72.04000091552734,72.88999938964844,66.13720703125,1952100
2017-01-12,72.87000274658203,74.05999755859375,72.68000030517578,73.80999755859375,66.97196960449219,2122200
2017-01-13,73.68000030517578,73.83000183105469,72.9000015258789,73.37000274658203,66.57274627685547,1410200
2017-01-17,73.13999938964844,74.05000305175781,72.7300033569336,72.87999725341797,66.12814331054688,1331300
2017-01-18,73.26000213623047,73.26000213623047,72.43000030517578,73.16000366210938,66.38220977783203,852400
2017-01-19,72.91999816894531,73.29000091552734,72.36000061035156,72.58999633789062,65.8650131225586,1140000
2017-01-20,72.73999786376953,73.66000366210938,72.62999725341797,73.44000244140625,66.6362533569336,1224500
2017-01-23,73.37999725341797,73.44000244140625,72.44000244140625,73.0,66.23703002929688,1436200
2017-01-24,73.22000122070312,73.81999969482422,73.05999755859375,73.66999816894531,66.8449478149414,1137900
2017-01-25,72.95999908447266,73.69999694824219,72.5,73.56999969482422,66.75420379638672,1435900
2017-01-26,73.76000213623047,74.45999908447266,73.4000015258789,73.55000305175781,66.73607635498047,749000
2017-01-27,73.68000030517578,73.81999969482422,72.69999694824219,73.55999755859375,66.7451400756836,1100700
2017-01-30,74.04000091552734,74.04000091552734,73.0199966430664,73.81999969482422,66.9810562133789,1139400
2017-01-31,73.95999908447266,74.08999633789062,72.79000091552734,73.27999877929688,66.49109649658203,1132500
2017-02-01,73.26000213623047,73.69000244140625,71.7300033569336,72.18000030517578,65.49299621582031,1898600
2017-02-02,72.08000183105469,72.3499984741211,71.43000030517578,71.62999725341797,64.99394989013672,1709000
2017-02-03,72.97000122070312,73.18000030517578,71.62999725341797,71.81999969482422,65.16634368896484,1681200
2017-02-06,71.80000305175781,72.95999908447266,71.68000030517578,72.33000183105469,65.62909698486328,2188300
2017-02-07,72.4000015258789,73.2300033569336,71.80999755859375,71.8499984741211,65.19355773925781,1263600
2017-02-08,71.69999694824219,73.51000213623047,71.69999694824219,73.44000244140625,66.6362533569336,982800
2017-02-09,73.45999908447266,75.22000122070312,73.18000030517578,75.06999969482422,68.11526489257812,1592900
2017-02-10,75.33000183105469,76.76000213623047,75.31999969482422,76.27999877929688,69.21314239501953,1690400
2017-02-13,76.41999816894531,76.70999908447266,76.0199966430664,76.08000183105469,69.03168487548828,1156000
2017-02-14,75.4000015258789,76.25,74.8499984741211,76.23999786376953,69.1768569946289,1057100
2017-02-15,76.05999755859375,76.30000305175781,75.2699966430664,75.73999786376953,68.72319030761719,1395100
2017-02-16,75.98999786376953,76.30000305175781,75.44000244140625,75.80000305175781,68.7776107788086,658400
2017-02-17,75.69999694824219,76.75,75.61000061035156,76.7300033569336,69.62146759033203,1195900
2017-02-21,76.54000091552734,77.11000061035156,76.44000244140625,76.69999694824219,69.59423828125,1269500
2017-02-22,75.91999816894531,76.1500015258789,74.87999725341797,75.41999816894531,68.43282318115234,1471800
2017-02-23,75.51000213623047,76.05999755859375,75.20999908447266,75.45999908447266,68.4691162109375,1089000
2017-02-24,75.0199966430664,75.66000366210938,74.62000274658203,75.45999908447266,68.4691162109375,1160000
2017-02-27,75.51000213623047,75.6500015258789,74.30999755859375,74.52999877929688,67.62527465820312,1410700
2017-02-28,74.6500015258789,75.0199966430664,74.33999633789062,74.68000030517578,67.76139068603516,1602300
2017-03-01,75.43000030517578,75.4800033569336,74.7300033569336,74.88999938964844,67.95191955566406,929800
2017-03-02,74.8499984741211,75.55000305175781,74.61000061035156,75.47000122070312,68.4781723022461,1065700
2017-03-03,75.4000015258789,75.44000244140625,74.48999786376953,75.11000061035156,68.15155029296875,696600
2017-03-06,74.97000122070312,75.2300033569336,74.20999908447266,74.68000030517578,67.76139068603516,1118000
2017-03-07,74.79000091552734,74.79000091552734,74.11000061035156,74.51000213623047,67.60713195800781,1329800
2017-03-08,74.56999969482422,75.54000091552734,74.5199966430664,75.18000030517578,68.21507263183594,1218900
2017-03-09,75.06999969482422,75.58999633789062,74.87999725341797,75.22000122070312,68.25135040283203,778100
2017-03-10,75.16000366210938,75.80000305175781,73.83000183105469,74.16000366210938,67.28955078125,2159700
2017-03-13,74.36000061035156,74.55000305175781,73.80999755859375,74.44999694824219,67.55268859863281,1863300
2017-03-14,74.58999633789062,74.75,74.01000213623047,74.61000061035156,67.6978759765625,1026400
2017-03-15,74.55000305175781,75.91999816894531,74.30999755859375,75.83000183105469,68.80484008789062,1400000
2017-03-16,75.83999633789062,76.12000274658203,75.23999786376953,75.4000015258789,68.41468048095703,956500
2017-03-17,75.7699966430664,77.06999969482422,75.54000091552734,76.66000366210938,69.55796813964844,2140500
2017-03-20,76.69000244140625,77.0999984741211,76.33999633789062,76.86000061035156,69.73941802978516,932300
2017-03-21,77.0,77.4000015258789,76.45999908447266,76.5999984741211,69.5035171508789,1381200
2017-03-22,76.54000091552734,77.16000366210938,76.30999755859375,77.0,69.866455078125,1370100
2017-03-23,77.08000183105469,77.52999877929688,76.58000183105469,76.63999938964844,69.53981018066406,1221700
2017-03-24,76.66000366210938,77.16000366210938,76.45999908447266,76.70999908447266,69.60330963134766,1242600
2017-03-27,76.05999755859375,76.54000091552734,75.19999694824219,75.58000183105469,68.5780029296875,2614300
2017-03-28,78.9800033569336,82.81999969482422,78.91000366210938,82.62000274658203,74.96581268310547,10816000
2017-03-29,81.94999694824219,83.0999984741211,81.58000183105469,82.56999969482422,74.92042541503906,3739100
2017-03-30,82.30000305175781,83.02999877929688,82.02999877929688,82.83000183105469,75.15633392333984,1825300
2017-03-31,82.83000183105469,84.12999725341797,82.51000213623047,83.66999816894531,75.91852569580078,3256600
2017-04-03,83.63999938964844,83.79000091552734,82.8499984741211,83.20999908447266,75.50114440917969,2064700
2017-04-04,83.11000061035156,84.43000030517578,82.66999816894531,83.9800033569336,76.1998062133789,2184700
2017-04-05,84.1500015258789,84.55000305175781,82.69999694824219,82.87999725341797,75.20170593261719,1589200
2017-04-06,82.70999908447266,83.62999725341797,82.37999725341797,83.37999725341797,76.1700439453125,1616500
2017-04-07,83.20999908447266,83.47000122070312,82.68000030517578,82.83999633789062,75.67674255371094,1528700
2017-04-10,82.9800033569336,83.30000305175781,82.62999725341797,82.69999694824219,75.54885864257812,1048100
2017-04-11,82.79000091552734,83.01000213623047,82.36000061035156,82.94000244140625,75.76810455322266,1025600
2017-04-12,83.02999877929688,83.18000030517578,82.05999755859375,82.48999786376953,75.35700225830078,1601100
2017-04-13,82.41000366210938,82.83000183105469,81.87000274658203,81.97000122070312,74.88197326660156,951800
2017-04-17,82.4000015258789,82.6500015258789,82.05999755859375,82.63999938964844,75.4940414428711,1169500
2017-04-18,82.58000183105469,83.27999877929688,82.43000030517578,82.72000122070312,75.5671157836914,825300
2017-04-19,83.20999908447266,83.44999694824219,82.58000183105469,83.04000091552734,75.85945129394531,1037500
2017-04-20,83.36000061035156,84.06999969482422,82.91000366210938,84.05000305175781,76.7821044921875,1284100
2017-04-21,84.0999984741211,84.43000030517578,83.37999725341797,84.16000366210938,76.88260650634766,1182000
2017-04-24,84.94999694824219,85.76000213623047,84.47000122070312,85.18000030517578,77.81439208984375,1901400
2017-04-25,85.18000030517578,85.7300033569336,84.76000213623047,85.55000305175781,78.15242004394531,1809000
2017-04-26,85.52999877929688,86.44000244140625,85.2699966430664,86.05000305175781,78.60916900634766,2665000
2017-04-27,86.18000030517578,86.44000244140625,85.54000091552734,85.95999908447266,78.52696228027344,1813600
2017-04-28,85.98999786376953,85.98999786376953,85.04000091552734,85.19000244140625,77.82354736328125,1906600
2017-05-01,85.41999816894531,85.83000183105469,85.08999633789062,85.62999725341797,78.22549438476562,662800
2017-05-02,86.08999633789062,87.08000183105469,85.72000122070312,86.81999969482422,79.31258392333984,1369700
2017-05-03,86.54000091552734,87.62999725341797,86.54000091552734,87.41999816894531,79.8607177734375,836600
2017-05-04,87.19000244140625,87.5,86.44000244140625,87.33000183105469,79.77848052978516,1116600
2017-05-05,87.41999816894531,87.58000183105469,86.61000061035156,87.33000183105469,79.77848052978516,1244200
2017-05-08,87.30000305175781,87.55999755859375,86.94000244140625,87.08000183105469,79.55013275146484,803200
2017-05-09,87.3499984741211,87.58000183105469,86.91000366210938,87.2699966430664,79.72367095947266,728700
2017-05-10,87.33000183105469,87.83999633789062,86.80999755859375,87.62999725341797,80.05254364013672,743200
2017-05-11,87.37000274658203,88.51000213623047,86.61000061035156,88.22000122070312,80.59153747558594,1501700
2017-05-12,88.4000015258789,89.13999938964844,88.27999877929688,88.30999755859375,80.67375946044922,1347900
2017-05-15,88.33999633789062,88.83000183105469,88.0,88.4000015258789,80.75597381591797,1235100
2017-05-16,88.2300033569336,88.2300033569336,85.69000244140625,85.95999908447266,78.52696228027344,2655000
2017-05-17,85.95999908447266,86.19000244140625,85.2699966430664,85.52999877929688,78.1341323852539,1128200
2017-05-18,85.63999938964844,86.62999725341797,85.1500015258789,86.44999694824219,78.97457885742188,1042600
2017-05-19,86.48999786376953,87.22000122070312,86.4000015258789,86.95999908447266,79.44046783447266,815800
2017-05-22,87.27999877929688,87.75,87.0,87.4000015258789,79.84243774414062,965000
2017-05-23,87.55999755859375,87.55999755859375,86.1500015258789,86.63999938964844,79.14816284179688,819200
2017-05-24,86.9000015258789,87.36000061035156,86.5199966430664,87.20999908447266,79.66887664794922,1026700
2017-05-25,86.88999938964844,88.41999816894531,86.36000061035156,88.0999984741211,80.48190307617188,960100
2017-05-26,88.0999984741211,88.33999633789062,87.66000366210938,87.94999694824219,80.3448715209961,708400
2017-05-30,87.80000305175781,87.9000015258789,87.2699966430664,87.48999786376953,79.92465209960938,817700
2017-05-31,87.56999969482422,88.94999694824219,86.81999969482422,88.93000030517578,81.2401351928711,2050000
2017-06-01,89.0,90.08999633789062,88.62999725341797,90.08999633789062,82.29983520507812,1273500
2017-06-02,90.29000091552734,91.75,90.16000366210938,91.30000305175781,83.40519714355469,1104000
2017-06-05,91.0,92.29000091552734,90.95999908447266,91.81999969482422,83.8802261352539,1336300
2017-06-06,91.69000244140625,92.37000274658203,91.61000061035156,91.9800033569336,84.02641296386719,1241800
2017-06-07,92.0,93.0199966430664,92.0,92.05000305175781,84.0903549194336,1314300
2017-06-08,92.05000305175781,92.87999725341797,91.69999694824219,91.8499984741211,83.90763092041016,1072100
2017-06-09,92.12000274658203,92.79000091552734,91.58000183105469,92.12000274658203,84.154296875,1103000
2017-06-12,92.0199966430664,92.68000030517578,91.7699966430664,91.94000244140625,83.98986053466797,1224100
2017-06-13,91.06999969482422,91.26000213623047,89.83000183105469,90.0199966430664,82.23587799072266,2548000
2017-06-14,90.01000213623047,90.83000183105469,89.83999633789062,90.47000122070312,82.64698028564453,1607000
2017-06-15,90.26000213623047,90.68000030517578,89.2699966430664,89.80000305175781,82.03491973876953,1471800
2017-06-16,89.33000183105469,89.56999969482422,88.52999877929688,89.30000305175781,81.57814025878906,1829500
2017-06-19,89.5,90.68000030517578,89.38999938964844,90.56999969482422,82.73831176757812,1082300
2017-06-20,90.13999938964844,90.30999755859375,88.62999725341797,88.68000030517578,81.01176452636719,1141600
2017-06-21,88.7699966430664,89.31999969482422,88.02999877929688,88.27999877929688,80.64632415771484,1085000
2017-06-22,88.5199966430664,89.55000305175781,88.2699966430664,89.16000366210938,81.45024108886719,1116500
2017-06-23,89.18000030517578,89.41000366210938,88.52999877929688,88.7300033569336,81.05744171142578,1753100
2017-06-26,89.54000091552734,90.56999969482422,89.33000183105469,90.08000183105469,82.29068756103516,3427300
2017-06-27,93.01000213623047,95.22000122070312,92.29000091552734,92.69000244140625,84.67498779296875,6178200
2017-06-28,93.16000366210938,93.30000305175781,91.1500015258789,91.55999755859375,83.6427230834961,2209400
2017-06-29,91.58999633789062,91.94000244140625,90.9000015258789,91.76000213623047,83.825439453125,2030700
2017-06-30,91.97000122070312,92.31999969482422,90.33000183105469,90.44000244140625,82.61956787109375,1693800
2017-07-03,90.69000244140625,91.56999969482422,90.51000213623047,91.33999633789062,83.44174194335938,842300
2017-07-05,91.33000183105469,91.43000030517578,89.29000091552734,90.12999725341797,82.33638000488281,1790500
2017-07-06,89.37999725341797,90.33000183105469,89.01000213623047,89.68000030517578,82.50196075439453,1534300
2017-07-07,89.88999938964844,90.45999908447266,89.33999633789062,90.16999816894531,82.95275115966797,1055700
2017-07-10,90.05000305175781,90.48999786376953,89.01000213623047,89.25,82.10638427734375,1234100
2017-07-11,89.55000305175781,89.9000015258789,88.83000183105469,89.30000305175781,82.15237426757812,1077400
2017-07-12,89.47000122070312,90.23999786376953,89.37999725341797,89.61000061035156,82.43757629394531,1460800
2017-07-13,89.62000274658203,90.0999984741211,88.19999694824219,88.56999969482422,81.48081970214844,1431200
2017-07-14,88.7300033569336,89.37000274658203,88.44000244140625,88.94999694824219,81.83039093017578,1181400
2017-07-17,88.9800033569336,90.01000213623047,88.9000015258789,89.66000366210938,82.48355865478516,1095000
2017-07-18,89.73999786376953,89.77999877929688,88.69000244140625,89.04000091552734,81.91319274902344,779800
2017-07-19,89.1500015258789,90.05000305175781,89.1500015258789,89.86000061035156,82.66756439208984,956700
2017-07-20,89.8499984741211,90.23999786376953,89.51000213623047,89.56999969482422,82.40076446533203,733900
2017-07-21,89.29000091552734,89.58999633789062,88.55999755859375,88.68000030517578,81.58201599121094,1142200
2017-07-24,88.5,88.58999633789062,86.55000305175781,86.62999725341797,79.69609069824219,2085500
2017-07-25,86.94999694824219,87.19000244140625,86.55000305175781,86.8499984741211,79.89849090576172,1710700
2017-07-26,87.19999694824219,87.2699966430664,85.4000015258789,85.83000183105469,78.96011352539062,1566100
2017-07-27,85.45999908447266,85.58000183105469,83.91999816894531,84.48999786376953,77.72737121582031,2883600
2017-07-28,83.86000061035156,84.1500015258789,82.62000274658203,83.8499984741211,77.13861083984375,2910300
2017-07-31,83.81999969482422,84.62999725341797,83.69000244140625,83.87999725341797,77.16619110107422,1492100
2017-08-01,84.19999694824219,85.2300033569336,83.69999694824219,84.80000305175781,78.01256561279297,1560800
2017-08-02,84.79000091552734,85.30000305175781,84.04000091552734,84.55999755859375,77.79175567626953,961700
2017-08-03,84.06999969482422,84.06999969482422,82.01000213623047,82.08000183105469,75.51028442382812,1950100
2017-08-04,82.20999908447266,83.31999969482422,81.62999725341797,83.1500015258789,76.49462890625,1238100
2017-08-07,83.08000183105469,84.29000091552734,83.08000183105469,83.7699966430664,77.06500244140625,901600
2017-08-08,83.56999969482422,83.73999786376953,81.33000183105469,81.83000183105469,75.28028869628906,2403700
2017-08-09,81.62999725341797,82.0,80.9800033569336,81.27999877929688,74.77429962158203,2602000
2017-08-10,81.11000061035156,83.29000091552734,81.0,82.52999877929688,75.92424774169922,2315500
2017-08-11,82.77999877929688,83.4800033569336,82.41000366210938,83.33999633789062,76.66940307617188,1116200
2017-08-14,83.7300033569336,83.83999633789062,82.18000030517578,82.75,76.12664031982422,1373400
2017-08-15,83.12000274658203,83.77999877929688,82.44999694824219,83.4800033569336,76.7982177734375,2183700
2017-08-16,83.6500015258789,84.7300033569336,83.5,84.38999938964844,77.63538360595703,1276800
2017-08-17,84.31999969482422,85.29000091552734,83.93000030517578,84.12999725341797,77.39617919921875,1409000
2017-08-18,83.95999908447266,84.62000274658203,83.72000122070312,83.98999786376953,77.26740264892578,1658200
2017-08-21,84.12000274658203,84.94999694824219,84.0,84.51000213623047,77.74577331542969,1019600
2017-08-22,84.62999725341797,85.80999755859375,84.55000305175781,85.30000305175781,78.4725341796875,932800
2017-08-23,84.9800033569336,85.22000122070312,83.36000061035156,83.44000244140625,76.76142120361328,1226500
2017-08-24,83.66000366210938,83.88999938964844,82.36000061035156,82.37999725341797,75.7862548828125,1059000
2017-08-25,82.95999908447266,84.62000274658203,82.56999969482422,83.68000030517578,76.98220825195312,1783300
2017-08-28,83.6500015258789,85.2300033569336,83.2699966430664,84.83999633789062,78.04935455322266,2017600
2017-08-29,84.4000015258789,84.91000366210938,82.12000274658203,82.63999938964844,76.02545166015625,2381100
2017-08-30,82.63999938964844,83.37999725341797,82.54000091552734,82.87999725341797,76.2462387084961,1228200
2017-08-31,82.81999969482422,83.22000122070312,82.05999755859375,82.08999633789062,75.51947021484375,1625800
2017-09-01,82.44999694824219,82.51000213623047,81.66999816894531,81.91999816894531,75.36307525634766,1427800
2017-09-05,81.47000122070312,81.86000061035156,80.5199966430664,81.19000244140625,74.69152069091797,1738900
2017-09-06,81.30000305175781,81.3499984741211,77.95999908447266,78.36000061035156,72.08802032470703,3265800
2017-09-07,78.37000274658203,78.58999633789062,76.72000122070312,77.05000305175781,70.88288116455078,3040000
2017-09-08,76.83999633789062,79.19999694824219,76.2699966430664,78.55000305175781,72.26282501220703,2261400
2017-09-11,79.30000305175781,81.75,79.30000305175781,79.73999786376953,73.35757446289062,2240100
2017-09-12,79.72000122070312,81.43000030517578,79.72000122070312,81.22000122070312,74.7191162109375,1501200
2017-09-13,81.43000030517578,84.62000274658203,81.43000030517578,83.62000274658203,76.92700958251953,2677800
2017-09-14,83.37000274658203,83.47000122070312,82.19000244140625,83.19999694824219,76.54063415527344,2059600
2017-09-15,83.27999877929688,84.47000122070312,83.19000244140625,83.86000061035156,77.1478042602539,2070700
2017-09-18,84.0199966430664,84.8499984741211,83.91000366210938,84.37000274658203,77.61698913574219,1715500
2017-09-19,84.36000061035156,84.38999938964844,82.81999969482422,83.30999755859375,76.6418228149414,2423100
2017-09-20,83.55000305175781,84.30999755859375,83.22000122070312,83.80000305175781,77.09261322021484,1429000
2017-09-21,83.77999877929688,83.88999938964844,82.66000366210938,83.05999755859375,76.41182708740234,1825400
2017-09-22,82.94000244140625,83.33999633789062,82.31999969482422,82.87999725341797,76.2462387084961,1898700
2017-09-25,83.04000091552734,83.86000061035156,81.91000366210938,83.13999938964844,76.48542785644531,2399800
2017-09-26,80.5199966430664,81.7300033569336,77.55000305175781,77.70999908447266,71.49005126953125,6191200
2017-09-27,79.19999694824219,80.38999938964844,78.87000274658203,79.1500015258789,72.8147964477539,3086200
2017-09-28,79.31999969482422,79.62999725341797,78.20999908447266,78.95999908447266,72.63999938964844,2289300
2017-09-29,78.87999725341797,78.94000244140625,78.13999938964844,78.77999877929688,72.47440338134766,2144800
2017-10-02,78.52999877929688,79.2300033569336,77.93000030517578,79.16999816894531,72.83319091796875,1535200
2017-10-03,79.77999877929688,80.13999938964844,79.2300033569336,80.11000061035156,73.69794464111328,1740700
2017-10-04,80.1500015258789,80.44000244140625,79.33000183105469,79.5999984741211,73.22877502441406,1203200
2017-10-05,79.69999694824219,79.94000244140625,78.77999877929688,79.72000122070312,73.33917236328125,1633200
2017-10-06,79.30999755859375,80.97000122070312,79.0,80.83000183105469,74.95264434814453,1927400
2017-10-09,80.77999877929688,80.87999725341797,79.5,79.73999786376953,73.94190979003906,1472400
2017-10-10,80.0199966430664,80.18000030517578,79.0999984741211,79.27999877929688,73.51535034179688,1052800
2017-10-11,79.54000091552734,79.86000061035156,79.25,79.33999633789062,73.57099151611328,2314300
2017-10-12,78.95999908447266,79.33000183105469,78.25,79.20999908447266,73.4504623413086,1799400
2017-10-13,79.12000274658203,79.45999908447266,78.83000183105469,79.41999816894531,73.64518737792969,988400
2017-10-16,79.68000030517578,80.37000274658203,79.2699966430664,80.19999694824219,74.36846160888672,1449600
2017-10-17,79.08000183105469,81.88999938964844,78.86000061035156,81.55999755859375,75.62957763671875,2245600
2017-10-18,81.5999984741211,82.25,81.23999786376953,81.95999908447266,76.00048065185547,1913600
2017-10-19,81.9000015258789,82.05000305175781,81.08000183105469,81.97000122070312,76.009765625,1638900
2017-10-20,82.37000274658203,83.55999755859375,82.1500015258789,82.7699966430664,76.75157165527344,1952300
2017-10-23,82.77999877929688,83.05000305175781,82.29000091552734,82.3499984741211,76.36212921142578,1873800
2017-10-24,82.37000274658203,82.9000015258789,82.25,82.63999938964844,76.63104248046875,906900
2017-10-25,82.54000091552734,82.9000015258789,81.36000061035156,81.80999755859375,75.86138916015625,1906400
2017-10-26,82.2699966430664,83.02999877929688,82.19999694824219,82.79000091552734,76.77013397216797,803100
2017-10-27,83.38999938964844,85.55999755859375,83.13999938964844,83.33000183105469,77.2708740234375,1585900
2017-10-30,83.06999969482422,83.26000213623047,82.0999984741211,82.7699966430664,76.75157165527344,1308800
2017-10-31,82.9800033569336,83.20999908447266,81.98999786376953,82.2699966430664,76.28794860839844,1103800
2017-11-01,82.37000274658203,82.70999908447266,81.73999786376953,82.08000183105469,76.11176300048828,1262300
2017-11-02,81.69000244140625,82.30999755859375,81.41999816894531,81.80999755859375,75.86138916015625,881700
2017-11-03,81.83000183105469,83.22000122070312,81.62999725341797,82.27999877929688,76.2972183227539,1017700
2017-11-06,82.25,82.56999969482422,81.80999755859375,82.4000015258789,76.40850067138672,582900
2017-11-07,82.30000305175781,82.97000122070312,81.33999633789062,81.6500015258789,75.71302032470703,1546000
2017-11-08,81.62000274658203,83.22000122070312,81.61000061035156,82.12000274658203,76.14887237548828,1348400
2017-11-09,81.62000274658203,82.27999877929688,81.2699966430664,82.13999938964844,76.16739654541016,1347700
2017-11-10,81.95999908447266,82.8499984741211,81.8499984741211,82.63999938964844,76.63104248046875,936400
2017-11-13,82.5199966430664,83.05000305175781,82.16000366210938,82.83999633789062,76.81649017333984,1845600
2017-11-14,82.94999694824219,83.5199966430664,82.66000366210938,82.8499984741211,76.82576751708984,1505600
2017-11-15,82.76000213623047,83.0,81.87999725341797,81.94999694824219,75.99120330810547,1559100
2017-11-16,81.98999786376953,82.70999908447266,81.9000015258789,82.33000183105469,76.34358215332031,1062100
2017-11-17,82.48999786376953,83.2300033569336,82.19999694824219,82.80999755859375,76.7886734008789,707900
2017-11-20,82.94999694824219,82.94999694824219,81.87999725341797,82.29000091552734,76.30648803710938,1376800
2017-11-21,82.72000122070312,82.72000122070312,80.13999938964844,80.33000183105469,74.489013671875,3043500
2017-11-22,80.16000366210938,80.26000213623047,79.18000030517578,79.76000213623047,73.96044921875,1554000
2017-11-24,79.97000122070312,80.54000091552734,79.55999755859375,80.23999786376953,74.4055404663086,510700
2017-11-27,80.1500015258789,80.55000305175781,79.87999725341797,80.27999877929688,74.44264221191406,1010500
2017-11-28,80.61000061035156,83.0999984741211,80.3499984741211,83.05999755859375,77.02050018310547,1109500
2017-11-29,83.25,85.05999755859375,83.05000305175781,84.80999755859375,78.64325714111328,1437400
2017-11-30,84.94000244140625,85.63999938964844,83.95999908447266,84.31999969482422,78.18889617919922,2064100
2017-12-01,84.72000122070312,85.5,83.7699966430664,85.04000091552734,78.85652923583984,1441600
2017-12-04,85.58999633789062,88.56999969482422,85.58999633789062,86.05999755859375,79.80235290527344,2369100
2017-12-05,86.52999877929688,86.62999725341797,84.69999694824219,86.13999938964844,79.87654113769531,2156100
2017-12-06,86.31999969482422,86.81999969482422,85.5,85.52999877929688,79.31090545654297,1299300
2017-12-07,85.56999969482422,86.3499984741211,85.06999969482422,85.27999877929688,79.07908630371094,1595500
2017-12-08,85.33999633789062,86.45999908447266,84.69000244140625,86.41000366210938,80.12691497802734,1583000
2017-12-11,86.29000091552734,86.73999786376953,85.87999725341797,86.55000305175781,80.25675201416016,2067200
2017-12-12,86.6500015258789,87.6500015258789,85.98999786376953,87.13999938964844,80.80384826660156,1803500
2017-12-13,87.05000305175781,87.91000366210938,86.83999633789062,87.5999984741211,81.23038482666016,1254300
2017-12-14,87.7300033569336,88.6500015258789,86.93000030517578,86.95999908447266,80.63691711425781,1480900
2017-12-15,87.5999984741211,89.19999694824219,87.5999984741211,88.41000366210938,81.98148345947266,3067100
2017-12-18,89.8499984741211,90.8499984741211,89.30000305175781,90.54000091552734,83.95661163330078,3056800
2017-12-19,93.80999755859375,96.73999786376953,92.55999755859375,96.69000244140625,89.65943908691406,4835100
2017-12-20,97.7300033569336,98.29000091552734,95.5,95.66999816894531,88.71359252929688,2719200
2017-12-21,96.79000091552734,97.0,94.86000061035156,95.05999755859375,88.14794921875,1615800
2017-12-22,95.13999938964844,96.6500015258789,94.38999938964844,96.4000015258789,89.39051818847656,1384100
2017-12-26,96.31999969482422,97.70999908447266,96.16999816894531,97.1500015258789,90.08597564697266,1124400
2017-12-27,97.06999969482422,98.36000061035156,97.06999969482422,97.41000366210938,90.32708740234375,1025500
2017-12-28,97.58999633789062,97.87999725341797,97.05000305175781,97.5,90.41053771972656,670300
2017-12-29,97.80000305175781,97.80000305175781,96.0199966430664,96.0199966430664,89.03813934326172,1526400
2018-01-02,96.77999877929688,97.33999633789062,95.56999969482422,96.31999969482422,89.31632995605469,2015000
2018-01-03,96.7300033569336,98.68000030517578,96.5999984741211,98.54000091552734,91.37490844726562,1632400
2018-01-04,99.5199966430664,100.11000061035156,98.41000366210938,98.5199966430664,91.35635375976562,2156000
2018-01-05,98.83999633789062,99.31999969482422,97.87999725341797,99.30999755859375,92.08892059326172,1303100
2018-01-08,99.0,99.30999755859375,97.05000305175781,98.77999877929688,91.59745025634766,1857300
2018-01-09,98.4800033569336,98.54000091552734,97.19000244140625,97.48999786376953,90.98151397705078,1884900
2018-01-10,97.45999908447266,97.55999755859375,96.5999984741211,96.79000091552734,90.32823944091797,1353900
2018-01-11,97.05000305175781,97.94999694824219,96.86000061035156,97.5999984741211,91.08417510986328,1277400
2018-01-12,97.98999786376953,99.41000366210938,97.76000213623047,98.0199966430664,91.47613525390625,1076300
2018-01-16,98.69000244140625,98.86000061035156,96.30999755859375,96.73999786376953,90.2815933227539,1565600
2018-01-17,97.56999969482422,98.58000183105469,97.05999755859375,97.45999908447266,90.95352172851562,1212300
2018-01-18,97.1500015258789,97.80000305175781,96.80999755859375,97.36000061035156,90.86019134521484,913800
2018-01-19,97.7300033569336,99.11000061035156,97.68000030517578,99.04000091552734,92.42804718017578,1306200
2018-01-22,98.72000122070312,98.80000305175781,96.69000244140625,98.05999755859375,91.51346588134766,1200100
2018-01-23,97.70999908447266,98.58000183105469,97.44000244140625,97.48999786376953,90.98151397705078,818800
2018-01-24,97.94999694824219,98.30999755859375,97.04000091552734,97.55000305175781,91.03752136230469,732300
2018-01-25,98.0,98.55000305175781,96.7699966430664,97.86000061035156,91.32682800292969,985500
2018-01-26,97.98999786376953,98.5999984741211,97.0999984741211,98.48999786376953,91.91476440429688,838900
2018-01-29,98.33999633789062,98.9800033569336,97.75,98.2300033569336,91.67212677001953,809600
2018-01-30,98.06999969482422,98.37999725341797,96.5199966430664,96.54000091552734,90.09494018554688,1273300
2018-01-31,96.58000183105469,97.13999938964844,95.33999633789062,95.8499984741211,89.45101165771484,1798300
2018-02-01,95.4000015258789,97.55000305175781,95.0199966430664,97.51000213623047,91.00019073486328,1561100
2018-02-02,97.16999816894531,97.41000366210938,95.98999786376953,96.04000091552734,89.62832641601562,1701900
2018-02-05,95.55999755859375,98.33000183105469,94.22000122070312,94.22000122070312,87.9298324584961,1687900
2018-02-06,92.58000183105469,94.93000030517578,91.1500015258789,94.37999725341797,88.07914733886719,2462000
2018-02-07,93.8499984741211,96.2300033569336,93.83000183105469,95.08000183105469,88.732421875,1213500
2018-02-08,95.3499984741211,95.66000366210938,91.2300033569336,91.33000183105469,85.2327651977539,1776500
2018-02-09,92.2300033569336,93.41000366210938,90.2300033569336,92.69000244140625,86.50198364257812,1648200
2018-02-12,93.25,94.87000274658203,93.1500015258789,94.22000122070312,87.9298324584961,1343900
2018-02-13,93.87000274658203,95.0,93.2300033569336,94.72000122070312,88.39645385742188,1965700
2018-02-14,94.70999908447266,96.08999633789062,94.18000030517578,95.61000061035156,89.22703552246094,1276400
2018-02-15,96.08999633789062,97.86000061035156,95.86000061035156,97.69000244140625,91.16817474365234,1836400
2018-02-16,97.4000015258789,97.72000122070312,96.11000061035156,96.5199966430664,90.07627868652344,1240400
2018-02-20,95.9800033569336,96.12999725341797,94.25,94.9000015258789,88.56443786621094,1170600
2018-02-21,94.83999633789062,96.6500015258789,94.83999633789062,95.30000305175781,88.937744140625,1160000
2018-02-22,95.61000061035156,96.37999725341797,94.87000274658203,95.19000244140625,88.83507537841797,867200
2018-02-23,95.4800033569336,95.75,94.20999908447266,95.3499984741211,88.9843978881836,1406800
2018-02-26,95.56999969482422,96.37999725341797,95.37999725341797,96.31999969482422,89.88964080810547,806000
2018-02-27,96.45999908447266,96.97000122070312,92.83000183105469,92.87999725341797,86.67928314208984,1660300
2018-02-28,92.86000061035156,94.05999755859375,91.87000274658203,92.19000244140625,86.03535461425781,3265600
2018-03-01,92.38999938964844,94.36000061035156,91.7699966430664,92.5,86.32466888427734,1115500
2018-03-02,91.9800033569336,95.70999908447266,91.9800033569336,95.47000122070312,89.09638977050781,2294800
2018-03-05,95.16000366210938,95.58000183105469,94.0999984741211,94.44999694824219,88.14447784423828,1857300
2018-03-06,94.87000274658203,94.87000274658203,93.08000183105469,94.12000274658203,87.83651733398438,1468500
2018-03-07,93.25,93.55999755859375,92.45999908447266,93.38999938964844,87.15522766113281,1714800
2018-03-08,93.77999877929688,94.27999877929688,93.33999633789062,93.62000274658203,87.36988067626953,1671400
2018-03-09,94.33000183105469,94.91999816894531,93.70999908447266,94.80999755859375,88.48043823242188,1209100
2018-03-12,94.8499984741211,95.4800033569336,94.30999755859375,94.75,88.42444610595703,1253100
2018-03-13,95.2699966430664,95.45999908447266,94.31999969482422,94.4800033569336,88.17247009277344,1585500
2018-03-14,94.97000122070312,96.01000213623047,93.98999786376953,94.20999908447266,87.92049407958984,1280300
2018-03-15,94.30999755859375,95.19000244140625,93.44999694824219,93.62000274658203,87.36988067626953,1693200
2018-03-16,93.87000274658203,95.19999694824219,93.68000030517578,94.55000305175781,88.2378158569336,3029900
2018-03-19,94.18000030517578,95.08999633789062,93.66000366210938,94.37000274658203,88.06981658935547,1629500
2018-03-20,94.69000244140625,96.37000274658203,94.44999694824219,95.11000061035156,88.76041412353516,1925400
2018-03-21,95.04000091552734,95.68000030517578,93.20999908447266,93.30999755859375,87.08057403564453,1661400
2018-03-22,88.4800033569336,90.0,85.87999725341797,85.94000244140625,80.2026138305664,5256500
2018-03-23,85.83000183105469,86.8499984741211,84.22000122070312,84.25,78.62542724609375,2723700
2018-03-26,85.48999786376953,86.83000183105469,84.55000305175781,84.81999969482422,79.15736389160156,2123600
2018-03-27,84.76000213623047,85.33000183105469,83.66999816894531,84.22000122070312,78.59744262695312,1430100
2018-03-28,84.26000213623047,84.7300033569336,83.91000366210938,84.37999725341797,78.74674987792969,1857500
2018-03-29,84.77999877929688,85.63999938964844,84.20999908447266,85.25,79.55867767333984,1319900
2018-04-02,86.01000213623047,86.02999877929688,82.37999725341797,84.06999969482422,78.45744323730469,2188500
2018-04-03,84.26000213623047,85.37999725341797,83.56999969482422,84.55999755859375,78.91472625732422,1381300
2018-04-04,83.75,87.04000091552734,83.75,86.83999633789062,81.04251861572266,1829200
2018-04-05,87.08000183105469,87.08000183105469,86.05999755859375,86.66999816894531,80.88387298583984,1852800
2018-04-06,86.01000213623047,87.08999633789062,85.83000183105469,86.86000061035156,81.06118774414062,1757600
2018-04-09,87.29000091552734,87.91000366210938,86.4800033569336,86.55000305175781,81.36202239990234,2084300
2018-04-10,87.08999633789062,87.25,85.87000274658203,86.58999633789062,81.39960479736328,1698400
2018-04-11,86.31999969482422,87.04000091552734,86.04000091552734,86.5,81.31500244140625,970000
2018-04-12,87.12999725341797,87.69000244140625,86.66999816894531,86.8499984741211,81.64402770996094,1040900
2018-04-13,87.27999877929688,87.87999725341797,86.86000061035156,87.72000122070312,82.46188354492188,1785500
2018-04-16,88.0,89.12000274658203,88.0,88.94999694824219,83.6181411743164,1618500
2018-04-17,89.95999908447266,90.41999816894531,88.87999725341797,89.41999816894531,84.0599594116211,1318700
2018-04-18,89.55000305175781,90.58000183105469,89.33999633789062,89.76000213623047,84.37958526611328,1137800
2018-04-19,89.73999786376953,90.0999984741211,88.94999694824219,89.76000213623047,84.37958526611328,843900
2018-04-20,90.72000122070312,91.3499984741211,90.36000061035156,91.05000305175781,85.59226989746094,1773800
2018-04-23,91.0199966430664,91.3499984741211,89.8499984741211,91.05000305175781,85.59226989746094,1500300
2018-04-24,91.58000183105469,91.87999725341797,89.69000244140625,90.4000015258789,84.98123931884766,1004700
2018-04-25,90.51000213623047,91.48999786376953,90.05999755859375,91.12000274658203,85.65806579589844,908200
2018-04-26,91.63999938964844,93.5,91.63999938964844,92.8499984741211,87.28437805175781,1413500
2018-04-27,93.01000213623047,95.43000030517578,92.75,94.44000244140625,88.77906036376953,1346400
2018-04-30,94.69000244140625,94.69000244140625,92.72000122070312,92.86000061035156,87.29376983642578,2533700
2018-05-01,92.7699966430664,93.41000366210938,92.1500015258789,93.30000305175781,87.70741271972656,956300
2018-05-02,92.83000183105469,93.3499984741211,91.77999877929688,91.98999786376953,86.47591400146484,1003100
2018-05-03,91.87000274658203,92.13999938964844,91.08999633789062,91.83000183105469,86.32551574707031,869500
2018-05-04,91.9000015258789,93.68000030517578,91.77999877929688,92.83000183105469,87.26557922363281,1198000
2018-05-07,92.83999633789062,92.83999633789062,91.44000244140625,91.91000366210938,86.40072631835938,1916600
2018-05-08,92.12000274658203,93.0,91.88999938964844,92.2699966430664,86.73912811279297,1150300
2018-05-09,92.23999786376953,92.25,91.0999984741211,91.83999633789062,86.33491516113281,1132100
2018-05-10,91.52999877929688,91.72000122070312,91.04000091552734,91.33999633789062,85.8648681640625,1129300
2018-05-11,91.4800033569336,92.25,90.2699966430664,90.33000183105469,84.91541290283203,1895400
2018-05-14,90.26000213623047,90.33000183105469,86.66999816894531,86.97000122070312,81.75682830810547,2307500
2018-05-15,86.69999694824219,87.44999694824219,86.30000305175781,87.30000305175781,82.06705474853516,1686000
2018-05-16,87.44000244140625,87.81999969482422,87.01000213623047,87.22000122070312,81.99183654785156,1148400
2018-05-17,87.0,87.77999877929688,84.98999786376953,85.94000244140625,80.78857421875,2345800
2018-05-18,86.02999877929688,86.4000015258789,84.41999816894531,85.05999755859375,79.96131134033203,1745600
2018-05-21,85.11000061035156,86.43000030517578,84.37000274658203,86.22000122070312,81.05178833007812,1468000
2018-05-22,86.4000015258789,86.61000061035156,85.37000274658203,85.94000244140625,80.78857421875,1431400
2018-05-23,85.25,86.02999877929688,84.62000274658203,85.70999908447266,80.57235717773438,1672000
2018-05-24,85.91999816894531,87.43000030517578,85.76000213623047,86.94999694824219,81.738037109375,1719300
2018-05-25,87.12000274658203,88.9000015258789,86.94000244140625,87.87999725341797,82.61228942871094,1478400
2018-05-29,87.31999969482422,88.08999633789062,86.93000030517578,88.08000183105469,82.80029296875,1492500
2018-05-30,88.55999755859375,89.05000305175781,88.13999938964844,88.97000122070312,83.63694763183594,1244600
2018-05-31,88.95999908447266,88.95999908447266,86.93000030517578,87.41000366210938,82.17045593261719,1792900
2018-06-01,88.29000091552734,89.5,87.86000061035156,88.5,83.19512176513672,1269000
2018-06-04,88.2300033569336,89.05999755859375,87.86000061035156,88.66999816894531,83.35492706298828,1287000
2018-06-05,88.48999786376953,89.43000030517578,87.61000061035156,89.26000213623047,83.9095687866211,1106100
2018-06-06,89.51000213623047,91.18000030517578,89.23999786376953,90.91000366210938,85.4606704711914,1061500
2018-06-07,92.29000091552734,92.54000091552734,91.12000274658203,91.4000015258789,85.9212875366211,1257800
2018-06-08,91.25,91.91000366210938,90.54000091552734,91.44999694824219,85.9682846069336,1378900
2018-06-11,91.87999725341797,92.41000366210938,91.4000015258789,92.30999755859375,86.77674865722656,1157800
2018-06-12,92.70999908447266,93.01000213623047,91.9800033569336,92.83000183105469,87.26557922363281,1705600
2018-06-13,92.97000122070312,93.7300033569336,92.36000061035156,92.37999725341797,86.84253692626953,924500
2018-06-14,92.52999877929688,92.9000015258789,91.56999969482422,92.19000244140625,86.66392517089844,1681100
2018-06-15,92.05000305175781,94.18000030517578,91.33999633789062,94.0999984741211,88.45943450927734,1904300
2018-06-18,93.31999969482422,94.4800033569336,93.0,94.31999969482422,88.66624450683594,1448100
2018-06-19,93.9000015258789,95.97000122070312,93.87999725341797,94.61000061035156,88.93887329101562,1791000
2018-06-20,94.5199966430664,94.69999694824219,93.18000030517578,93.2699966430664,87.67918395996094,2889700
2018-06-21,102.51000213623047,107.73999786376953,100.72000122070312,107.05999755859375,100.64259338378906,8042900
2018-06-22,108.23999786376953,109.52999877929688,105.36000061035156,108.87000274658203,102.34410858154297,3273800
2018-06-25,108.69000244140625,109.36000061035156,107.19999694824219,107.30000305175781,100.86820983886719,2510000
2018-06-26,107.41000366210938,108.87999725341797,106.33000183105469,107.83999633789062,101.3758316040039,2031900
2018-06-27,108.38999938964844,108.4000015258789,105.80999755859375,105.87000274658203,99.52394104003906,1880700
2018-06-28,105.52999877929688,108.05000305175781,105.52999877929688,108.0,101.5262451171875,2003500
2018-06-29,108.45999908447266,109.58000183105469,107.05999755859375,107.05999755859375,100.64259338378906,1894900
2018-07-02,106.8499984741211,109.7300033569336,106.12999725341797,109.51000213623047,102.94573211669922,2053300
2018-07-03,110.0,110.55000305175781,108.1500015258789,108.66999816894531,102.15608215332031,2591300
2018-07-05,109.3499984741211,110.4800033569336,108.91000366210938,110.19000244140625,103.5849838256836,1963600
2018-07-06,110.86000061035156,111.43000030517578,110.19000244140625,111.08000183105469,104.42162322998047,1963500
2018-07-09,110.68000030517578,111.05999755859375,109.70999908447266,110.43000030517578,104.5162582397461,2254300
2018-07-10,110.48999786376953,110.76000213623047,109.25,109.80000305175781,103.92001342773438,1993800
2018-07-11,109.44999694824219,110.9800033569336,109.41999816894531,110.45999908447266,104.54467010498047,1768200
2018-07-12,111.25,111.73999786376953,110.69999694824219,111.38999938964844,105.42486572265625,1386300
2018-07-13,111.11000061035156,112.31999969482422,110.80999755859375,112.08999633789062,106.08736419677734,955700
2018-07-16,110.73999786376953,111.94000244140625,110.05000305175781,111.27999877929688,105.32073974609375,1506900
2018-07-17,111.33000183105469,111.75,110.19999694824219,110.37999725341797,104.46894836425781,1215300
2018-07-18,111.08000183105469,112.44000244140625,110.5199966430664,112.1500015258789,106.1441650390625,1215100
2018-07-19,111.02999877929688,112.80999755859375,111.02999877929688,111.80999755859375,105.82235717773438,801800
2018-07-20,111.43000030517578,111.51000213623047,110.36000061035156,110.45999908447266,104.54467010498047,1240200
2018-07-23,110.7300033569336,111.55999755859375,109.11000061035156,110.95999908447266,105.01788330078125,1139200
2018-07-24,110.91999816894531,110.91999816894531,107.93000030517578,108.30000305175781,102.50033569335938,1798500
2018-07-25,108.0,109.61000061035156,106.91999816894531,107.05000305175781,101.31729125976562,2290000
2018-07-26,106.95999908447266,107.97000122070312,106.51000213623047,107.01000213623047,101.27941131591797,1632400
2018-07-27,107.97000122070312,108.5199966430664,106.68000030517578,106.77999877929688,101.0617446899414,1193600
2018-07-30,106.76000213623047,107.4000015258789,106.2699966430664,106.41999816894531,100.72100067138672,632000
2018-07-31,104.80000305175781,107.0,104.72000122070312,106.94000244140625,101.21317291259766,1328700
2018-08-01,105.87999725341797,107.19000244140625,105.31999969482422,106.52999877929688,100.82511901855469,1207300
2018-08-02,106.97000122070312,109.12000274658203,106.33999633789062,108.7699966430664,102.94515991210938,1287500
2018-08-03,108.88999938964844,109.7300033569336,108.0199966430664,108.87999725341797,103.04927825927734,1114200
2018-08-06,109.18000030517578,111.38999938964844,109.18000030517578,110.88999938964844,104.9516372680664,972000
2018-08-07,111.20999908447266,111.69999694824219,109.4000015258789,109.9800033569336,104.09037780761719,837000
2018-08-08,109.97000122070312,110.08999633789062,108.58000183105469,109.87999725341797,103.99571228027344,735100
2018-08-09,109.8499984741211,110.87999725341797,109.33999633789062,109.41999816894531,103.56035614013672,884700
2018-08-10,108.45999908447266,110.19999694824219,107.95999908447266,109.47000122070312,103.60767364501953,892700
2018-08-13,109.54000091552734,109.73999786376953,108.44999694824219,109.33000183105469,103.47518157958984,754600
2018-08-14,109.97000122070312,111.29000091552734,108.45999908447266,111.16000366210938,105.2071762084961,818900
2018-08-15,110.58000183105469,112.73999786376953,110.58000183105469,112.33999633789062,106.323974609375,1262500
2018-08-16,112.83000183105469,113.54000091552734,112.52999877929688,112.87999725341797,106.83506774902344,987900
2018-08-17,113.1500015258789,114.05999755859375,112.72000122070312,113.8499984741211,107.75312042236328,776900
2018-08-20,113.73999786376953,114.51000213623047,113.4000015258789,114.36000061035156,108.23580932617188,1166500
2018-08-21,114.52999877929688,114.68000030517578,113.02999877929688,114.0,107.89508056640625,626600
2018-08-22,114.19999694824219,114.20999908447266,113.01000213623047,113.76000213623047,107.6679458618164,529600
2018-08-23,113.5199966430664,114.43000030517578,112.20999908447266,114.30999755859375,108.18849182128906,1101200
2018-08-24,114.44999694824219,115.30999755859375,114.08000183105469,114.33000183105469,108.20741271972656,970700
2018-08-27,114.70999908447266,115.0,113.44999694824219,113.87999725341797,107.7815170288086,643700
2018-08-28,113.66000366210938,115.2699966430664,113.66000366210938,114.9800033569336,108.8226089477539,912400
2018-08-29,115.19000244140625,115.19000244140625,114.31999969482422,114.87999725341797,108.72795104980469,518300
2018-08-30,114.75,116.29000091552734,114.2699966430664,115.62000274658203,109.4283447265625,557500
2018-08-31,115.80999755859375,116.62000274658203,115.19000244140625,116.04000091552734,109.82583618164062,999900
2018-09-04,116.11000061035156,117.61000061035156,115.97000122070312,117.2699966430664,110.98997497558594,815500
2018-09-05,117.91000366210938,119.0999984741211,116.75,118.87000274658203,112.50428771972656,1066400
2018-09-06,118.58999633789062,119.41000366210938,118.05000305175781,118.80999755859375,112.44750213623047,1154800
2018-09-07,118.8499984741211,120.19999694824219,118.69999694824219,119.16000366210938,112.77876281738281,1571700
2018-09-10,117.44999694824219,119.29000091552734,117.2300033569336,118.68000030517578,112.32447052001953,1006200
2018-09-11,120.51000213623047,120.93000030517578,118.94999694824219,119.37999725341797,112.98697662353516,1173300
2018-09-12,119.5199966430664,119.75,118.45999908447266,118.73999786376953,112.38124084472656,754200
2018-09-13,119.41999816894531,119.61000061035156,118.19000244140625,118.8499984741211,112.4853515625,862100
2018-09-14,119.4000015258789,119.4000015258789,118.38999938964844,119.05000305175781,112.6746597290039,815800
2018-09-17,118.58999633789062,118.91999816894531,117.41999816894531,117.9800033569336,111.66195678710938,992200
2018-09-18,117.91000366210938,119.54000091552734,117.01000213623047,118.9000015258789,112.53269958496094,1697600
2018-09-19,119.76000213623047,119.8499984741211,117.08000183105469,117.88999938964844,111.57677459716797,1662900
2018-09-20,122.62000274658203,124.0,114.9000015258789,116.44999694824219,110.2138671875,3697400
2018-09-21,116.9000015258789,117.0,112.5999984741211,112.88999938964844,106.84452819824219,3062000
2018-09-24,111.2699966430664,113.73999786376953,110.72000122070312,113.27999877929688,107.2136459350586,1811400
2018-09-25,113.87000274658203,114.04000091552734,112.62999725341797,113.08000183105469,107.02436065673828,1475400
2018-09-26,113.41000366210938,114.22000122070312,112.4000015258789,112.54000091552734,106.5132827758789,1269500
2018-09-27,112.27999877929688,113.0999984741211,111.08999633789062,111.27999877929688,105.32073974609375,916700
2018-09-28,111.29000091552734,111.88999938964844,110.97000122070312,111.19000244140625,105.23558807373047,1807700
2018-10-01,111.12999725341797,111.18000030517578,109.01000213623047,109.22000122070312,103.3710708618164,1444100
2018-10-02,109.31999969482422,109.5199966430664,106.94000244140625,107.05000305175781,101.31729125976562,1715100
2018-10-03,107.44000244140625,108.94999694824219,107.22000122070312,107.9000015258789,102.12174987792969,1561200
2018-10-04,108.13999938964844,108.66000366210938,107.69000244140625,108.13999938964844,102.3488998413086,1399600
2018-10-05,108.2300033569336,109.08000183105469,107.45999908447266,108.38999938964844,102.58552551269531,1574300
2018-10-08,108.43000030517578,108.94999694824219,106.81999969482422,108.33999633789062,102.53819274902344,1105500
2018-10-09,108.1500015258789,109.33999633789062,107.97000122070312,108.63999938964844,103.53889465332031,1272000
2018-10-10,108.66000366210938,109.23999786376953,106.87000274658203,106.95999908447266,101.93777465820312,1220400
2018-10-11,106.83000183105469,106.91999816894531,103.13999938964844,104.05000305175781,99.16441345214844,2045700
2018-10-12,105.37999725341797,107.36000061035156,105.12999725341797,106.76000213623047,101.74716186523438,1670800
2018-10-15,106.5999984741211,107.54000091552734,105.56999969482422,106.73999786376953,101.72811126708984,922100
2018-10-16,107.63999938964844,110.33999633789062,107.25,110.08999633789062,104.92080688476562,1562300
2018-10-17,109.88999938964844,110.63999938964844,108.52999877929688,109.94000244140625,104.77784729003906,1049300
2018-10-18,109.9000015258789,110.91999816894531,108.77999877929688,109.66000366210938,104.5110092163086,1219900
2018-10-19,109.4000015258789,109.4000015258789,106.13999938964844,106.33000183105469,101.33736419677734,1439500
2018-10-22,106.77999877929688,107.72000122070312,106.33999633789062,107.12999725341797,102.09979248046875,1068500
2018-10-23,106.0,107.61000061035156,105.41999816894531,107.19999694824219,102.16649627685547,1119700
2018-10-24,106.26000213623047,108.05999755859375,103.76000213623047,103.91000366210938,99.03097534179688,1381500
2018-10-25,104.44999694824219,107.12000274658203,104.1500015258789,106.43000030517578,101.43266296386719,918400
2018-10-26,105.43000030517578,106.22000122070312,103.26000213623047,103.91000366210938,99.03097534179688,1286700
2018-10-29,105.62999725341797,107.9800033569336,104.2300033569336,105.16000366210938,100.22229766845703,1095200
2018-10-30,105.94000244140625,108.16000366210938,104.0999984741211,108.06999969482422,102.99565887451172,1390300
2018-10-31,109.0,109.0,106.16999816894531,106.55000305175781,101.54702758789062,1375000
2018-11-01,106.29000091552734,107.58000183105469,104.81999969482422,104.86000061035156,99.93638610839844,1290100
2018-11-02,105.95999908447266,108.12999725341797,103.88999938964844,105.30000305175781,100.35572814941406,2956500
2018-11-05,105.19000244140625,107.38999938964844,105.12000274658203,106.33999633789062,101.34688568115234,2410400
2018-11-06,106.38999938964844,110.66999816894531,106.38999938964844,110.6500015258789,105.45451354980469,3451300
2018-11-07,110.66999816894531,112.19000244140625,109.31999969482422,111.22000122070312,105.99773406982422,2126200
2018-11-08,111.4000015258789,114.45999908447266,110.9800033569336,112.23999786376953,106.9698486328125,1441000
2018-11-09,112.33000183105469,113.69999694824219,111.63999938964844,112.44000244140625,107.16047668457031,1731600
2018-11-12,113.0,113.69999694824219,112.08000183105469,112.38999938964844,107.11280822753906,1634200
2018-11-13,112.70999908447266,114.08999633789062,111.52999877929688,112.05000305175781,106.78878021240234,2067700
2018-11-14,112.43000030517578,113.55000305175781,111.16000366210938,111.91999816894531,106.66488647460938,1632800
2018-11-15,111.29000091552734,112.9800033569336,109.81999969482422,111.81999969482422,106.56957244873047,1732400
2018-11-16,111.08000183105469,111.98999786376953,109.75,111.86000061035156,106.60769653320312,1604500
2018-11-19,111.75,114.05000305175781,111.25,113.45999908447266,108.13256072998047,1460700
2018-11-20,112.62999725341797,113.19000244140625,110.69000244140625,111.33999633789062,106.11210632324219,1128800
2018-11-21,111.44000244140625,111.94999694824219,110.45999908447266,111.20999908447266,105.98822021484375,707900
2018-11-23,110.5199966430664,112.81999969482422,110.5199966430664,111.56999969482422,106.3313217163086,638700
2018-11-26,112.6500015258789,112.93000030517578,109.27999877929688,110.27999877929688,105.10188293457031,1441700
2018-11-27,109.79000091552734,111.11000061035156,109.25,109.93000030517578,104.76832580566406,1629800
2018-11-28,110.72000122070312,114.1500015258789,110.72000122070312,113.3499984741211,108.0277328491211,1693600
2018-11-29,112.19999694824219,113.20999908447266,109.87000274658203,111.26000213623047,106.03587341308594,1328000
2018-11-30,111.44999694824219,111.87999725341797,109.58999633789062,110.54000091552734,105.34967803955078,1875100
2018-12-03,111.08999633789062,111.4800033569336,108.19999694824219,110.05000305175781,104.88269805908203,1959200
2018-12-04,109.61000061035156,111.0,107.58000183105469,107.75,102.6906967163086,1635700
2018-12-06,107.19000244140625,109.5999984741211,105.87999725341797,109.37999725341797,104.244140625,1650200
2018-12-07,109.18000030517578,109.87999725341797,104.27999877929688,104.83000183105469,99.90778350830078,1753800
2018-12-10,104.83000183105469,105.94000244140625,103.27999877929688,105.36000061035156,100.41290283203125,1816400
2018-12-11,106.4000015258789,106.52999877929688,100.87999725341797,101.75,96.972412109375,2043700
2018-12-12,104.37000274658203,107.05000305175781,104.12999725341797,105.30999755859375,100.36524963378906,1993500
2018-12-13,105.47000122070312,106.29000091552734,102.83999633789062,104.22000122070312,99.32643127441406,1581700
2018-12-14,103.19999694824219,104.97000122070312,102.62999725341797,103.19999694824219,98.35432434082031,1631000
2018-12-17,102.91000366210938,103.30000305175781,98.72000122070312,98.88999938964844,94.2467041015625,3030900
2018-12-18,102.94000244140625,105.08999633789062,101.33000183105469,103.8499984741211,98.97380828857422,4334500
2018-12-19,104.58999633789062,105.91999816894531,99.98999786376953,100.62999725341797,95.90499114990234,2706600
2018-12-20,99.94999694824219,100.8499984741211,97.37000274658203,99.08000183105469,94.42778015136719,2617500
2018-12-21,99.04000091552734,101.44999694824219,98.62000274658203,99.18000030517578,94.52307891845703,2561500
2018-12-24,98.69999694824219,98.69999694824219,95.91999816894531,96.70999908447266,92.1690673828125,907100
2018-12-26,97.02999877929688,98.58000183105469,96.41000366210938,98.56999969482422,93.94171905517578,1172400
2018-12-27,97.81999969482422,98.55000305175781,95.83000183105469,98.55000305175781,93.92265319824219,1372900
2018-12-28,98.75,99.9000015258789,97.94000244140625,98.33999633789062,93.72252655029297,1290400
2018-12-31,98.56999969482422,99.86000061035156,97.9800033569336,99.86000061035156,95.17115020751953,1163400
2019-01-02,99.26000213623047,100.11000061035156,98.2300033569336,99.93000030517578,95.23786926269531,1563600
2019-01-03,99.0999984741211,99.68000030517578,97.91000366210938,98.31999969482422,93.70346069335938,1857800
2019-01-04,99.37999725341797,101.69000244140625,98.88999938964844,101.4000015258789,96.63883972167969,2070100
2019-01-07,101.73999786376953,104.88999938964844,101.62999725341797,103.94000244140625,99.05958557128906,1889300
2019-01-08,104.51000213623047,105.98999786376953,103.7300033569336,105.62000274658203,100.66070556640625,1676700
2019-01-09,105.54000091552734,105.80000305175781,104.18000030517578,104.87000274658203,100.66069793701172,1105600
2019-01-10,104.80999755859375,105.87999725341797,104.0999984741211,105.77999877929688,101.53417205810547,996200
2019-01-11,106.41999816894531,108.19999694824219,106.41999816894531,107.98999786376953,103.65547180175781,1340700
2019-01-14,107.6500015258789,107.87999725341797,105.33999633789062,105.91999816894531,101.66854858398438,1493700
2019-01-15,106.44000244140625,107.51000213623047,105.4800033569336,107.26000213623047,102.95476531982422,955300
2019-01-16,107.61000061035156,107.86000061035156,105.86000061035156,106.79000091552734,102.50362396240234,1090600
2019-01-17,106.81999969482422,108.43000030517578,106.81999969482422,108.01000213623047,103.6746597290039,1116400
2019-01-18,108.66000366210938,109.19999694824219,107.55999755859375,109.0199966430664,104.64411163330078,1111200
2019-01-22,108.69999694824219,110.08000183105469,107.58000183105469,108.62999725341797,104.269775390625,1146000
2019-01-23,109.25,109.25,107.08000183105469,108.08999633789062,103.7514419555664,1106400
2019-01-24,108.3499984741211,108.80999755859375,107.38999938964844,107.41999816894531,103.10833740234375,837000
2019-01-25,108.16000366210938,108.16000366210938,105.69999694824219,106.43000030517578,102.15807342529297,1149300
2019-01-28,106.05999755859375,107.83999633789062,105.7699966430664,107.37000274658203,103.06034851074219,674400
2019-01-29,107.8499984741211,107.8499984741211,105.0,106.22000122070312,101.95650482177734,960700
2019-01-30,106.7699966430664,107.41999816894531,105.0999984741211,106.12999725341797,101.87012481689453,925800
2019-01-31,105.87000274658203,106.27999877929688,104.29000091552734,104.93000030517578,100.7182846069336,1618000
2019-02-01,104.94000244140625,105.56999969482422,104.25,104.9800033569336,100.76628875732422,1328700
2019-02-04,105.31999969482422,107.43000030517578,105.31999969482422,107.16999816894531,102.8683853149414,1312200
2019-02-05,107.0999984741211,108.16000366210938,106.55999755859375,108.08999633789062,103.7514419555664,2029200
2019-02-06,108.38999938964844,109.77999877929688,107.95999908447266,109.23999786376953,104.85529327392578,1304000
2019-02-07,109.01000213623047,110.19999694824219,108.6500015258789,109.58999633789062,105.19124603271484,1035500
2019-02-08,109.02999877929688,109.94999694824219,108.43000030517578,109.41000366210938,105.01847839355469,856000
2019-02-11,109.86000061035156,111.05999755859375,109.51000213623047,110.29000091552734,105.86315155029297,806000
2019-02-12,110.73999786376953,111.52999877929688,110.55000305175781,111.51000213623047,107.0341796875,1181400
2019-02-13,111.54000091552734,112.0,109.80000305175781,111.63999938964844,107.15895080566406,692800
2019-02-14,111.38999938964844,112.48999786376953,110.80000305175781,111.9000015258789,107.40853881835938,893300
2019-02-15,112.58000183105469,113.19000244140625,111.79000091552734,112.12000274658203,107.61970520019531,704700
2019-02-19,112.12000274658203,112.12000274658203,111.30999755859375,111.33999633789062,106.87100219726562,737400
2019-02-20,111.7300033569336,112.02999877929688,110.41999816894531,110.54000091552734,106.10311126708984,702000
2019-02-21,110.12999725341797,111.29000091552734,109.36000061035156,111.0999984741211,106.64063262939453,1004300
2019-02-22,111.04000091552734,111.80999755859375,110.30000305175781,111.76000213623047,107.2741470336914,1035800
2019-02-25,112.56999969482422,112.56999969482422,110.94999694824219,111.08999633789062,106.63103485107422,1133500
2019-02-26,111.16000366210938,111.72000122070312,110.87999725341797,111.06999969482422,106.61184692382812,771000
2019-02-27,110.87999725341797,111.62999725341797,110.30000305175781,111.36000061035156,106.89020538330078,698700
2019-02-28,111.4000015258789,112.33999633789062,110.94000244140625,112.11000061035156,107.610107421875,1038400
2019-03-01,112.7300033569336,113.37999725341797,111.06999969482422,111.6500015258789,107.16854858398438,779400
2019-03-04,111.62000274658203,112.86000061035156,110.0,111.19999694824219,106.73661804199219,1585000
2019-03-05,111.62000274658203,112.11000061035156,110.4000015258789,110.68000030517578,106.23749542236328,1534000
2019-03-06,110.97000122070312,111.2699966430664,109.22000122070312,109.54000091552734,105.14324951171875,941100
2019-03-07,109.52999877929688,109.66999816894531,107.91999816894531,108.43000030517578,104.07780456542969,1194100
2019-03-08,108.54000091552734,108.76000213623047,106.75,107.63999938964844,103.31951141357422,1379500
2019-03-11,107.70999908447266,109.12000274658203,107.33000183105469,108.77999877929688,104.41375732421875,910000
2019-03-12,109.2300033569336,109.56999969482422,108.52999877929688,109.44000244140625,105.04727172851562,838800
2019-03-13,109.77999877929688,111.06999969482422,109.5199966430664,110.04000091552734,105.62318420410156,1166700
2019-03-14,110.08999633789062,110.7699966430664,109.5,110.04000091552734,105.62318420410156,1132500
2019-03-15,110.04000091552734,111.38999938964844,109.66999816894531,110.66000366210938,106.21830749511719,1903100
2019-03-18,111.13999938964844,112.13999938964844,110.18000030517578,111.08999633789062,106.63103485107422,1259200
2019-03-19,111.37999725341797,111.37999725341797,109.8499984741211,110.37000274658203,105.93994140625,1279200
2019-03-20,110.29000091552734,110.95999908447266,108.31999969482422,108.6500015258789,104.28897857666016,1907300
2019-03-21,113.48999786376953,116.55999755859375,112.5,116.11000061035156,111.44954681396484,3790600
2019-03-22,116.22000122070312,118.19999694824219,115.80999755859375,117.44000244140625,112.72616577148438,1957700
2019-03-25,117.66000366210938,119.12000274658203,117.38999938964844,118.70999908447266,113.9451904296875,1678700
2019-03-26,118.38999938964844,119.97000122070312,118.29000091552734,119.0999984741211,114.31954193115234,1404700
2019-03-27,119.0,119.51000213623047,118.37000274658203,119.0199966430664,114.24272918701172,1520200
2019-03-28,119.52999877929688,121.30000305175781,119.31999969482422,121.12999725341797,116.2680435180664,1319800
2019-03-29,121.69000244140625,122.37000274658203,120.77999877929688,121.47000122070312,116.59439086914062,1270100
2019-04-01,122.12999725341797,122.36000061035156,119.95999908447266,120.4800033569336,115.64413452148438,950700
2019-04-02,120.16000366210938,120.16000366210938,118.31999969482422,119.18000030517578,114.39632415771484,1374400
2019-04-03,119.9800033569336,119.9800033569336,118.0,118.44999694824219,113.69561767578125,1297900
2019-04-04,118.58000183105469,118.7300033569336,117.0,118.51000213623047,113.75321960449219,1063800
2019-04-05,118.86000061035156,119.38999938964844,118.41999816894531,118.9800033569336,114.20433807373047,1564800
2019-04-08,119.0,119.52999877929688,118.54000091552734,119.33000183105469,114.54029846191406,1185700
2019-04-09,118.05999755859375,118.25,116.91000366210938,117.02999877929688,113.04309844970703,779700
2019-04-10,117.12000274658203,117.66000366210938,116.06999969482422,117.01000213623047,113.0237808227539,789500
2019-04-11,116.98999786376953,117.5,115.80999755859375,116.3499984741211,112.38626861572266,1130200
2019-04-12,116.5,117.33999633789062,116.22000122070312,116.5,112.5311508178711,1039000
2019-04-15,116.44000244140625,116.5,115.55999755859375,115.8499984741211,111.90328979492188,853300
2019-04-16,116.30000305175781,116.73999786376953,114.76000213623047,115.73999786376953,111.79704284667969,879300
2019-04-17,115.66000366210938,115.87000274658203,113.81999969482422,114.41999816894531,110.52201843261719,1657700
2019-04-18,114.87999725341797,117.11000061035156,114.6500015258789,116.87000274658203,112.88855743408203,1632800
2019-04-22,116.37000274658203,117.29000091552734,116.25,116.81999969482422,112.84025573730469,1446100
2019-04-23,116.83000183105469,118.30999755859375,116.19000244140625,117.0,113.01411437988281,1395800
2019-04-24,116.95999908447266,118.4800033569336,116.73999786376953,117.93000030517578,113.91244506835938,828500
2019-04-25,117.83999633789062,119.5999984741211,117.62000274658203,119.1500015258789,115.09088134765625,1793700
2019-04-26,120.1500015258789,121.87999725341797,119.4800033569336,121.62000274658203,117.47673034667969,1565900
2019-04-29,121.73999786376953,121.87999725341797,119.75,120.33000183105469,116.23068237304688,1178100
2019-04-30,119.94000244140625,119.94000244140625,116.02999877929688,117.5999984741211,113.59368133544922,1617800
2019-05-01,117.37000274658203,117.63999938964844,115.45999908447266,115.52999877929688,111.59419250488281,1024700
2019-05-02,116.26000213623047,118.30999755859375,116.06999969482422,117.80999755859375,113.79652404785156,1764900
2019-05-03,118.13999938964844,118.44000244140625,117.05000305175781,117.68000030517578,113.67095947265625,945500
2019-05-06,116.44000244140625,118.88999938964844,116.0199966430664,118.68000030517578,114.63688659667969,997600
2019-05-07,118.05999755859375,119.69999694824219,118.05999755859375,119.45999908447266,115.39031219482422,1691700
2019-05-08,119.25,119.68000030517578,118.27999877929688,118.87000274658203,114.82041931152344,886900
2019-05-09,118.5999984741211,120.36000061035156,118.20999908447266,120.3499984741211,116.24999237060547,974800
2019-05-10,120.13999938964844,122.0199966430664,119.51000213623047,121.75,117.602294921875,984300
2019-05-13,120.05999755859375,120.7300033569336,119.4000015258789,120.18000030517578,116.08578491210938,1015900
2019-05-14,120.16999816894531,122.0199966430664,120.08000183105469,121.02999877929688,116.9068374633789,1057900
2019-05-15,120.87999725341797,121.80999755859375,120.61000061035156,120.95999908447266,116.83921813964844,999200
2019-05-16,121.30999755859375,122.12000274658203,118.68000030517578,118.94999694824219,114.8976821899414,1405000
2019-05-17,118.0199966430664,120.55999755859375,118.0199966430664,119.86000061035156,115.77667999267578,1863500
2019-05-20,120.16000366210938,123.2699966430664,119.62999725341797,122.91000366210938,118.72279357910156,2044100
2019-05-21,123.20999908447266,125.33000183105469,123.0999984741211,124.77999877929688,120.5290756225586,1696900
2019-05-22,124.43000030517578,125.12999725341797,122.2699966430664,123.02999877929688,118.83869934082031,1781500
2019-05-23,122.9000015258789,123.0999984741211,119.63999938964844,120.76000213623047,116.64603424072266,1739000
2019-05-24,120.68000030517578,121.04000091552734,119.22000122070312,120.12999725341797,116.03749084472656,1232500
2019-05-28,120.7300033569336,120.98999786376953,118.08000183105469,118.12999725341797,114.10562896728516,2376500
2019-05-29,117.4000015258789,117.48999786376953,114.69999694824219,115.93000030517578,111.98057556152344,1746100
2019-05-30,115.77999877929688,118.16000366210938,115.6500015258789,117.6500015258789,113.64198303222656,949600
2019-05-31,116.69000244140625,117.44999694824219,115.91000366210938,116.31999969482422,112.35728454589844,1359700
2019-06-03,116.01000213623047,116.6500015258789,115.38999938964844,116.44999694824219,112.48284912109375,1402000
2019-06-04,117.05000305175781,119.56999969482422,116.8499984741211,118.0199966430664,113.9993667602539,1633700
2019-06-05,118.29000091552734,118.55999755859375,117.18000030517578,118.01000213623047,113.98971557617188,1210500
2019-06-06,118.0,121.37000274658203,117.75,120.68000030517578,116.5687484741211,1114600
2019-06-07,121.33999633789062,122.63999938964844,121.01000213623047,121.31999969482422,117.18694305419922,1146000
2019-06-10,121.61000061035156,122.75,118.45999908447266,118.9800033569336,114.92666625976562,886400
2019-06-11,119.56999969482422,120.7699966430664,118.72000122070312,119.02999877929688,114.97496795654297,1094900
2019-06-12,119.83999633789062,120.0199966430664,117.12999725341797,117.80999755859375,113.79652404785156,1143600
2019-06-13,118.11000061035156,119.5,118.01000213623047,118.9000015258789,114.84940338134766,1265900
2019-06-14,118.76000213623047,120.19000244140625,118.62000274658203,119.68000030517578,115.60282135009766,895300
2019-06-17,119.83000183105469,119.9800033569336,116.93000030517578,118.30999755859375,114.27949523925781,1833000
2019-06-18,118.33999633789062,119.38999938964844,117.25,117.93000030517578,113.91244506835938,2129500
2019-06-19,117.91000366210938,119.26000213623047,115.77999877929688,117.41000366210938,113.41014862060547,2491700
2019-06-20,114.8499984741211,119.83999633789062,112.5,118.66999816894531,114.62722778320312,4003800
2019-06-21,119.04000091552734,121.44999694824219,118.66999816894531,121.2300033569336,117.10002899169922,2277600
2019-06-24,121.62000274658203,123.97000122070312,121.5,121.98999786376953,117.8341293334961,2263700
2019-06-25,122.38999938964844,123.9000015258789,122.08000183105469,123.13999938964844,118.9449462890625,1561500
2019-06-26,123.0199966430664,123.44999694824219,119.2699966430664,120.01000213623047,115.92158508300781,1788600
2019-06-27,120.0,121.69999694824219,119.70999908447266,121.54000091552734,117.39944458007812,1047100
2019-06-28,120.98999786376953,121.98999786376953,120.16999816894531,121.7300033569336,117.5829849243164,2434900
2019-07-01,122.87000274658203,123.30999755859375,120.3499984741211,121.58999633789062,117.44776153564453,1201300
2019-07-02,121.5999984741211,121.68000030517578,120.31999969482422,120.83000183105469,116.7136459350586,1076400
2019-07-03,120.94999694824219,122.44000244140625,120.94999694824219,121.70999908447266,117.56365966796875,605900
2019-07-05,121.87000274658203,123.68000030517578,121.30999755859375,123.63999938964844,119.42792510986328,630200
2019-07-08,123.2699966430664,125.18000030517578,122.5,124.9800033569336,120.7222671508789,1860100
2019-07-09,123.91999816894531,124.83000183105469,122.1500015258789,122.58000183105469,119.24363708496094,1370800
2019-07-10,122.62000274658203,123.20999908447266,120.70999908447266,121.5,118.19303131103516,1128300
2019-07-11,121.7300033569336,122.7300033569336,120.91000366210938,122.33000183105469,119.00043487548828,958500
2019-07-12,123.0199966430664,125.13999938964844,122.7300033569336,124.76000213623047,121.36429595947266,1000800
2019-07-15,124.9800033569336,125.98999786376953,124.70999908447266,125.41999816894531,122.00633239746094,842600
2019-07-16,124.18000030517578,125.47000122070312,123.12999725341797,123.20999908447266,119.85647583007812,1511900
2019-07-17,123.44000244140625,123.88999938964844,121.26000213623047,122.20999908447266,118.8836898803711,1437900
2019-07-18,122.41999816894531,124.0999984741211,121.95999908447266,124.06999969482422,120.69306945800781,988900
2019-07-19,123.87999725341797,125.13999938964844,123.22000122070312,124.41000366210938,121.0238265991211,999000
2019-07-22,124.7300033569336,125.77999877929688,124.05999755859375,125.45999908447266,122.04524993896484,941800
2019-07-23,126.16000366210938,126.44999694824219,124.69000244140625,125.16000366210938,121.75341796875,954400
2019-07-24,125.19000244140625,126.06999969482422,123.56999969482422,124.23999786376953,120.85844421386719,989800
2019-07-25,124.01000213623047,124.33000183105469,123.0,123.58999633789062,120.22613525390625,955300
2019-07-26,124.26000213623047,126.33999633789062,123.70999908447266,125.95999908447266,122.53163146972656,827500
2019-07-29,125.95999908447266,126.75,125.12999725341797,126.62000274658203,123.17366790771484,1009900
2019-07-30,126.12999725341797,126.3499984741211,123.75,124.68000030517578,121.2864761352539,651400
2019-07-31,124.12000274658203,124.12000274658203,120.13999938964844,121.55999755859375,118.25138854980469,1159200
2019-08-01,121.5999984741211,122.05999755859375,120.12000274658203,120.87999725341797,117.58989715576172,977900
2019-08-02,120.94000244140625,121.80000305175781,119.8499984741211,120.08999633789062,116.82139587402344,890200
2019-08-05,118.76000213623047,119.80000305175781,116.72000122070312,118.0199966430664,114.8077392578125,1000400
2019-08-06,118.30999755859375,119.36000061035156,117.72000122070312,117.88999938964844,114.68128967285156,974500
2019-08-07,117.36000061035156,119.37000274658203,116.37000274658203,118.93000030517578,115.69297790527344,1092800
2019-08-08,119.43000030517578,122.08999633789062,118.88999938964844,122.05000305175781,118.72806549072266,1075900
2019-08-09,121.72000122070312,123.88999938964844,120.80999755859375,122.43000030517578,119.09771728515625,1513900
2019-08-12,122.12999725341797,122.7300033569336,118.12999725341797,120.66000366210938,117.37589263916016,1038200
2019-08-13,120.69000244140625,122.91999816894531,119.91999816894531,121.16000366210938,117.8622817993164,899500
2019-08-14,120.0,120.31999969482422,116.77999877929688,116.80000305175781,113.62095642089844,1173600
2019-08-15,116.77999877929688,117.25,114.63999938964844,114.91000366210938,111.78239440917969,1480000
2019-08-16,115.31999969482422,117.6500015258789,115.0999984741211,117.0999984741211,113.91278839111328,839900
2019-08-19,118.45999908447266,120.33000183105469,117.88999938964844,119.56999969482422,116.31555938720703,921800
2019-08-20,119.41999816894531,119.68000030517578,117.36000061035156,118.87000274658203,115.63461303710938,698600
2019-08-21,119.33999633789062,119.9800033569336,118.5199966430664,119.52999877929688,116.27664184570312,947200
2019-08-22,119.55999755859375,121.94999694824219,119.55999755859375,120.9000015258789,117.60935974121094,844700
2019-08-23,120.8499984741211,122.70999908447266,120.05000305175781,120.52999877929688,117.24942779541016,1038000
2019-08-26,121.2699966430664,121.2699966430664,119.4800033569336,121.19999694824219,117.90118408203125,786600
2019-08-27,121.19999694824219,121.47000122070312,119.1500015258789,119.5199966430664,116.26691436767578,1118100
2019-08-28,119.41999816894531,120.70999908447266,119.04000091552734,120.19999694824219,116.92840576171875,639500
2019-08-29,120.48999786376953,122.45999908447266,120.37000274658203,121.83999633789062,118.52376556396484,941800
2019-08-30,121.7699966430664,122.91999816894531,120.70999908447266,120.9800033569336,117.68718719482422,905100
2019-09-03,120.56999969482422,121.44999694824219,118.62000274658203,119.5199966430664,116.26691436767578,805800
2019-09-04,120.04000091552734,122.91999816894531,119.62999725341797,122.12000274658203,118.796142578125,1200500
2019-09-05,123.16999816894531,124.77999877929688,121.83000183105469,124.05999755859375,120.683349609375,1020000
2019-09-06,124.68000030517578,127.61000061035156,124.45999908447266,125.4800033569336,122.06470489501953,1812400
2019-09-09,125.87000274658203,127.70999908447266,125.06999969482422,127.56999969482422,124.09781646728516,1166600
2019-09-10,126.79000091552734,127.16000366210938,124.94000244140625,126.94999694824219,123.49468231201172,1049000
2019-09-11,127.44999694824219,127.98999786376953,126.47000122070312,127.19999694824219,123.73788452148438,977300
2019-09-12,127.08000183105469,127.45999908447266,125.97000122070312,126.05999755859375,122.62892150878906,1044800
2019-09-13,126.2300033569336,128.41000366210938,125.95999908447266,127.33999633789062,123.87406921386719,1088100
2019-09-16,126.23999786376953,128.07000732421875,126.06999969482422,126.91000366210938,123.45577239990234,1282200
2019-09-17,127.29000091552734,127.94000244140625,124.83000183105469,126.0,122.57054901123047,1330200
2019-09-18,126.44999694824219,127.5999984741211,126.36000061035156,127.12999725341797,123.66978454589844,1519000
2019-09-19,122.0199966430664,123.91000366210938,120.44000244140625,120.68000030517578,117.39534759521484,4339900
2019-09-20,120.61000061035156,121.55000305175781,119.05000305175781,119.80000305175781,116.53929901123047,1976300
2019-09-23,119.69999694824219,120.02999877929688,118.4000015258789,119.19000244140625,115.9458999633789,1528500
2019-09-24,119.8499984741211,121.12999725341797,117.37999725341797,117.81999969482422,114.6131820678711,2467100
2019-09-25,118.0,119.13999938964844,117.70999908447266,118.5,115.27467346191406,1555800
2019-09-26,118.02999877929688,118.38999938964844,115.63999938964844,116.44000244140625,113.27074432373047,1216600
2019-09-27,116.68000030517578,117.3499984741211,115.54000091552734,116.36000061035156,113.19292449951172,1113000
2019-09-30,116.80000305175781,118.5999984741211,116.80000305175781,118.22000122070312,115.0022964477539,1377700
2019-10-01,118.27999877929688,118.87000274658203,116.30999755859375,117.01000213623047,113.82524108886719,1735800
2019-10-02,116.11000061035156,116.5999984741211,114.05000305175781,115.86000061035156,112.70654296875,2908400
2019-10-03,115.80000305175781,116.51000213623047,113.9800033569336,115.44999694824219,112.30769348144531,1782800
2019-10-04,115.23999786376953,116.55000305175781,115.2300033569336,116.41999816894531,113.25129699707031,1329700
2019-10-07,116.20999908447266,116.41000366210938,115.29000091552734,115.79000091552734,112.63843536376953,1210900
2019-10-08,115.20999908447266,115.58999633789062,113.91000366210938,113.94000244140625,110.83879852294922,1503900
2019-10-09,113.37000274658203,113.5999984741211,112.16000366210938,112.47000122070312,110.26038360595703,2019500
2019-10-10,112.62000274658203,113.16000366210938,111.58999633789062,112.02999877929688,109.82903289794922,2172300
2019-10-11,113.05000305175781,114.12999725341797,112.81999969482422,113.04000091552734,110.8191909790039,1424000
2019-10-14,112.75,112.81999969482422,110.38999938964844,110.44999694824219,108.28007507324219,1106300
2019-10-15,110.66000366210938,110.91000366210938,109.80999755859375,110.29000091552734,108.12321472167969,1275400
2019-10-16,110.31999969482422,111.0199966430664,109.69999694824219,110.0,107.83891296386719,1149700
2019-10-17,110.48999786376953,110.48999786376953,109.08999633789062,109.13999938964844,106.99580383300781,1007700
2019-10-18,109.4000015258789,110.72000122070312,109.1500015258789,110.44999694824219,108.28007507324219,1195600
2019-10-21,110.47000122070312,111.5199966430664,110.0,110.16000366210938,107.99578094482422,1021000
2019-10-22,110.29000091552734,110.68000030517578,108.56999969482422,108.81999969482422,106.68209838867188,1172600
2019-10-23,108.8499984741211,110.43000030517578,108.58000183105469,110.4000015258789,108.2310562133789,1196300
2019-10-24,110.70999908447266,111.33000183105469,109.58999633789062,110.41000366210938,108.24085998535156,1227400
2019-10-25,110.0999984741211,112.70999908447266,110.0999984741211,112.37000274658203,110.162353515625,1102000
2019-10-28,112.55000305175781,113.2300033569336,111.30999755859375,111.3499984741211,109.16239166259766,867000
2019-10-29,113.22000122070312,113.9000015258789,111.91999816894531,113.75,111.51524353027344,1666100
2019-10-30,113.37999725341797,113.91999816894531,111.48999786376953,112.98999786376953,110.7701644897461,1146700
2019-10-31,113.16999816894531,113.66000366210938,111.94000244140625,112.2699966430664,110.06431579589844,865100
2019-11-01,112.63999938964844,113.43000030517578,112.12999725341797,112.16999816894531,109.96627807617188,822800
2019-11-04,112.19000244140625,112.5,110.72000122070312,110.94999694824219,108.77024841308594,1072500
2019-11-05,110.9000015258789,113.12000274658203,110.66000366210938,112.7699966430664,110.55448150634766,1150200
2019-11-06,112.97000122070312,113.04000091552734,111.80999755859375,112.79000091552734,110.5740966796875,837100
2019-11-07,113.27999877929688,113.77999877929688,112.81999969482422,113.4800033569336,111.25054168701172,926900
2019-11-08,113.36000061035156,114.91000366210938,113.25,114.91000366210938,112.65245819091797,989000
2019-11-11,114.18000030517578,114.94999694824219,113.7699966430664,114.36000061035156,112.11325073242188,921900
2019-11-12,114.33999633789062,114.68000030517578,109.75,112.44000244140625,110.23098754882812,931800
2019-11-13,112.0,112.94000244140625,111.55000305175781,112.58000183105469,110.36821746826172,895000
2019-11-14,112.51000213623047,113.56999969482422,112.11000061035156,112.47000122070312,110.26038360595703,613400
2019-11-15,112.94999694824219,113.18000030517578,111.97000122070312,112.5999984741211,110.38783264160156,1256300
2019-11-18,112.44999694824219,114.01000213623047,112.29000091552734,113.27999877929688,111.05447387695312,2205500
2019-11-19,113.44000244140625,113.91000366210938,112.88999938964844,113.48999786376953,111.26034545898438,1020900
2019-11-20,113.68000030517578,115.19999694824219,113.4800033569336,114.75,112.49559783935547,908500
2019-11-21,115.12999725341797,115.2699966430664,113.20999908447266,113.48999786376953,111.26034545898438,696200
2019-11-22,113.83999633789062,114.86000061035156,112.94000244140625,114.66999816894531,112.41716003417969,645600
2019-11-25,115.26000213623047,116.3499984741211,114.70999908447266,115.66000366210938,113.3877182006836,894300
2019-11-26,115.79000091552734,117.30000305175781,115.43000030517578,117.19000244140625,114.88765716552734,1578400
2019-11-27,117.75,118.22000122070312,117.25,117.45999908447266,115.15235137939453,885800
2019-11-29,117.66999816894531,119.27999877929688,117.25,118.44000244140625,116.11310577392578,803500
2019-12-02,118.48999786376953,119.44000244140625,117.98999786376953,119.31999969482422,116.97581481933594,997600
2019-12-03,118.7300033569336,118.93000030517578,117.05000305175781,118.47000122070312,116.14250946044922,1316600
2019-12-04,118.30000305175781,118.83999633789062,117.30000305175781,117.94999694824219,115.63272094726562,1069500
2019-12-05,118.23999786376953,118.81999969482422,117.33000183105469,118.48999786376953,116.16211700439453,1308400
2019-12-06,119.05000305175781,119.9800033569336,118.5999984741211,119.83000183105469,117.47579193115234,977800
2019-12-09,119.95999908447266,119.97000122070312,118.0999984741211,118.0999984741211,115.77977752685547,1369700
2019-12-10,118.0999984741211,118.76000213623047,117.70999908447266,118.58000183105469,116.25035095214844,1071600
2019-12-11,118.56999969482422,118.87999725341797,117.33000183105469,117.44000244140625,115.13275146484375,995400
2019-12-12,116.26000213623047,117.22000122070312,115.8499984741211,116.2699966430664,113.9857177734375,1054700
2019-12-13,115.93000030517578,116.4000015258789,114.94999694824219,115.58000183105469,113.30928802490234,918800
2019-12-16,116.16999816894531,116.5999984741211,115.0999984741211,116.0199966430664,113.74064636230469,925900
2019-12-17,115.5199966430664,116.45999908447266,115.41000366210938,116.01000213623047,113.73084259033203,1041300
2019-12-18,116.33000183105469,116.80999755859375,115.0199966430664,116.30999755859375,114.02494049072266,1610500
2019-12-19,112.04000091552734,113.0,109.02999877929688,109.02999877929688,106.8879623413086,5406000
2019-12-20,110.0,111.8499984741211,109.30000305175781,110.23999786376953,108.0741958618164,3928700
2019-12-23,109.94000244140625,109.94000244140625,107.91000366210938,108.69999694824219,106.564453125,1871900
2019-12-24,108.69999694824219,108.94999694824219,108.1500015258789,108.5,106.36837768554688,668500
2019-12-26,108.87000274658203,109.37999725341797,108.04000091552734,108.91000366210938,106.77033233642578,1013500
2019-12-27,108.23999786376953,108.5199966430664,107.30000305175781,108.01000213623047,105.88801574707031,1520600
2019-12-30,108.0,109.0,107.48999786376953,108.95999908447266,106.81935119628906,1478600
2019-12-31,109.01000213623047,109.33999633789062,107.95999908447266,109.01000213623047,106.86837005615234,1601000
2020-01-02,109.80000305175781,112.26000213623047,109.38999938964844,112.26000213623047,110.05451965332031,2745500
2020-01-03,111.55999755859375,112.5199966430664,110.87999725341797,112.37999725341797,110.17215728759766,1371300
2020-01-06,112.12000274658203,113.1500015258789,111.62999725341797,113.12000274658203,110.89762115478516,1595900
2020-01-07,112.20999908447266,113.4800033569336,111.7300033569336,112.1500015258789,109.9466781616211,1901800
2020-01-08,112.25,114.06999969482422,111.81999969482422,113.8499984741211,111.61327362060547,1675800
2020-01-09,113.41999816894531,115.5,112.6500015258789,114.38999938964844,113.01622009277344,1906700
2020-01-10,114.58000183105469,114.83000183105469,113.55999755859375,114.55000305175781,113.17430114746094,1146100
2020-01-13,114.55000305175781,114.88999938964844,113.05000305175781,113.25,111.8899154663086,1517400
2020-01-14,112.83999633789062,112.83999633789062,111.66000366210938,112.20999908447266,110.8624038696289,2080700
2020-01-15,112.20999908447266,112.63999938964844,111.25,111.29000091552734,109.95345306396484,1511300
2020-01-16,111.12000274658203,113.8499984741211,110.7300033569336,113.01000213623047,111.65279388427734,2681700
2020-01-17,113.27999877929688,113.75,112.95999908447266,113.5199966430664,112.15666198730469,1050200
2020-01-21,113.11000061035156,114.69000244140625,113.01000213623047,114.55000305175781,113.17430114746094,1502800
2020-01-22,114.81999969482422,115.44999694824219,114.63999938964844,114.9800033569336,113.5991439819336,1423000
2020-01-23,114.94999694824219,117.72000122070312,114.69999694824219,117.62000274658203,116.20743560791016,1525100
2020-01-24,117.75,117.7699966430664,116.55999755859375,117.08999633789062,115.68378448486328,1080200
2020-01-27,115.9000015258789,116.98999786376953,115.87999725341797,116.37999725341797,114.9823226928711,1133500
2020-01-28,116.83999633789062,117.87000274658203,116.62999725341797,117.44999694824219,116.03946685791016,1391800
2020-01-29,117.80999755859375,119.58999633789062,116.44000244140625,119.20999908447266,117.77833557128906,1124700
2020-01-30,118.47000122070312,118.56999969482422,116.33000183105469,118.20999908447266,116.79034423828125,1336100
2020-01-31,118.30000305175781,118.48999786376953,115.83000183105469,116.43000030517578,115.03172302246094,1081700
2020-02-03,117.12999725341797,117.12999725341797,114.87999725341797,114.91999816894531,113.53986358642578,1343600
2020-02-04,115.88999938964844,116.73999786376953,115.55000305175781,115.55999755859375,114.17217254638672,1511700
2020-02-05,115.91000366210938,117.62999725341797,115.55000305175781,117.4800033569336,116.0691146850586,1700800
2020-02-06,117.9800033569336,121.80000305175781,117.86000061035156,121.5,120.04083251953125,2089300
2020-02-07,121.5,121.94999694824219,120.20999908447266,120.70999908447266,119.26031494140625,1555400
2020-02-10,120.62000274658203,121.97000122070312,120.23999786376953,121.79000091552734,120.32734680175781,979800
2020-02-11,121.88999938964844,122.41999816894531,120.66999816894531,122.2300033569336,120.76206970214844,1565100
2020-02-12,122.6500015258789,124.01000213623047,122.23999786376953,122.44999694824219,120.97942352294922,1150400
2020-02-13,122.12000274658203,122.43000030517578,121.2699966430664,122.2699966430664,120.80158233642578,1081100
2020-02-14,122.4800033569336,122.62999725341797,121.33000183105469,121.70999908447266,120.2483139038086,736900
2020-02-18,121.16000366210938,121.41000366210938,119.01000213623047,120.48999786376953,119.04296875,1062800
2020-02-19,120.80999755859375,121.22000122070312,119.95999908447266,120.68000030517578,119.23068237304688,905300
2020-02-20,120.4000015258789,121.0,119.41999816894531,120.68000030517578,119.23068237304688,757400
2020-02-21,119.9800033569336,121.38999938964844,119.95999908447266,121.0999984741211,119.64563751220703,1372200
2020-02-24,119.08999633789062,119.7699966430664,117.33999633789062,117.88999938964844,116.47418212890625,1177500
2020-02-25,118.44000244140625,118.44000244140625,111.66000366210938,111.75,110.40792083740234,1481600
2020-02-26,111.9000015258789,112.51000213623047,107.04000091552734,107.06999969482422,105.78413391113281,2085200
2020-02-27,104.25,104.51000213623047,99.30000305175781,99.36000061035156,98.1667251586914,3096600
2020-02-28,96.5199966430664,100.76000213623047,94.2300033569336,97.5,96.32907104492188,2593000
2020-03-02,97.75,98.87000274658203,95.55999755859375,98.80000305175781,97.61344909667969,2405300
2020-03-03,98.47000122070312,100.4000015258789,94.45999908447266,95.30999755859375,94.16536712646484,1693800
2020-03-04,96.55000305175781,96.94000244140625,93.43000030517578,95.05999755859375,93.91836547851562,1789200
2020-03-05,94.41000366210938,94.41000366210938,87.37999725341797,87.94999694824219,86.89375305175781,2700400
2020-03-06,84.47000122070312,90.51000213623047,83.79000091552734,88.1500015258789,87.09135437011719,2449200
2020-03-09,82.06999969482422,82.62999725341797,77.2300033569336,77.43000030517578,76.50009155273438,2492100
2020-03-10,80.86000061035156,82.69000244140625,76.36000061035156,82.5999984741211,81.60800170898438,2301300
2020-03-11,79.05000305175781,79.29000091552734,69.69999694824219,70.20999908447266,69.36680603027344,3773100
2020-03-12,62.970001220703125,67.3499984741211,57.27000045776367,59.16999816894531,58.459388732910156,4078700
2020-03-13,63.959999084472656,65.4000015258789,59.290000915527344,65.31999969482422,64.53553771972656,4062300
2020-03-16,58.2400016784668,58.36000061035156,46.16999816894531,49.209999084472656,48.6190071105957,4490200
2020-03-17,49.900001525878906,50.15999984741211,35.939998626708984,41.93000030517578,41.42643737792969,9908500
2020-03-18,37.16999816894531,39.06999969482422,26.149999618530273,34.15999984741211,33.749755859375,8833600
2020-03-19,33.72999954223633,46.540000915527344,30.5,42.41999816894531,41.91054916381836,10989700
2020-03-20,45.5,45.81999969482422,37.060001373291016,39.0,38.5316276550293,8879200
2020-03-23,39.880001068115234,42.2400016784668,37.150001525878906,41.029998779296875,40.53724670410156,7799000
2020-03-24,45.130001068115234,55.20000076293945,45.0,53.88999938964844,53.24280548095703,8707600
2020-03-25,56.65999984741211,67.72000122070312,54.0,58.45000076293945,57.74803924560547,7946600
2020-03-26,58.47999954223633,62.439998626708984,56.29999923706055,60.560001373291016,59.83270263671875,4744200
2020-03-27,56.56999969482422,57.709999084472656,52.5,54.65999984741211,54.00355529785156,6019800
2020-03-30,53.040000915527344,57.84000015258789,51.02000045776367,56.849998474121094,56.16725158691406,4062600
2020-03-31,56.900001525878906,59.0,53.11000061035156,54.459999084472656,53.80595779418945,6167900
2020-04-01,50.29999923706055,51.150001525878906,45.0,46.02000045776367,45.46731948852539,6602900
2020-04-02,46.279998779296875,49.650001525878906,43.11000061035156,44.310001373291016,43.77785873413086,4708200
2020-04-03,44.2400016784668,46.38999938964844,43.18000030517578,45.47999954223633,44.93380355834961,3640600
2020-04-06,49.20000076293945,55.880001068115234,49.0,52.400001525878906,51.77069854736328,4857900
2020-04-07,57.63999938964844,63.34000015258789,56.599998474121094,58.959999084472656,58.25191116333008,6526200
2020-04-08,62.15999984741211,65.3499984741211,59.380001068115234,63.56999969482422,62.80655288696289,4056600
2020-04-09,67.97000122070312,69.16999816894531,62.130001068115234,64.33999633789062,63.567298889160156,4873200
2020-04-13,65.0,65.19000244140625,59.79999923706055,60.88999938964844,60.15873336791992,2192100
2020-04-14,63.369998931884766,64.69999694824219,60.720001220703125,61.150001525878906,60.415611267089844,3110800
2020-04-15,57.86000061035156,59.66999816894531,57.06999969482422,58.790000915527344,58.08395767211914,3735800
2020-04-16,58.689998626708984,59.9900016784668,56.5099983215332,57.97999954223633,57.28368377685547,2995500
2020-04-17,63.779998779296875,65.43000030517578,60.34000015258789,63.349998474121094,62.58919143676758,4037500
2020-04-20,61.34000015258789,64.55000305175781,61.0099983215332,61.790000915527344,61.04792785644531,2397700
2020-04-21,62.599998474121094,63.7400016784668,61.31999969482422,63.31999969482422,62.55955505371094,7066000
2020-04-22,64.9800033569336,69.45999908447266,64.97000122070312,68.30000305175781,67.47975158691406,6673500
2020-04-23,69.4800033569336,69.5,66.30000305175781,66.87000274658203,66.06692504882812,4055100
2020-04-24,67.69000244140625,69.30000305175781,65.75,68.81999969482422,67.99349975585938,3508600
2020-04-27,70.0,72.61000061035156,68.69000244140625,72.4000015258789,71.53050994873047,3282400
2020-04-28,76.41000366210938,77.11000061035156,71.22000122070312,74.80000305175781,73.90167999267578,4122700
2020-04-29,78.12000274658203,81.18000030517578,76.97000122070312,78.20999908447266,77.2707290649414,3908800
2020-04-30,76.94000244140625,77.54000091552734,72.79000091552734,73.79000091552734,72.90380859375,3299100
2020-05-01,70.4000015258789,72.30999755859375,68.08000183105469,69.8499984741211,69.0111312866211,3467700
2020-05-04,67.13999938964844,70.69999694824219,66.0199966430664,70.62000274658203,69.77188110351562,2043000
2020-05-05,72.2699966430664,72.62999725341797,68.5999984741211,68.98999786376953,68.16145324707031,2524200
2020-05-06,69.68000030517578,71.2300033569336,68.19999694824219,68.20999908447266,67.39083099365234,2553300
2020-05-07,69.23999786376953,72.0999984741211,68.76000213623047,70.52999877929688,69.6829605102539,2304500
2020-05-08,72.0199966430664,74.87999725341797,71.75,74.72000122070312,73.82263946533203,2996300
2020-05-11,73.29000091552734,75.12999725341797,72.48999786376953,73.93000030517578,73.04212951660156,2728600
2020-05-12,74.55999755859375,75.12999725341797,68.87000274658203,70.31999969482422,69.4754867553711,3604100
2020-05-13,69.56999969482422,69.6500015258789,63.41999816894531,65.87999725341797,65.08880615234375,3964800
2020-05-14,63.0,67.2300033569336,61.209999084472656,66.66000366210938,65.85943603515625,3676700
2020-05-15,66.0,70.11000061035156,65.3499984741211,69.61000061035156,68.77400970458984,2528900
2020-05-18,74.54000091552734,76.55999755859375,74.3499984741211,75.44999694824219,74.54386901855469,2982900
2020-05-19,75.0,78.0,72.62000274658203,75.81999969482422,74.90943145751953,3251300
2020-05-20,78.0,78.93000030517578,76.3499984741211,78.31999969482422,77.37940216064453,3942500
2020-05-21,78.01000213623047,78.23999786376953,75.58000183105469,77.22000122070312,76.2926254272461,2855400
2020-05-22,77.69000244140625,77.9800033569336,75.13999938964844,75.62999725341797,74.7217025756836,2551900
2020-05-26,79.70999908447266,80.79000091552734,78.01000213623047,78.47000122070312,77.5276107788086,3052800
2020-05-27,81.44999694824219,81.69999694824219,78.2699966430664,81.55999755859375,80.58049774169922,3074000
2020-05-28,82.4000015258789,82.4000015258789,78.75,79.5,78.54523468017578,2835400
2020-05-29,78.06999969482422,79.47000122070312,75.87000274658203,76.86000061035156,75.93694305419922,4405600
2020-06-01,77.0,79.3499984741211,76.86000061035156,78.30999755859375,77.36952209472656,2337100
2020-06-02,78.94999694824219,79.55999755859375,77.13999938964844,78.12000274658203,77.18181610107422,1996100
2020-06-03,79.2699966430664,86.51000213623047,79.0199966430664,85.93000030517578,84.89801788330078,4058200
2020-06-04,85.3499984741211,88.22000122070312,83.81999969482422,86.04000091552734,85.00669860839844,3023900
2020-06-05,91.87000274658203,92.06999969482422,84.95999908447266,85.58999633789062,84.56209564208984,3542100
2020-06-08,88.81999969482422,88.81999969482422,83.44999694824219,84.73999786376953,83.72230529785156,3906100
2020-06-09,82.80000305175781,82.80000305175781,79.5999984741211,80.88999938964844,79.91854095458984,3284600
2020-06-10,80.77999877929688,80.94000244140625,76.72000122070312,77.7699966430664,76.83601379394531,2890600
2020-06-11,72.0,75.37000274658203,70.77999877929688,72.93000030517578,72.05413818359375,4509700
2020-06-12,76.23999786376953,76.66000366210938,71.91999816894531,75.94000244140625,75.02799224853516,3046800
2020-06-15,72.80000305175781,77.87000274658203,72.20999908447266,76.5,75.58126068115234,2501300
2020-06-16,80.41000366210938,81.45999908447266,76.30999755859375,76.70999908447266,75.78874206542969,3040900
2020-06-17,77.20999908447266,77.20999908447266,73.86000061035156,74.19000244140625,73.29901123046875,2495800
2020-06-18,73.0,75.51000213623047,72.05999755859375,74.12999725341797,73.2397232055664,2295700
2020-06-19,75.51000213623047,75.69000244140625,70.05999755859375,70.2699966430664,69.42607879638672,6749900
2020-06-22,69.79000091552734,71.41999816894531,68.68000030517578,71.3499984741211,70.49311065673828,3835600
2020-06-23,73.0,75.44000244140625,72.38999938964844,75.3499984741211,74.44507598876953,3107600
2020-06-24,72.98999786376953,73.83000183105469,68.91000366210938,70.80999755859375,69.9595947265625,4127400
2020-06-25,74.33999633789062,76.43000030517578,72.2699966430664,74.58999633789062,73.69420623779297,6345800
2020-06-26,74.58000183105469,74.88999938964844,70.33000183105469,72.94999694824219,72.07389831542969,7299600
2020-06-29,73.94999694824219,77.25,71.83999633789062,76.62999725341797,75.70970153808594,3880700
2020-06-30,75.54000091552734,76.27999877929688,74.27999877929688,75.7699966430664,74.86003112792969,2987800
2020-07-01,75.33999633789062,77.12999725341797,73.86000061035156,76.11000061035156,75.19595336914062,3791300
2020-07-02,77.97000122070312,78.0999984741211,74.08000183105469,74.77999877929688,73.88191986083984,3669800
2020-07-06,75.62999725341797,76.0,72.80000305175781,74.98999786376953,74.08939361572266,3023300
2020-07-07,74.30000305175781,74.91999816894531,72.06999969482422,72.19000244140625,71.3230209350586,2220500
2020-07-08,71.0,73.54000091552734,70.9800033569336,73.12000274658203,72.24185943603516,2008500
2020-07-09,73.94000244140625,73.94000244140625,69.7699966430664,71.33999633789062,70.48323059082031,2369700
2020-07-10,70.0,72.19000244140625,69.95999908447266,72.08999633789062,71.2242202758789,1974600
2020-07-13,74.30999755859375,76.11000061035156,71.41000366210938,72.9000015258789,72.02449798583984,3578400
2020-07-14,72.43000030517578,73.08999633789062,71.0199966430664,72.93000030517578,72.05413818359375,1741100
2020-07-15,75.3499984741211,79.27999877929688,75.0999984741211,79.12000274658203,78.1697998046875,3042700
2020-07-16,79.1500015258789,79.44000244140625,75.5,76.69000244140625,75.76898193359375,2373100
2020-07-17,76.66999816894531,77.62999725341797,75.94000244140625,77.51000213623047,76.57913208007812,2224100
2020-07-20,76.83000183105469,77.0199966430664,73.04000091552734,74.29000091552734,73.39781188964844,1977200
2020-07-21,75.29000091552734,76.41000366210938,74.80000305175781,75.5,74.59326934814453,1862700
2020-07-22,74.81999969482422,78.11000061035156,74.6500015258789,77.38999938964844,76.4605712890625,1397300
2020-07-23,76.5,77.37999725341797,74.80000305175781,76.16999816894531,75.2552261352539,1554000
2020-07-24,76.08999633789062,78.80000305175781,75.16999816894531,78.63999938964844,77.69556427001953,1783700
2020-07-27,78.12999725341797,78.20999908447266,75.62000274658203,76.37000274658203,75.45282745361328,2379500
2020-07-28,74.80000305175781,77.02999877929688,74.22000122070312,75.83999633789062,74.92919158935547,2306100
2020-07-29,76.69000244140625,79.23999786376953,76.44999694824219,78.83999633789062,77.8931655883789,2110600
2020-07-30,77.19999694824219,78.91000366210938,76.44999694824219,78.55000305175781,77.60665130615234,1532800
2020-07-31,78.4800033569336,78.4800033569336,75.7699966430664,75.9000015258789,74.98847198486328,2718900
2020-08-03,76.22000122070312,76.33000183105469,73.87999725341797,74.48999786376953,73.59540557861328,1871600
2020-08-04,74.70999908447266,77.41000366210938,74.70999908447266,76.4800033569336,75.56150817871094,1742000
2020-08-05,77.47000122070312,78.2300033569336,74.91000366210938,75.75,74.84027099609375,1682200
2020-08-06,75.12999725341797,77.0999984741211,75.11000061035156,76.48999786376953,75.57138061523438,1714500
2020-08-07,76.0,79.08000183105469,75.54000091552734,79.05999755859375,78.11051177978516,2655400
2020-08-10,79.75,82.62999725341797,79.75,81.52999877929688,80.55086517333984,2636600
2020-08-11,83.43000030517578,85.9800033569336,81.77999877929688,84.13999938964844,83.12950897216797,4441200
2020-08-12,85.12999725341797,85.19999694824219,83.5999984741211,84.5999984741211,83.58399200439453,2727300
2020-08-13,84.5,85.47000122070312,83.83999633789062,84.55000305175781,83.53459167480469,2035100
2020-08-14,84.20999908447266,85.0999984741211,83.75,84.06999969482422,83.06035614013672,1654700
2020-08-17,83.62000274658203,84.20999908447266,82.48999786376953,83.9000015258789,82.89239501953125,1519300
2020-08-18,83.91000366210938,83.91999816894531,81.70999908447266,82.83000183105469,81.83524322509766,1640100
2020-08-19,81.26000213623047,82.4800033569336,79.41000366210938,79.87000274658203,78.91079711914062,3074800
2020-08-20,79.38999938964844,81.36000061035156,78.8499984741211,80.91000366210938,79.93830871582031,1181500
2020-08-21,81.30999755859375,83.47000122070312,80.9800033569336,82.70999908447266,81.71668243408203,2086200
2020-08-24,83.62999725341797,84.02999877929688,82.1500015258789,82.87999725341797,81.8846435546875,1629900
2020-08-25,83.69000244140625,84.29000091552734,81.63999938964844,82.61000061035156,81.61788940429688,1695200
2020-08-26,82.30000305175781,83.44999694824219,81.98999786376953,82.7300033569336,81.7364501953125,1520300
2020-08-27,83.87999725341797,87.37000274658203,83.77999877929688,85.76000213623047,84.73005676269531,2312000
2020-08-28,86.83999633789062,90.44000244140625,86.02999877929688,89.86000061035156,88.78082275390625,2932000
2020-08-31,89.9000015258789,89.93000030517578,86.66999816894531,86.66999816894531,85.6291275024414,1936200
2020-09-01,85.93000030517578,87.5199966430664,85.19000244140625,87.13999938964844,86.0934829711914,1922300
2020-09-02,87.80000305175781,90.61000061035156,87.27999877929688,90.30999755859375,89.22541809082031,1804500
2020-09-03,90.13999938964844,92.31999969482422,87.83999633789062,89.0999984741211,88.02993774414062,1906100
2020-09-04,90.05000305175781,91.33999633789062,87.6500015258789,89.27999877929688,88.20777893066406,1469600
2020-09-08,88.58000183105469,92.08000183105469,88.29000091552734,89.12000274658203,88.0497055053711,2200700
2020-09-09,89.43000030517578,89.80999755859375,88.05999755859375,88.58000183105469,87.51619720458984,1888900
2020-09-10,88.56999969482422,91.23999786376953,88.51000213623047,89.94999694824219,88.86973571777344,1727200
2020-09-11,89.94999694824219,89.95999908447266,84.91000366210938,86.80000305175781,85.75757598876953,1960200
2020-09-14,88.06999969482422,91.79000091552734,87.86000061035156,91.61000061035156,90.50979614257812,1563800
2020-09-15,91.25,94.44999694824219,90.33999633789062,93.37999725341797,92.258544921875,1815700
2020-09-16,93.37000274658203,94.75,92.56999969482422,92.97000122070312,91.85346984863281,1920500
2020-09-17,92.11000061035156,93.0999984741211,90.55000305175781,91.62000274658203,90.51968383789062,1777100
2020-09-18,91.0999984741211,93.06999969482422,89.19999694824219,89.97000122070312,88.88949584960938,2035200
2020-09-21,86.08999633789062,87.8499984741211,85.37999725341797,87.77999877929688,86.72579956054688,2070100
2020-09-22,88.12000274658203,90.0,87.44999694824219,89.9800033569336,88.89937591552734,1601300
2020-09-23,91.2699966430664,91.45999908447266,88.94000244140625,90.0,88.91913604736328,2949100
2020-09-24,92.41000366210938,99.5999984741211,92.30999755859375,97.30999755859375,96.14134216308594,7289300
2020-09-25,98.5999984741211,99.62000274658203,95.69999694824219,97.16999816894531,96.00302124023438,3601800
2020-09-28,98.66999816894531,101.29000091552734,97.2699966430664,100.58000183105469,99.37207794189453,3217900
2020-09-29,101.27999877929688,101.75,98.38999938964844,100.80000305175781,99.58943939208984,2288800
2020-09-30,100.18000030517578,103.05999755859375,100.18000030517578,100.73999786376953,99.5301513671875,2421000
2020-10-01,101.80000305175781,104.9800033569336,100.83999633789062,104.87999725341797,103.62042999267578,2053400
2020-10-02,101.5,105.6500015258789,101.2300033569336,104.20999908447266,102.95848083496094,2011900
2020-10-05,105.05999755859375,105.69999694824219,102.43000030517578,103.70999908447266,102.46449279785156,1594500
2020-10-06,103.80999755859375,104.61000061035156,100.83000183105469,101.25,100.03402709960938,2364600
2020-10-07,102.55000305175781,103.37000274658203,100.7699966430664,101.45999908447266,100.24150848388672,1523000
2020-10-08,101.9800033569336,103.72000122070312,100.41000366210938,103.37999725341797,102.44134521484375,1355000
2020-10-09,103.26000213623047,103.27999877929688,101.79000091552734,101.98999786376953,101.06396484375,1380000
2020-10-12,101.4000015258789,101.79000091552734,99.87000274658203,100.16999816894531,99.260498046875,1624200
2020-10-13,99.30000305175781,100.05000305175781,97.56999969482422,98.76000213623047,97.86329650878906,1675200
2020-10-14,98.95999908447266,100.37999725341797,98.66999816894531,99.2300033569336,98.32903289794922,1288000
2020-10-15,98.11000061035156,101.08999633789062,97.87000274658203,100.12999725341797,99.22085571289062,1183200
2020-10-16,100.0999984741211,100.5,98.30000305175781,98.94000244140625,98.04166412353516,1198300
2020-10-19,99.58999633789062,100.4800033569336,96.12999725341797,96.61000061035156,95.73281860351562,1238900
2020-10-20,97.31999969482422,99.33999633789062,96.41000366210938,98.33999633789062,97.44710540771484,1201200
2020-10-21,97.94000244140625,98.06999969482422,96.69999694824219,97.69000244140625,96.80300903320312,873300
2020-10-22,97.79000091552734,99.9000015258789,97.25,99.81999969482422,98.9136734008789,882700
2020-10-23,100.5199966430664,100.5199966430664,96.54000091552734,99.52999877929688,98.62630462646484,1454300
2020-10-26,98.72000122070312,98.72000122070312,94.0199966430664,95.4000015258789,94.53380584716797,1440000
2020-10-27,95.55000305175781,96.54000091552734,94.66999816894531,95.83999633789062,94.96980285644531,1691800
2020-10-28,93.66999816894531,93.81999969482422,89.88999938964844,90.19000244140625,89.37110900878906,2993100
2020-10-29,90.19000244140625,93.5,89.9000015258789,92.51000213623047,91.6700439453125,1577500
2020-10-30,91.70999908447266,93.05000305175781,89.33999633789062,91.91999816894531,91.08539581298828,1492400
2020-11-02,92.86000061035156,92.98999786376953,90.22000122070312,91.83999633789062,91.0061264038086,1185600
2020-11-03,93.0,93.7699966430664,92.08000183105469,93.0999984741211,92.25468444824219,1259100
2020-11-04,93.86000061035156,98.12999725341797,92.5999984741211,96.58999633789062,95.71299743652344,2422700
2020-11-05,96.69000244140625,101.5199966430664,96.69000244140625,101.5199966430664,100.59822845458984,2770700
2020-11-06,100.97000122070312,103.16000366210938,100.5,102.12000274658203,101.19278717041016,5172200
2020-11-09,115.91999816894531,125.95999908447266,112.80000305175781,120.55000305175781,119.45545196533203,6141700
2020-11-10,118.0,119.66999816894531,111.83999633789062,113.3499984741211,112.3208236694336,3203000
2020-11-11,113.93000030517578,113.93000030517578,105.5199966430664,107.08000183105469,106.10775756835938,2634800
2020-11-12,106.0199966430664,107.47000122070312,104.51000213623047,106.30999755859375,105.34474182128906,1828300
2020-11-13,106.55999755859375,107.88999938964844,105.55000305175781,107.58999633789062,106.61312103271484,1653200
2020-11-16,111.05999755859375,112.70999908447266,107.95999908447266,110.08000183105469,109.08051300048828,2070400
2020-11-17,110.33999633789062,110.5999984741211,107.12999725341797,108.52999877929688,107.54458618164062,1424100
2020-11-18,108.01000213623047,112.04000091552734,107.5999984741211,110.16000366210938,109.1597900390625,2031800
2020-11-19,108.80000305175781,110.29000091552734,107.6500015258789,109.80000305175781,108.80306243896484,1409800
2020-11-20,109.8499984741211,109.86000061035156,106.88999938964844,108.44999694824219,107.4653091430664,1598200
2020-11-23,111.44999694824219,111.95999908447266,108.77999877929688,109.58000183105469,108.5850601196289,1830800
2020-11-24,110.8499984741211,114.41999816894531,110.6500015258789,113.45999908447266,112.42981719970703,1522100
2020-11-25,110.37000274658203,111.01000213623047,108.54000091552734,110.58000183105469,109.57598114013672,1179500
2020-11-27,110.13999938964844,111.63999938964844,109.12000274658203,109.94999694824219,108.95169067382812,613700
2020-11-30,109.11000061035156,109.25,105.48999786376953,107.9800033569336,106.99958801269531,2667700
2020-12-01,109.19999694824219,111.16999816894531,107.68000030517578,110.51000213623047,109.5066146850586,1994100
2020-12-02,109.45999908447266,110.25,107.72000122070312,109.62999725341797,108.63459777832031,1766200
2020-12-03,109.5999984741211,113.80999755859375,108.62000274658203,112.79000091552734,111.76590728759766,3856400
2020-12-04,113.37999725341797,114.93000030517578,112.81999969482422,114.81999969482422,113.77747344970703,2790800
2020-12-07,113.4800033569336,113.58000183105469,110.47000122070312,112.12000274658203,111.10199737548828,1445600
2020-12-08,111.44999694824219,112.41999816894531,110.23999786376953,111.6500015258789,110.63626098632812,1598900
2020-12-09,112.5,115.16999816894531,111.63999938964844,114.38999938964844,113.35137939453125,1450600
2020-12-10,114.05000305175781,115.9000015258789,112.16000366210938,115.44000244140625,114.391845703125,1437200
2020-12-11,113.98999786376953,115.45999908447266,110.75,112.72000122070312,111.69654083251953,1313100
2020-12-14,114.3499984741211,115.68000030517578,111.1500015258789,112.51000213623047,111.48845672607422,1347000
2020-12-15,113.86000061035156,114.95999908447266,112.37000274658203,114.43000030517578,113.3910140991211,1440800
2020-12-16,113.56999969482422,118.19999694824219,113.41999816894531,116.48999786376953,115.43231201171875,1674800
2020-12-17,118.5199966430664,119.36000061035156,115.3499984741211,118.62000274658203,117.54297637939453,1807900
2020-12-18,117.9000015258789,120.97000122070312,115.25,116.16000366210938,115.10530853271484,3851200
2020-12-21,113.5,117.87999725341797,112.33999633789062,116.91999816894531,115.85841369628906,1911300
2020-12-22,116.79000091552734,119.94000244140625,115.43000030517578,119.63999938964844,118.5537109375,1377300
2020-12-23,118.86000061035156,121.29000091552734,118.5,119.58000183105469,118.4942626953125,1316100
2020-12-24,119.08999633789062,119.94000244140625,117.30999755859375,117.88999938964844,116.81959533691406,507400
2020-12-28,118.87000274658203,119.0,116.87000274658203,117.73999786376953,116.67096710205078,938400
2020-12-29,117.69000244140625,118.61000061035156,116.62000274658203,118.55999755859375,117.4835205078125,1010800
2020-12-30,118.33000183105469,119.80000305175781,117.01000213623047,117.55000305175781,116.48269653320312,729800
2020-12-31,117.22000122070312,120.0,116.4000015258789,119.12000274658203,118.03843688964844,759800
2021-01-04,119.87999725341797,120.27999877929688,114.38999938964844,116.23999786376953,115.18457794189453,1947200
2021-01-05,115.94999694824219,118.19999694824219,115.55999755859375,118.0999984741211,117.02769470214844,913900
2021-01-06,118.69999694824219,122.2699966430664,118.69999694824219,120.9000015258789,119.80227661132812,1555800
2021-01-07,121.20999908447266,124.56999969482422,120.62999725341797,123.94999694824219,123.20162200927734,1614500
2021-01-08,125.0,126.22000122070312,123.19000244140625,124.3499984741211,123.59921264648438,1314100
2021-01-11,122.55000305175781,126.0,121.75,125.26000213623047,124.50371551513672,905600
2021-01-12,125.79000091552734,128.44000244140625,125.5199966430664,127.33000183105469,126.56121826171875,1431200
2021-01-13,126.51000213623047,127.30000305175781,124.27999877929688,124.86000061035156,124.10613250732422,850300
2021-01-14,126.47000122070312,126.93000030517578,122.97000122070312,123.0999984741211,122.35675811767578,1125200
2021-01-15,122.0,123.11000061035156,119.0,121.08000183105469,120.34895324707031,1597300
2021-01-19,126.05000305175781,126.25,122.55999755859375,124.12000274658203,123.37060546875,1122600
2021-01-20,123.68000030517578,126.0,123.58000183105469,124.55999755859375,123.80793762207031,1075000
2021-01-21,124.7300033569336,125.38999938964844,123.13999938964844,124.95999908447266,124.20552825927734,918500
2021-01-22,124.0199966430664,124.94000244140625,121.8499984741211,121.9800033569336,121.24352264404297,1196300
2021-01-25,121.66000366210938,122.26000213623047,118.83000183105469,120.0,119.27547454833984,2706900
2021-01-26,121.0999984741211,121.0999984741211,117.94000244140625,118.58000183105469,117.86405181884766,1735200
2021-01-27,116.62999725341797,117.2300033569336,110.88999938964844,112.0999984741211,111.42317199707031,3004500
2021-01-28,113.91999816894531,121.29000091552734,113.83000183105469,118.77999877929688,118.06283569335938,3173400
2021-01-29,118.08000183105469,120.95999908447266,116.62000274658203,116.88999938964844,116.18424987792969,2575000
2021-02-01,118.23999786376953,120.0,117.30000305175781,119.36000061035156,118.63933563232422,1337600
2021-02-02,120.5199966430664,123.69000244140625,120.05000305175781,122.81999969482422,122.07844543457031,1206700
2021-02-03,122.31999969482422,126.95999908447266,122.31999969482422,125.54000091552734,124.78202819824219,1722900
2021-02-04,126.47000122070312,129.63999938964844,126.08999633789062,128.69000244140625,127.91300964355469,1596100
2021-02-05,130.0,133.3300018310547,129.8000030517578,131.97999572753906,131.18313598632812,2175000
2021-02-08,132.5399932861328,132.97000122070312,128.86000061035156,130.27000427246094,129.4834747314453,1036400
2021-02-09,129.72000122070312,131.25,128.9499969482422,129.36000061035156,128.57896423339844,828400
2021-02-10,129.27000427246094,131.02000427246094,128.17999267578125,128.97999572753906,128.2012481689453,853200
2021-02-11,129.1300048828125,129.86000061035156,127.45999908447266,128.9199981689453,128.14161682128906,849100
2021-02-12,129.22999572753906,129.47999572753906,127.36000061035156,128.4499969482422,127.67445373535156,576900
2021-02-16,129.88999938964844,129.88999938964844,126.86000061035156,128.92999267578125,128.15155029296875,646800
2021-02-17,128.11000061035156,128.9199981689453,126.81999969482422,128.27000427246094,127.49554443359375,888100
2021-02-18,126.5199966430664,130.91000366210938,126.4000015258789,129.97999572753906,129.19522094726562,2140400
2021-02-19,130.99000549316406,134.38999938964844,129.3000030517578,134.00999450683594,133.2008819580078,1676300
2021-02-22,132.6999969482422,137.91000366210938,132.1300048828125,135.0,134.18490600585938,1634200
2021-02-23,134.85000610351562,135.6999969482422,131.05999755859375,134.30999755859375,133.4990692138672,1150700
2021-02-24,134.4199981689453,139.22999572753906,134.02999877929688,138.77999877929688,137.94207763671875,1209700
2021-02-25,139.08999633789062,139.32000732421875,134.19000244140625,136.0,135.17886352539062,1078900
2021-02-26,135.8300018310547,138.77999877929688,133.47000122070312,137.3300018310547,136.50083923339844,1267300
2021-03-01,139.1199951171875,140.5,137.50999450683594,139.02000427246094,138.18064880371094,1332700
2021-03-02,139.25999450683594,140.08999633789062,137.00999450683594,138.9600067138672,138.12100219726562,801000
2021-03-03,139.11000061035156,141.75999450683594,137.85000610351562,138.02999877929688,137.1966094970703,1207200
2021-03-04,137.7100067138672,139.80999755859375,133.89999389648438,136.63999938964844,135.81500244140625,1192200
2021-03-05,137.94000244140625,140.97999572753906,134.0399932861328,140.66000366210938,139.8107452392578,1253900
2021-03-08,141.9199981689453,144.83999633789062,141.14999389648438,143.02999877929688,142.1664276123047,1399300
2021-03-09,143.99000549316406,144.25,138.97000122070312,139.32000732421875,138.4788360595703,1399700
2021-03-10,139.3699951171875,144.13999938964844,138.13999938964844,142.08999633789062,141.2321014404297,1734000
2021-03-11,143.07000732421875,144.22000122070312,140.47999572753906,141.0399932861328,140.1884307861328,1316600
2021-03-12,141.99000549316406,145.8300018310547,141.33999633789062,145.41000366210938,144.5320587158203,1133200
2021-03-15,146.57000732421875,147.92999267578125,143.89999389648438,146.24000549316406,145.3570556640625,1124400
2021-03-16,144.25,144.4499969482422,139.9199981689453,140.5399932861328,139.6914520263672,1666700
2021-03-17,140.5,141.82000732421875,139.72000122070312,141.25,140.3971710205078,1549900
2021-03-18,141.0800018310547,143.1699981689453,139.4199981689453,139.97000122070312,139.12490844726562,1989800
2021-03-19,140.1999969482422,140.8699951171875,138.16000366210938,139.7899932861328,138.94598388671875,3063200
2021-03-22,141.10000610351562,141.35000610351562,136.41000366210938,136.74000549316406,135.91441345214844,2916200
2021-03-23,135.4499969482422,138.17999267578125,135.0,136.75,135.92434692382812,2797300
2021-03-24,137.6999969482422,139.19000244140625,133.77000427246094,133.92999267578125,133.12136840820312,3305700
2021-03-25,140.0,146.19000244140625,134.19000244140625,144.89999389648438,144.02513122558594,6563000
2021-03-26,146.05999755859375,149.1199951171875,143.75999450683594,148.97999572753906,148.0804901123047,2654200
2021-03-29,148.08999633789062,149.72999572753906,142.08999633789062,143.72000122070312,142.85226440429688,2589100
2021-03-30,142.3699951171875,146.30999755859375,142.3699951171875,145.07000732421875,144.19412231445312,1765000
2021-03-31,146.0,146.3300018310547,141.85000610351562,142.0,141.14263916015625,1556300
2021-04-01,142.52000427246094,144.83999633789062,141.25999450683594,144.27999877929688,143.40887451171875,1695500
2021-04-05,146.0,147.1199951171875,143.66000366210938,144.11000061035156,143.23989868164062,1338800
2021-04-06,143.75,147.10000610351562,143.75,144.4600067138672,143.58779907226562,1469400
2021-04-07,143.5500030517578,146.49000549316406,143.5500030517578,145.75,144.87001037597656,2209900
2021-04-08,145.39999389648438,145.94000244140625,143.4600067138672,145.74000549316406,145.74000549316406,1351600
2021-04-09,146.1999969482422,146.4600067138672,142.13999938964844,143.10000610351562,143.10000610351562,1340300
2021-04-12,143.36000061035156,145.0500030517578,142.44000244140625,143.69000244140625,143.69000244140625,693400
2021-04-13,143.0,143.97999572753906,141.1999969482422,143.0500030517578,143.0500030517578,1293500
