date,open,high,low,close,adjclose,volume
2007-08-06,7.699999809265137,7.710000038146973,7.300000190734863,7.53000020980835,7.53000020980835,442500
2007-08-07,7.519999980926514,8.229999542236328,7.460000038146973,8.029999732971191,8.029999732971191,612500
2007-08-08,8.229999542236328,9.520000457763672,7.860000133514404,9.199999809265137,9.199999809265137,1314500
2007-08-09,9.140000343322754,10.050000190734863,9.140000343322754,9.5600004196167,9.5600004196167,1889800
2007-08-10,9.25,9.319999694824219,8.40999984741211,8.720000267028809,8.720000267028809,709800
2007-08-13,8.729999542236328,8.729999542236328,7.75,8.420000076293945,8.420000076293945,637200
2007-08-14,8.5,8.539999961853027,7.949999809265137,8.050000190734863,8.050000190734863,381000
2007-08-15,8.029999732971191,8.15999984741211,7.980000019073486,8.010000228881836,8.010000228881836,180400
2007-08-16,8.0600004196167,8.729999542236328,7.920000076293945,8.5600004196167,8.5600004196167,292000
2007-08-17,8.470000267028809,9.039999961853027,8.470000267028809,8.989999771118164,8.989999771118164,320500
2007-08-20,9.020000457763672,9.149999618530273,8.920000076293945,9.130000114440918,9.130000114440918,144900
2007-08-21,9.079999923706055,9.210000038146973,9.0,9.130000114440918,9.130000114440918,181000
2007-08-22,9.1899995803833,9.270000457763672,8.869999885559082,9.1899995803833,9.1899995803833,333500
2007-08-23,9.1899995803833,9.229999542236328,8.859999656677246,8.899999618530273,8.899999618530273,218100
2007-08-24,8.90999984741211,8.90999984741211,8.699999809265137,8.8100004196167,8.8100004196167,157500
2007-08-27,8.739999771118164,8.8100004196167,8.430000305175781,8.75,8.75,175400
2007-08-28,8.75,9.100000381469727,8.75,8.920000076293945,8.920000076293945,96000
2007-08-29,8.949999809265137,9.0,8.75,8.970000267028809,8.970000267028809,102100
2007-08-30,8.920000076293945,9.069999694824219,8.90999984741211,8.930000305175781,8.930000305175781,332700
2007-08-31,9.010000228881836,9.3100004196167,8.75,9.199999809265137,9.199999809265137,108500
2007-09-04,9.130000114440918,9.239999771118164,9.09000015258789,9.1899995803833,9.1899995803833,95800
2007-09-05,9.149999618530273,9.479999542236328,8.9399995803833,9.210000038146973,9.210000038146973,212800
2007-09-06,9.289999961853027,9.399999618530273,9.119999885559082,9.3100004196167,9.3100004196167,131400
2007-09-07,9.180000305175781,9.4399995803833,9.180000305175781,9.399999618530273,9.399999618530273,131500
2007-09-10,9.390000343322754,9.640000343322754,9.329999923706055,9.619999885559082,9.619999885559082,129600
2007-09-11,9.619999885559082,9.760000228881836,9.5,9.550000190734863,9.550000190734863,144000
2007-09-12,9.550000190734863,9.800000190734863,9.239999771118164,9.449999809265137,9.449999809265137,164600
2007-09-13,9.470000267028809,9.729999542236328,9.3100004196167,9.399999618530273,9.399999618530273,139900
2007-09-14,9.4399995803833,9.739999771118164,9.210000038146973,9.260000228881836,9.260000228881836,134200
2007-09-17,9.220000267028809,9.520000457763672,9.220000267028809,9.420000076293945,9.420000076293945,107500
2007-09-18,9.539999961853027,9.609999656677246,9.350000381469727,9.430000305175781,9.430000305175781,140200
2007-09-19,9.539999961853027,9.720000267028809,9.5,9.710000038146973,9.710000038146973,157700
2007-09-20,9.649999618530273,9.829999923706055,9.270000457763672,9.359999656677246,9.359999656677246,207400
2007-09-21,9.369999885559082,9.670000076293945,9.300000190734863,9.640000343322754,9.640000343322754,280300
2007-09-24,9.739999771118164,9.770000457763672,9.470000267028809,9.5,9.5,178200
2007-09-25,9.479999542236328,9.710000038146973,9.479999542236328,9.609999656677246,9.609999656677246,135200
2007-09-26,9.649999618530273,9.6899995803833,9.460000038146973,9.569999694824219,9.569999694824219,111700
2007-09-27,9.680000305175781,9.930000305175781,9.579999923706055,9.699999809265137,9.699999809265137,160000
2007-09-28,9.75,10.0,9.649999618530273,10.0,10.0,119700
2007-10-01,10.0,10.90999984741211,9.920000076293945,10.4399995803833,10.4399995803833,227700
2007-10-02,10.510000228881836,10.8100004196167,10.279999732971191,10.359999656677246,10.359999656677246,561700
2007-10-03,10.34000015258789,10.640000343322754,10.25,10.579999923706055,10.579999923706055,258700
2007-10-04,10.670000076293945,10.739999771118164,10.300000190734863,10.34000015258789,10.34000015258789,149400
2007-10-05,10.460000038146973,10.699999809265137,10.329999923706055,10.649999618530273,10.649999618530273,216500
2007-10-08,10.609999656677246,10.649999618530273,10.350000381469727,10.609999656677246,10.609999656677246,108800
2007-10-09,10.619999885559082,10.739999771118164,10.489999771118164,10.65999984741211,10.65999984741211,200000
2007-10-10,10.640000343322754,10.640000343322754,10.199999809265137,10.40999984741211,10.40999984741211,113700
2007-10-11,10.430000305175781,10.630000114440918,10.039999961853027,10.25,10.25,133300
2007-10-12,10.229999542236328,10.369999885559082,10.0,10.069999694824219,10.069999694824219,128000
2007-10-15,9.699999809265137,9.800000190734863,9.270000457763672,9.289999961853027,9.289999961853027,290000
2007-10-16,9.239999771118164,9.239999771118164,8.8100004196167,8.84000015258789,8.84000015258789,216500
2007-10-17,8.899999618530273,9.09000015258789,8.65999984741211,8.979999542236328,8.979999542236328,184900
2007-10-18,8.869999885559082,9.140000343322754,8.329999923706055,9.069999694824219,9.069999694824219,280800
2007-10-19,9.079999923706055,9.100000381469727,8.59000015258789,8.59000015258789,8.59000015258789,284400
2007-10-22,8.609999656677246,9.079999923706055,8.510000228881836,8.84000015258789,8.84000015258789,111100
2007-10-23,8.930000305175781,9.300000190734863,8.829999923706055,9.260000228881836,9.260000228881836,213400
2007-10-24,9.149999618530273,9.239999771118164,8.9399995803833,9.15999984741211,9.15999984741211,62600
2007-10-25,9.15999984741211,9.3100004196167,9.029999732971191,9.199999809265137,9.199999809265137,84000
2007-10-26,9.289999961853027,9.289999961853027,8.399999618530273,8.4399995803833,8.4399995803833,365800
2007-10-29,8.550000190734863,8.949999809265137,8.399999618530273,8.600000381469727,8.600000381469727,181700
2007-10-30,8.489999771118164,8.789999961853027,8.119999885559082,8.119999885559082,8.119999885559082,290100
2007-10-31,8.170000076293945,9.550000190734863,8.170000076293945,9.300000190734863,9.300000190734863,533400
2007-11-01,9.140000343322754,9.180000305175781,8.920000076293945,9.0600004196167,9.0600004196167,199200
2007-11-02,9.130000114440918,9.130000114440918,8.6899995803833,8.9399995803833,8.9399995803833,120500
2007-11-05,8.789999961853027,8.84000015258789,8.510000228881836,8.729999542236328,8.729999542236328,107900
2007-11-06,8.800000190734863,8.84000015258789,8.420000076293945,8.789999961853027,8.789999961853027,111200
2007-11-07,8.699999809265137,8.75,8.479999542236328,8.479999542236328,8.479999542236328,98600
2007-11-08,8.550000190734863,8.550000190734863,8.319999694824219,8.399999618530273,8.399999618530273,79100
2007-11-09,8.350000381469727,8.619999885559082,8.260000228881836,8.609999656677246,8.609999656677246,144400
2007-11-12,8.59000015258789,8.649999618530273,8.399999618530273,8.449999809265137,8.449999809265137,124000
2007-11-13,8.510000228881836,8.640000343322754,8.489999771118164,8.600000381469727,8.600000381469727,123600
2007-11-14,8.649999618530273,9.140000343322754,8.649999618530273,9.140000343322754,9.140000343322754,145800
2007-11-15,9.079999923706055,9.109999656677246,8.880000114440918,8.890000343322754,8.890000343322754,81700
2007-11-16,9.0,9.979999542236328,8.899999618530273,9.039999961853027,9.039999961853027,231000
2007-11-19,8.989999771118164,8.989999771118164,8.640000343322754,8.760000228881836,8.760000228881836,91600
2007-11-20,8.739999771118164,8.800000190734863,8.380000114440918,8.600000381469727,8.600000381469727,121300
2007-11-21,8.510000228881836,8.520000457763672,8.3100004196167,8.329999923706055,8.329999923706055,43300
2007-11-23,8.380000114440918,8.420000076293945,8.3100004196167,8.399999618530273,8.399999618530273,25000
2007-11-26,8.390000343322754,8.619999885559082,8.1899995803833,8.5600004196167,8.5600004196167,98900
2007-11-27,8.5600004196167,8.5600004196167,8.239999771118164,8.289999961853027,8.289999961853027,136400
2007-11-28,8.34000015258789,8.609999656677246,8.149999618530273,8.5600004196167,8.5600004196167,160900
2007-11-29,8.529999732971191,8.640000343322754,8.3100004196167,8.489999771118164,8.489999771118164,39600
2007-11-30,8.569999694824219,8.979999542236328,8.5600004196167,8.649999618530273,8.649999618530273,123300
2007-12-03,8.630000114440918,9.0,8.569999694824219,8.699999809265137,8.699999809265137,129000
2007-12-04,8.600000381469727,9.0,8.470000267028809,8.75,8.75,79400
2007-12-05,8.84000015258789,8.84000015258789,8.350000381469727,8.430000305175781,8.430000305175781,84800
2007-12-06,8.4399995803833,9.130000114440918,8.40999984741211,9.130000114440918,9.130000114440918,74700
2007-12-07,9.130000114440918,9.520000457763672,9.0,9.34000015258789,9.34000015258789,82900
2007-12-10,9.329999923706055,9.649999618530273,9.260000228881836,9.300000190734863,9.300000190734863,79800
2007-12-11,9.479999542236328,9.479999542236328,8.829999923706055,8.899999618530273,8.899999618530273,67300
2007-12-12,9.0,9.0,8.4399995803833,8.520000457763672,8.520000457763672,109800
2007-12-13,8.470000267028809,8.520000457763672,8.0600004196167,8.350000381469727,8.350000381469727,146100
2007-12-14,8.350000381469727,8.350000381469727,7.96999979019165,7.980000019073486,7.980000019073486,124200
2007-12-17,7.96999979019165,8.220000267028809,7.71999979019165,7.820000171661377,7.820000171661377,158400
2007-12-18,7.880000114440918,7.989999771118164,7.550000190734863,7.670000076293945,7.670000076293945,87300
2007-12-19,7.619999885559082,7.840000152587891,7.599999904632568,7.610000133514404,7.610000133514404,71200
2007-12-20,7.659999847412109,8.529999732971191,7.659999847412109,8.149999618530273,8.149999618530273,135600
2007-12-21,8.289999961853027,8.920000076293945,8.289999961853027,8.920000076293945,8.920000076293945,186100
2007-12-24,8.930000305175781,9.579999923706055,8.819999694824219,9.380000114440918,9.380000114440918,93600
2007-12-26,9.380000114440918,9.600000381469727,9.149999618530273,9.25,9.25,143500
2007-12-27,9.229999542236328,9.470000267028809,9.029999732971191,9.100000381469727,9.100000381469727,145600
2007-12-28,9.140000343322754,9.239999771118164,8.539999961853027,8.670000076293945,8.670000076293945,85500
2007-12-31,8.630000114440918,9.100000381469727,8.630000114440918,8.829999923706055,8.829999923706055,141000
2008-01-02,9.050000190734863,9.270000457763672,8.819999694824219,8.949999809265137,8.949999809265137,139700
2008-01-03,8.920000076293945,9.029999732971191,8.8100004196167,8.84000015258789,8.84000015258789,87000
2008-01-04,8.789999961853027,8.8100004196167,8.489999771118164,8.699999809265137,8.699999809265137,134000
2008-01-07,8.779999732971191,9.069999694824219,8.40999984741211,8.5,8.5,117300
2008-01-08,8.470000267028809,8.470000267028809,8.140000343322754,8.279999732971191,8.279999732971191,129700
2008-01-09,8.239999771118164,8.5600004196167,7.869999885559082,8.260000228881836,8.260000228881836,621000
2008-01-10,8.270000457763672,8.8100004196167,8.020000457763672,8.600000381469727,8.600000381469727,323200
2008-01-11,8.510000228881836,8.829999923706055,8.5,8.550000190734863,8.550000190734863,184600
2008-01-14,8.65999984741211,9.0,8.579999923706055,8.850000381469727,8.850000381469727,386500
2008-01-15,8.75,9.369999885559082,8.75,9.359999656677246,9.359999656677246,370200
2008-01-16,9.369999885559082,10.020000457763672,9.119999885559082,9.609999656677246,9.609999656677246,359500
2008-01-17,9.609999656677246,9.84000015258789,9.0600004196167,9.470000267028809,9.470000267028809,215000
2008-01-18,9.4399995803833,9.449999809265137,8.869999885559082,8.899999618530273,8.899999618530273,131400
2008-01-22,9.020000457763672,9.109999656677246,8.829999923706055,9.050000190734863,9.050000190734863,161400
2008-01-23,8.989999771118164,9.329999923706055,8.600000381469727,9.020000457763672,9.020000457763672,220700
2008-01-24,9.020000457763672,9.180000305175781,8.0600004196167,8.260000228881836,8.260000228881836,339700
2008-01-25,8.079999923706055,9.0600004196167,8.0,9.010000228881836,9.010000228881836,318600
2008-01-28,8.960000038146973,9.210000038146973,8.829999923706055,9.079999923706055,9.079999923706055,145700
2008-01-29,9.09000015258789,9.109999656677246,8.859999656677246,8.9399995803833,8.9399995803833,99900
2008-01-30,8.880000114440918,9.09000015258789,8.5600004196167,8.5600004196167,8.5600004196167,86000
2008-01-31,8.539999961853027,8.819999694824219,8.40999984741211,8.40999984741211,8.40999984741211,177600
2008-02-01,8.289999961853027,8.789999961853027,8.289999961853027,8.640000343322754,8.640000343322754,100700
2008-02-04,8.699999809265137,8.880000114440918,8.390000343322754,8.4399995803833,8.4399995803833,112300
2008-02-05,8.40999984741211,8.5,8.220000267028809,8.289999961853027,8.289999961853027,70600
2008-02-06,8.300000190734863,8.359999656677246,8.0,8.069999694824219,8.069999694824219,143200
2008-02-07,8.020000457763672,8.15999984741211,7.670000076293945,8.0600004196167,8.0600004196167,187500
2008-02-08,8.069999694824219,8.1899995803833,7.650000095367432,7.989999771118164,7.989999771118164,169800
2008-02-11,7.920000076293945,8.300000190734863,7.900000095367432,8.300000190734863,8.300000190734863,140700
2008-02-12,8.390000343322754,8.510000228881836,8.260000228881836,8.40999984741211,8.40999984741211,152500
2008-02-13,8.260000228881836,9.0,8.260000228881836,8.949999809265137,8.949999809265137,133900
2008-02-14,8.920000076293945,9.020000457763672,8.069999694824219,8.279999732971191,8.279999732971191,209000
2008-02-15,8.199999809265137,8.319999694824219,7.96999979019165,8.0,8.0,186800
2008-02-19,8.100000381469727,8.779999732971191,8.100000381469727,8.489999771118164,8.489999771118164,92600
2008-02-20,8.34000015258789,8.40999984741211,7.900000095367432,7.900000095367432,7.900000095367432,128300
2008-02-21,7.960000038146973,8.0,7.78000020980835,8.0,8.0,122300
2008-02-22,7.920000076293945,7.980000019073486,7.659999847412109,7.769999980926514,7.769999980926514,108400
2008-02-25,7.650000095367432,8.100000381469727,7.650000095367432,7.829999923706055,7.829999923706055,73200
2008-02-26,8.039999961853027,8.130000114440918,7.710000038146973,7.75,7.75,158100
2008-02-27,7.769999980926514,7.909999847412109,7.670000076293945,7.78000020980835,7.78000020980835,156800
2008-02-28,7.75,7.75,7.480000019073486,7.539999961853027,7.539999961853027,80000
2008-02-29,7.519999980926514,7.679999828338623,7.260000228881836,7.369999885559082,7.369999885559082,133900
2008-03-03,7.309999942779541,7.449999809265137,6.900000095367432,6.96999979019165,6.96999979019165,102500
2008-03-04,6.929999828338623,7.71999979019165,6.760000228881836,7.489999771118164,7.489999771118164,236800
2008-03-05,7.510000228881836,7.590000152587891,7.25,7.349999904632568,7.349999904632568,100400
2008-03-06,7.239999771118164,7.340000152587891,6.860000133514404,6.920000076293945,6.920000076293945,203700
2008-03-07,6.829999923706055,7.070000171661377,6.829999923706055,6.989999771118164,6.989999771118164,126800
2008-03-10,6.929999828338623,6.949999809265137,5.989999771118164,6.050000190734863,6.050000190734863,437400
2008-03-11,6.21999979019165,6.21999979019165,5.519999980926514,5.679999828338623,5.679999828338623,373400
2008-03-12,5.440000057220459,5.489999771118164,4.119999885559082,4.659999847412109,4.659999847412109,1460200
2008-03-13,4.5,4.860000133514404,4.269999980926514,4.480000019073486,4.480000019073486,381000
2008-03-14,4.789999961853027,5.050000190734863,4.659999847412109,4.679999828338623,4.679999828338623,558000
2008-03-17,4.78000020980835,4.909999847412109,4.159999847412109,4.230000019073486,4.230000019073486,511000
2008-03-18,4.389999866485596,4.510000228881836,3.7100000381469727,3.8499999046325684,3.8499999046325684,596200
2008-03-19,3.7200000286102295,4.170000076293945,3.690000057220459,3.700000047683716,3.700000047683716,532600
2008-03-20,3.7200000286102295,4.329999923706055,3.700000047683716,3.9800000190734863,3.9800000190734863,873000
2008-03-24,4.0,4.46999979019165,3.9100000858306885,4.320000171661377,4.320000171661377,466400
2008-03-25,4.289999961853027,4.360000133514404,4.110000133514404,4.199999809265137,4.199999809265137,883400
2008-03-26,4.199999809265137,4.650000095367432,4.099999904632568,4.289999961853027,4.289999961853027,325500
2008-03-27,4.320000171661377,4.690000057220459,4.199999809265137,4.619999885559082,4.619999885559082,206800
2008-03-28,4.590000152587891,4.739999771118164,4.039999961853027,4.070000171661377,4.070000171661377,271800
2008-03-31,4.199999809265137,4.389999866485596,4.059999942779541,4.139999866485596,4.139999866485596,284800
2008-04-01,4.099999904632568,4.28000020980835,3.9700000286102295,3.990000009536743,3.990000009536743,419700
2008-04-02,4.019999980926514,4.050000190734863,3.940000057220459,4.0,4.0,210200
2008-04-03,4.03000020980835,4.199999809265137,3.9600000381469727,4.170000076293945,4.170000076293945,112300
2008-04-04,4.139999866485596,4.480000019073486,4.090000152587891,4.440000057220459,4.440000057220459,281900
2008-04-07,4.539999961853027,5.46999979019165,4.5,5.139999866485596,5.139999866485596,419400
2008-04-08,5.170000076293945,5.539999961853027,5.0,5.480000019073486,5.480000019073486,409500
2008-04-09,5.440000057220459,5.920000076293945,5.400000095367432,5.690000057220459,5.690000057220459,345500
2008-04-10,5.639999866485596,5.949999809265137,5.5,5.869999885559082,5.869999885559082,256300
2008-04-11,5.78000020980835,5.940000057220459,5.599999904632568,5.809999942779541,5.809999942779541,193300
2008-04-14,5.809999942779541,5.809999942779541,5.420000076293945,5.639999866485596,5.639999866485596,229200
2008-04-15,5.610000133514404,5.650000095367432,5.25,5.329999923706055,5.329999923706055,246800
2008-04-16,5.320000171661377,5.929999828338623,5.21999979019165,5.849999904632568,5.849999904632568,204500
2008-04-17,5.800000190734863,6.179999828338623,5.599999904632568,5.809999942779541,5.809999942779541,185500
2008-04-18,6.289999961853027,7.300000190734863,6.269999980926514,7.050000190734863,7.050000190734863,1156600
2008-04-21,6.829999923706055,7.46999979019165,6.639999866485596,7.320000171661377,7.320000171661377,567000
2008-04-22,7.320000171661377,7.360000133514404,7.03000020980835,7.190000057220459,7.190000057220459,454000
2008-04-23,7.260000228881836,7.440000057220459,7.170000076293945,7.349999904632568,7.349999904632568,310600
2008-04-24,7.289999961853027,7.440000057220459,7.170000076293945,7.409999847412109,7.409999847412109,631300
2008-04-25,7.380000114440918,7.849999904632568,7.349999904632568,7.820000171661377,7.820000171661377,301700
2008-04-28,7.820000171661377,8.199999809265137,7.650000095367432,8.010000228881836,8.010000228881836,221600
2008-04-29,7.940000057220459,8.069999694824219,7.610000133514404,7.809999942779541,7.809999942779541,232300
2008-04-30,7.800000190734863,8.069999694824219,7.630000114440918,7.699999809265137,7.699999809265137,359700
2008-05-01,7.730000019073486,7.889999866485596,7.599999904632568,7.880000114440918,7.880000114440918,166500
2008-05-02,7.900000095367432,7.900000095367432,7.170000076293945,7.239999771118164,7.239999771118164,157400
2008-05-05,7.28000020980835,7.480000019073486,7.179999828338623,7.400000095367432,7.400000095367432,194300
2008-05-06,7.480000019073486,7.559999942779541,7.269999980926514,7.46999979019165,7.46999979019165,339400
2008-05-07,7.489999771118164,7.5,6.730000019073486,6.800000190734863,6.800000190734863,342300
2008-05-08,6.820000171661377,6.869999885559082,6.610000133514404,6.849999904632568,6.849999904632568,138000
2008-05-09,6.670000076293945,6.710000038146973,6.320000171661377,6.400000095367432,6.400000095367432,291100
2008-05-12,6.429999828338623,7.329999923706055,6.429999828338623,7.199999809265137,7.199999809265137,257000
2008-05-13,7.25,7.260000228881836,6.949999809265137,7.260000228881836,7.260000228881836,195400
2008-05-14,7.309999942779541,7.579999923706055,7.119999885559082,7.139999866485596,7.139999866485596,179900
2008-05-15,7.179999828338623,7.989999771118164,7.179999828338623,7.570000171661377,7.570000171661377,215400
2008-05-16,7.570000171661377,7.809999942779541,7.380000114440918,7.480000019073486,7.480000019073486,246500
2008-05-19,7.480000019073486,7.940000057220459,7.480000019073486,7.630000114440918,7.630000114440918,144800
2008-05-20,7.639999866485596,7.960000038146973,7.510000228881836,7.78000020980835,7.78000020980835,121000
2008-05-21,7.820000171661377,7.840000152587891,7.53000020980835,7.550000190734863,7.550000190734863,124700
2008-05-22,7.679999828338623,8.0,7.539999961853027,7.820000171661377,7.820000171661377,125100
2008-05-23,7.889999866485596,7.889999866485596,7.400000095367432,7.570000171661377,7.570000171661377,135600
2008-05-27,7.5,7.900000095367432,7.5,7.849999904632568,7.849999904632568,68500
2008-05-28,7.860000133514404,8.0,7.699999809265137,7.980000019073486,7.980000019073486,136900
2008-05-29,7.940000057220459,8.050000190734863,7.869999885559082,7.960000038146973,7.960000038146973,79200
2008-05-30,7.920000076293945,8.270000457763672,7.860000133514404,7.889999866485596,7.889999866485596,222600
2008-06-02,7.920000076293945,7.989999771118164,7.710000038146973,7.78000020980835,7.78000020980835,72900
2008-06-03,7.769999980926514,7.920000076293945,7.360000133514404,7.539999961853027,7.539999961853027,131200
2008-06-04,7.429999828338623,7.519999980926514,7.099999904632568,7.260000228881836,7.260000228881836,186900
2008-06-05,7.309999942779541,7.429999828338623,7.090000152587891,7.329999923706055,7.329999923706055,103300
2008-06-06,7.289999961853027,7.670000076293945,7.210000038146973,7.489999771118164,7.489999771118164,82300
2008-06-09,7.489999771118164,7.630000114440918,7.260000228881836,7.300000190734863,7.300000190734863,79900
2008-06-10,7.199999809265137,7.340000152587891,7.099999904632568,7.110000133514404,7.110000133514404,105700
2008-06-11,7.059999942779541,7.139999866485596,6.900000095367432,7.019999980926514,7.019999980926514,146800
2008-06-12,7.110000133514404,7.329999923706055,7.099999904632568,7.230000019073486,7.230000019073486,123500
2008-06-13,7.349999904632568,8.0,7.28000020980835,8.0,8.0,124700
2008-06-16,8.0,8.0,7.5,7.820000171661377,7.820000171661377,189500
2008-06-17,7.829999923706055,7.829999923706055,7.510000228881836,7.650000095367432,7.650000095367432,89400
2008-06-18,7.639999866485596,7.679999828338623,7.460000038146973,7.590000152587891,7.590000152587891,119100
2008-06-19,7.619999885559082,7.619999885559082,7.389999866485596,7.46999979019165,7.46999979019165,59700
2008-06-20,7.409999847412109,7.510000228881836,7.28000020980835,7.329999923706055,7.329999923706055,87800
2008-06-23,7.400000095367432,7.519999980926514,7.269999980926514,7.429999828338623,7.429999828338623,61300
2008-06-24,7.400000095367432,7.400000095367432,7.050000190734863,7.170000076293945,7.170000076293945,153700
2008-06-25,7.230000019073486,7.230000019073486,6.789999961853027,6.880000114440918,6.880000114440918,98100
2008-06-26,6.789999961853027,6.789999961853027,6.309999942779541,6.690000057220459,6.690000057220459,202900
2008-06-27,6.639999866485596,6.809999942779541,6.230000019073486,6.369999885559082,6.369999885559082,3158800
2008-06-30,6.349999904632568,6.460000038146973,6.039999961853027,6.039999961853027,6.039999961853027,285200
2008-07-01,6.019999980926514,6.039999961853027,5.579999923706055,5.880000114440918,5.880000114440918,282300
2008-07-02,5.849999904632568,5.940000057220459,5.570000171661377,5.710000038146973,5.710000038146973,211000
2008-07-03,5.71999979019165,5.739999771118164,5.340000152587891,5.670000076293945,5.670000076293945,78000
2008-07-07,5.679999828338623,5.739999771118164,5.360000133514404,5.679999828338623,5.679999828338623,237500
2008-07-08,5.71999979019165,6.440000057220459,5.71999979019165,6.420000076293945,6.420000076293945,225100
2008-07-09,6.400000095367432,6.400000095367432,5.849999904632568,5.849999904632568,5.849999904632568,109200
2008-07-10,5.829999923706055,6.25,5.760000228881836,5.989999771118164,5.989999771118164,94200
2008-07-11,5.920000076293945,6.599999904632568,5.800000190734863,6.599999904632568,6.599999904632568,109800
2008-07-14,6.599999904632568,6.75,5.929999828338623,6.139999866485596,6.139999866485596,194000
2008-07-15,6.059999942779541,6.769999980926514,5.809999942779541,6.730000019073486,6.730000019073486,209400
2008-07-16,6.769999980926514,7.0,6.5,6.949999809265137,6.949999809265137,241400
2008-07-17,7.0,7.400000095367432,6.96999979019165,7.210000038146973,7.210000038146973,163300
2008-07-18,7.25,7.389999866485596,6.71999979019165,6.730000019073486,6.730000019073486,97700
2008-07-21,6.75,7.039999961853027,6.550000190734863,6.949999809265137,6.949999809265137,62200
2008-07-22,6.920000076293945,7.690000057220459,6.829999923706055,7.670000076293945,7.670000076293945,107400
2008-07-23,7.670000076293945,7.889999866485596,7.039999961853027,7.170000076293945,7.170000076293945,185200
2008-07-24,7.28000020980835,7.519999980926514,7.159999847412109,7.190000057220459,7.190000057220459,67000
2008-07-25,7.340000152587891,7.78000020980835,6.980000019073486,7.03000020980835,7.03000020980835,170300
2008-07-28,6.980000019073486,7.079999923706055,6.78000020980835,6.860000133514404,6.860000133514404,83500
2008-07-29,6.869999885559082,7.25,6.78000020980835,7.210000038146973,7.210000038146973,118400
2008-07-30,7.269999980926514,7.480000019073486,6.960000038146973,6.980000019073486,6.980000019073486,115300
2008-07-31,6.900000095367432,7.019999980926514,6.599999904632568,6.71999979019165,6.71999979019165,173500
2008-08-01,6.71999979019165,6.940000057220459,6.519999980926514,6.860000133514404,6.860000133514404,138500
2008-08-04,6.820000171661377,6.820000171661377,6.550000190734863,6.679999828338623,6.679999828338623,176700
2008-08-05,6.840000152587891,7.5,6.610000133514404,7.199999809265137,7.199999809265137,283000
2008-08-06,7.0,7.119999885559082,6.070000171661377,6.300000190734863,6.300000190734863,518100
2008-08-07,6.239999771118164,6.78000020980835,6.03000020980835,6.78000020980835,6.78000020980835,193100
2008-08-08,6.769999980926514,7.309999942779541,6.309999942779541,7.260000228881836,7.260000228881836,199000
2008-08-11,7.239999771118164,7.239999771118164,6.659999847412109,6.739999771118164,6.739999771118164,194600
2008-08-12,6.690000057220459,6.71999979019165,6.340000152587891,6.449999809265137,6.449999809265137,214800
2008-08-13,6.5,6.739999771118164,6.300000190734863,6.519999980926514,6.519999980926514,261100
2008-08-14,6.539999961853027,6.949999809265137,6.539999961853027,6.949999809265137,6.949999809265137,214200
2008-08-15,7.059999942779541,7.150000095367432,6.739999771118164,6.960000038146973,6.960000038146973,203300
2008-08-18,6.960000038146973,7.039999961853027,6.53000020980835,6.590000152587891,6.590000152587891,204100
2008-08-19,6.510000228881836,6.639999866485596,6.139999866485596,6.25,6.25,281900
2008-08-20,6.199999809265137,6.199999809265137,5.659999847412109,5.849999904632568,5.849999904632568,389200
2008-08-21,5.739999771118164,6.039999961853027,5.690000057220459,6.010000228881836,6.010000228881836,342900
2008-08-22,6.039999961853027,6.460000038146973,6.03000020980835,6.369999885559082,6.369999885559082,457700
2008-08-25,6.349999904632568,6.400000095367432,6.130000114440918,6.190000057220459,6.190000057220459,283500
2008-08-26,6.190000057220459,6.440000057220459,6.099999904632568,6.429999828338623,6.429999828338623,167400
2008-08-27,6.420000076293945,6.920000076293945,6.420000076293945,6.880000114440918,6.880000114440918,250200
2008-08-28,6.880000114440918,7.150000095367432,6.559999942779541,7.110000133514404,7.110000133514404,244700
2008-08-29,7.110000133514404,7.28000020980835,6.829999923706055,6.880000114440918,6.880000114440918,109500
2008-09-02,7.019999980926514,7.019999980926514,6.420000076293945,6.429999828338623,6.429999828338623,136500
2008-09-03,6.440000057220459,6.690000057220459,6.329999923706055,6.409999847412109,6.409999847412109,186500
2008-09-04,6.340000152587891,6.630000114440918,6.25,6.28000020980835,6.28000020980835,122200
2008-09-05,6.25,7.0,6.0,6.869999885559082,6.869999885559082,317500
2008-09-08,7.0,7.25,6.909999847412109,7.0,7.0,459000
2008-09-09,7.03000020980835,7.440000057220459,6.760000228881836,6.829999923706055,6.829999923706055,340100
2008-09-10,6.849999904632568,6.980000019073486,6.099999904632568,6.440000057220459,6.440000057220459,246600
2008-09-11,6.369999885559082,6.369999885559082,6.099999904632568,6.269999980926514,6.269999980926514,318000
2008-09-12,6.519999980926514,6.570000171661377,6.159999847412109,6.420000076293945,6.420000076293945,125100
2008-09-15,6.21999979019165,6.619999885559082,6.190000057220459,6.570000171661377,6.570000171661377,268600
2008-09-16,6.429999828338623,6.829999923706055,6.360000133514404,6.739999771118164,6.739999771118164,206900
2008-09-17,6.670000076293945,6.78000020980835,5.960000038146973,6.739999771118164,6.739999771118164,323200
2008-09-18,6.809999942779541,7.440000057220459,6.260000228881836,7.369999885559082,7.369999885559082,691500
2008-09-19,7.690000057220459,7.900000095367432,6.920000076293945,7.150000095367432,7.150000095367432,657300
2008-09-22,7.239999771118164,7.260000228881836,6.510000228881836,6.539999961853027,6.539999961853027,143200
2008-09-23,6.53000020980835,6.849999904632568,6.260000228881836,6.349999904632568,6.349999904632568,107100
2008-09-24,6.369999885559082,6.880000114440918,6.340000152587891,6.619999885559082,6.619999885559082,271800
2008-09-25,6.670000076293945,6.960000038146973,6.059999942779541,6.329999923706055,6.329999923706055,217600
2008-09-26,6.230000019073486,6.440000057220459,6.110000133514404,6.320000171661377,6.320000171661377,136200
2008-09-29,6.25,6.46999979019165,6.010000228881836,6.010000228881836,6.010000228881836,161700
2008-09-30,6.090000152587891,6.610000133514404,6.010000228881836,6.190000057220459,6.190000057220459,146500
2008-10-01,6.150000095367432,6.460000038146973,5.989999771118164,6.110000133514404,6.110000133514404,161000
2008-10-02,6.090000152587891,6.300000190734863,5.900000095367432,5.920000076293945,5.920000076293945,137900
2008-10-03,6.010000228881836,6.46999979019165,5.75,5.769999980926514,5.769999980926514,157100
2008-10-06,5.639999866485596,5.989999771118164,5.139999866485596,5.789999961853027,5.789999961853027,249600
2008-10-07,5.849999904632568,5.849999904632568,5.199999809265137,5.230000019073486,5.230000019073486,174600
2008-10-08,5.079999923706055,5.300000190734863,4.809999942779541,4.849999904632568,4.849999904632568,237800
2008-10-09,4.949999809265137,5.119999885559082,3.9000000953674316,4.0,4.0,215200
2008-10-10,3.9700000286102295,4.699999809265137,3.630000114440918,4.0,4.0,518200
2008-10-13,4.0,5.0,3.990000009536743,4.980000019073486,4.980000019073486,189000
2008-10-14,5.099999904632568,5.5,4.46999979019165,4.75,4.75,552600
2008-10-15,4.690000057220459,4.909999847412109,3.619999885559082,4.260000228881836,4.260000228881836,591000
2008-10-16,4.289999961853027,4.829999923706055,3.9800000190734863,4.670000076293945,4.670000076293945,151200
2008-10-17,4.550000190734863,5.179999828338623,4.010000228881836,4.320000171661377,4.320000171661377,182700
2008-10-20,4.420000076293945,4.829999923706055,4.420000076293945,4.5,4.5,121800
2008-10-21,4.420000076293945,4.699999809265137,4.25,4.420000076293945,4.420000076293945,94600
2008-10-22,4.309999942779541,4.5,4.130000114440918,4.130000114440918,4.130000114440918,75100
2008-10-23,4.150000095367432,4.369999885559082,3.9600000381469727,4.090000152587891,4.090000152587891,211000
2008-10-24,3.9100000858306885,4.090000152587891,3.7699999809265137,3.7699999809265137,3.7699999809265137,84900
2008-10-27,3.759999990463257,4.019999980926514,3.6600000858306885,4.019999980926514,4.019999980926514,169600
2008-10-28,3.809999942779541,4.590000152587891,3.809999942779541,4.519999980926514,4.519999980926514,121900
2008-10-29,4.630000114440918,4.630000114440918,4.150000095367432,4.210000038146973,4.210000038146973,141400
2008-10-30,4.260000228881836,4.690000057220459,4.110000133514404,4.269999980926514,4.269999980926514,112100
2008-10-31,4.190000057220459,4.829999923706055,4.190000057220459,4.519999980926514,4.519999980926514,289000
2008-11-03,4.5,4.710000038146973,4.369999885559082,4.480000019073486,4.480000019073486,200800
2008-11-04,4.670000076293945,4.670000076293945,4.28000020980835,4.400000095367432,4.400000095367432,136100
2008-11-05,4.360000133514404,4.599999904632568,4.110000133514404,4.179999828338623,4.179999828338623,150400
2008-11-06,4.150000095367432,4.239999771118164,3.7799999713897705,3.799999952316284,3.799999952316284,143900
2008-11-07,3.8399999141693115,4.110000133514404,3.75,3.7699999809265137,3.7699999809265137,168300
2008-11-10,3.9800000190734863,4.0,3.5799999237060547,3.5799999237060547,3.5799999237060547,162700
2008-11-11,3.5299999713897705,3.740000009536743,2.7100000381469727,2.75,2.75,554400
2008-11-12,2.740000009536743,2.799999952316284,2.1500000953674316,2.1500000953674316,2.1500000953674316,597200
2008-11-13,2.200000047683716,2.490000009536743,1.7699999809265137,2.049999952316284,2.049999952316284,734500
2008-11-14,2.049999952316284,2.259999990463257,2.0299999713897705,2.0799999237060547,2.0799999237060547,217800
2008-11-17,2.069999933242798,2.259999990463257,1.9700000286102295,1.9900000095367432,1.9900000095367432,181100
2008-11-18,2.0,2.049999952316284,1.809999942779541,1.840000033378601,1.840000033378601,215900
2008-11-19,2.0,2.049999952316284,1.7599999904632568,1.7599999904632568,1.7599999904632568,287400
2008-11-20,1.7999999523162842,1.7999999523162842,1.3600000143051147,1.3899999856948853,1.3899999856948853,265400
2008-11-21,1.4199999570846558,1.6200000047683716,1.4199999570846558,1.5399999618530273,1.5399999618530273,430500
2008-11-24,1.6200000047683716,2.130000114440918,1.600000023841858,1.9500000476837158,1.9500000476837158,393300
2008-11-25,2.0299999713897705,2.2100000381469727,1.850000023841858,1.9700000286102295,1.9700000286102295,96100
2008-11-26,1.7400000095367432,2.0199999809265137,1.7100000381469727,2.0,2.0,224700
2008-11-28,1.9700000286102295,2.0299999713897705,1.9299999475479126,2.0,2.0,47300
2008-12-01,2.2899999618530273,2.2899999618530273,1.899999976158142,1.9500000476837158,1.9500000476837158,214700
2008-12-02,2.0,2.0199999809265137,1.9299999475479126,2.0,2.0,291500
2008-12-03,1.9500000476837158,2.0,1.8300000429153442,1.9900000095367432,1.9900000095367432,382100
2008-12-04,2.0399999618530273,3.619999885559082,2.0,2.990000009536743,2.990000009536743,1476900
2008-12-05,2.9100000858306885,3.319999933242798,2.559999942779541,3.299999952316284,3.299999952316284,325700
2008-12-08,3.3499999046325684,3.640000104904175,3.1500000953674316,3.640000104904175,3.640000104904175,225800
2008-12-09,3.549999952316284,3.8299999237060547,3.2899999618530273,3.609999895095825,3.609999895095825,205900
2008-12-10,3.7799999713897705,3.7799999713897705,2.9000000953674316,3.2899999618530273,3.2899999618530273,334800
2008-12-11,3.2100000381469727,3.619999885559082,3.0399999618530273,3.190000057220459,3.190000057220459,240500
2008-12-12,3.130000114440918,3.5299999713897705,3.0,3.5299999713897705,3.5299999713897705,211700
2008-12-15,3.5399999618530273,3.5899999141693115,3.059999942779541,3.140000104904175,3.140000104904175,83700
2008-12-16,3.180000066757202,3.5,2.8299999237060547,3.1600000858306885,3.1600000858306885,316900
2008-12-17,3.140000104904175,3.1500000953674316,2.799999952316284,3.0199999809265137,3.0199999809265137,208100
2008-12-18,3.130000114440918,3.140000104904175,2.509999990463257,2.549999952316284,2.549999952316284,279800
2008-12-19,2.700000047683716,2.9000000953674316,2.390000104904175,2.630000114440918,2.630000114440918,337500
2008-12-22,2.630000114440918,2.6700000762939453,2.4700000286102295,2.5,2.5,108300
2008-12-23,2.2899999618530273,2.7799999713897705,2.2899999618530273,2.549999952316284,2.549999952316284,196800
2008-12-24,2.5299999713897705,2.5799999237060547,2.3499999046325684,2.4800000190734863,2.4800000190734863,96400
2008-12-26,2.490000009536743,2.569999933242798,2.359999895095825,2.390000104904175,2.390000104904175,34600
2008-12-29,2.380000114440918,2.380000114440918,2.1700000762939453,2.259999990463257,2.259999990463257,137200
2008-12-30,2.2799999713897705,2.5199999809265137,2.200000047683716,2.5199999809265137,2.5199999809265137,154700
2008-12-31,2.5199999809265137,2.8399999141693115,2.3499999046325684,2.759999990463257,2.759999990463257,236700
2009-01-02,2.759999990463257,2.819999933242798,2.619999885559082,2.759999990463257,2.759999990463257,69900
2009-01-05,2.799999952316284,3.299999952316284,2.690000057220459,3.2799999713897705,3.2799999713897705,138500
2009-01-06,3.259999990463257,4.71999979019165,3.25,3.6700000762939453,3.6700000762939453,695400
2009-01-07,3.799999952316284,3.869999885559082,3.4000000953674316,3.4100000858306885,3.4100000858306885,198600
2009-01-08,3.490000009536743,3.5399999618530273,3.4100000858306885,3.5199999809265137,3.5199999809265137,96100
2009-01-09,3.5299999713897705,3.5299999713897705,3.240000009536743,3.25,3.25,128200
2009-01-12,3.25,3.950000047683716,3.1600000858306885,3.190000057220459,3.190000057220459,166200
2009-01-13,3.200000047683716,3.5199999809265137,3.1600000858306885,3.3399999141693115,3.3399999141693115,110800
2009-01-14,3.2899999618530273,3.2899999618530273,3.0299999713897705,3.0999999046325684,3.0999999046325684,121200
2009-01-15,3.119999885559082,3.2699999809265137,2.9000000953674316,3.130000114440918,3.130000114440918,128000
2009-01-16,3.130000114440918,3.619999885559082,3.130000114440918,3.5,3.5,218400
2009-01-20,3.609999895095825,3.6700000762939453,3.009999990463257,3.0299999713897705,3.0299999713897705,185300
2009-01-21,3.0899999141693115,3.240000009536743,3.059999942779541,3.2200000286102295,3.2200000286102295,112400
2009-01-22,3.140000104904175,3.319999933242798,3.049999952316284,3.2799999713897705,3.2799999713897705,70800
2009-01-23,3.180000066757202,3.2100000381469727,3.0899999141693115,3.1500000953674316,3.1500000953674316,64100
2009-01-26,3.1500000953674316,3.3399999141693115,3.0899999141693115,3.2200000286102295,3.2200000286102295,60200
2009-01-27,3.2200000286102295,3.490000009536743,3.0,3.3399999141693115,3.3399999141693115,128400
2009-01-28,3.4100000858306885,3.5,3.2200000286102295,3.2699999809265137,3.2699999809265137,114700
2009-01-29,3.2200000286102295,3.390000104904175,3.0399999618530273,3.119999885559082,3.119999885559082,74600
2009-01-30,3.0,3.5,3.0,3.2300000190734863,3.2300000190734863,436200
2009-02-02,3.25,3.4000000953674316,3.0999999046325684,3.359999895095825,3.359999895095825,194700
2009-02-03,3.390000104904175,3.4000000953674316,3.1600000858306885,3.240000009536743,3.240000009536743,203300
2009-02-04,3.25,3.4200000762939453,3.190000057220459,3.3399999141693115,3.3399999141693115,152400
2009-02-05,3.319999933242798,3.359999895095825,3.240000009536743,3.309999942779541,3.309999942779541,116300
2009-02-06,3.299999952316284,3.7899999618530273,3.2799999713897705,3.690000057220459,3.690000057220459,268100
2009-02-09,3.680000066757202,3.7899999618530273,3.680000066757202,3.680000066757202,3.680000066757202,172600
2009-02-10,3.569999933242798,3.690000057220459,3.369999885559082,3.4100000858306885,3.4100000858306885,159000
2009-02-11,3.430000066757202,3.930000066757202,3.299999952316284,3.819999933242798,3.819999933242798,299000
2009-02-12,3.7300000190734863,3.7300000190734863,3.490000009536743,3.569999933242798,3.569999933242798,106800
2009-02-13,3.5799999237060547,3.690000057220459,3.559999942779541,3.569999933242798,3.569999933242798,126300
2009-02-17,3.4100000858306885,3.5999999046325684,3.3299999237060547,3.4100000858306885,3.4100000858306885,97100
2009-02-18,3.450000047683716,3.4600000381469727,3.2100000381469727,3.4000000953674316,3.4000000953674316,90400
2009-02-19,3.450000047683716,3.630000114440918,3.4200000762939453,3.609999895095825,3.609999895095825,97700
2009-02-20,3.5299999713897705,3.950000047683716,3.190000057220459,3.8499999046325684,3.8499999046325684,334600
2009-02-23,3.880000114440918,4.050000190734863,3.690000057220459,3.809999942779541,3.809999942779541,266400
2009-02-24,3.859999895095825,4.400000095367432,3.640000104904175,4.170000076293945,4.170000076293945,384700
2009-02-25,4.21999979019165,4.21999979019165,3.869999885559082,3.869999885559082,3.869999885559082,175900
2009-02-26,3.9000000953674316,4.28000020980835,3.7699999809265137,3.7699999809265137,3.7699999809265137,189000
2009-02-27,3.740000009536743,4.059999942779541,3.5999999046325684,4.050000190734863,4.050000190734863,1449500
2009-03-02,3.990000009536743,3.990000009536743,3.5999999046325684,3.5999999046325684,3.5999999046325684,186100
2009-03-03,3.6600000858306885,3.940000057220459,3.5999999046325684,3.75,3.75,203100
2009-03-04,3.809999942779541,4.0,3.799999952316284,3.9100000858306885,3.9100000858306885,103000
2009-03-05,3.7899999618530273,4.050000190734863,3.240000009536743,3.2699999809265137,3.2699999809265137,228000
2009-03-06,3.180000066757202,3.690000057220459,3.180000066757202,3.309999942779541,3.309999942779541,249900
2009-03-09,3.2899999618530273,3.5799999237060547,3.2899999618530273,3.4600000381469727,3.4600000381469727,204100
2009-03-10,3.5399999618530273,3.8499999046325684,3.309999942779541,3.8299999237060547,3.8299999237060547,253800
2009-03-11,3.869999885559082,3.9700000286102295,3.5199999809265137,3.75,3.75,227300
2009-03-12,3.7200000286102295,4.139999866485596,3.7200000286102295,4.099999904632568,4.099999904632568,406400
2009-03-13,4.099999904632568,4.25,3.890000104904175,4.090000152587891,4.090000152587891,357800
2009-03-16,4.150000095367432,4.289999961853027,3.8499999046325684,4.03000020980835,4.03000020980835,199200
2009-03-17,4.039999961853027,4.21999979019165,3.9800000190734863,4.099999904632568,4.099999904632568,200900
2009-03-18,4.099999904632568,4.349999904632568,4.099999904632568,4.230000019073486,4.230000019073486,475600
2009-03-19,4.28000020980835,4.440000057220459,4.179999828338623,4.300000190734863,4.300000190734863,171000
2009-03-20,4.300000190734863,4.449999809265137,4.150000095367432,4.159999847412109,4.159999847412109,318100
2009-03-23,4.320000171661377,4.650000095367432,4.300000190734863,4.650000095367432,4.650000095367432,309400
2009-03-24,4.590000152587891,4.650000095367432,4.409999847412109,4.420000076293945,4.420000076293945,306700
2009-03-25,4.46999979019165,4.639999866485596,4.019999980926514,4.400000095367432,4.400000095367432,373700
2009-03-26,4.489999771118164,4.679999828338623,4.349999904632568,4.639999866485596,4.639999866485596,303400
2009-03-27,4.539999961853027,4.610000133514404,4.239999771118164,4.260000228881836,4.260000228881836,207800
2009-03-30,4.130000114440918,4.139999866485596,3.8399999141693115,4.03000020980835,4.03000020980835,621400
2009-03-31,4.099999904632568,4.170000076293945,3.990000009536743,4.139999866485596,4.139999866485596,306300
2009-04-01,4.070000171661377,4.539999961853027,4.050000190734863,4.400000095367432,4.400000095367432,193400
2009-04-02,4.510000228881836,4.599999904632568,4.389999866485596,4.429999828338623,4.429999828338623,275800
2009-04-03,4.440000057220459,4.71999979019165,4.360000133514404,4.599999904632568,4.599999904632568,344700
2009-04-06,4.550000190734863,4.650000095367432,4.480000019073486,4.559999942779541,4.559999942779541,119000
2009-04-07,4.46999979019165,4.75,4.369999885559082,4.599999904632568,4.599999904632568,352300
2009-04-08,4.650000095367432,4.650000095367432,4.340000152587891,4.400000095367432,4.400000095367432,380000
2009-04-09,4.519999980926514,4.699999809265137,4.369999885559082,4.679999828338623,4.679999828338623,251400
2009-04-13,4.599999904632568,4.690000057220459,4.449999809265137,4.579999923706055,4.579999923706055,100900
2009-04-14,4.489999771118164,4.559999942779541,4.360000133514404,4.429999828338623,4.429999828338623,97900
2009-04-15,4.389999866485596,4.78000020980835,4.389999866485596,4.769999980926514,4.769999980926514,86400
2009-04-16,4.800000190734863,4.889999866485596,4.550000190734863,4.710000038146973,4.710000038146973,311400
2009-04-17,4.730000019073486,4.730000019073486,4.510000228881836,4.570000171661377,4.570000171661377,101600
2009-04-20,4.5,4.610000133514404,4.369999885559082,4.550000190734863,4.550000190734863,116000
2009-04-21,4.53000020980835,4.75,4.409999847412109,4.610000133514404,4.610000133514404,192500
2009-04-22,4.539999961853027,4.860000133514404,4.510000228881836,4.570000171661377,4.570000171661377,90300
2009-04-23,4.579999923706055,4.650000095367432,4.21999979019165,4.400000095367432,4.400000095367432,87100
2009-04-24,4.440000057220459,4.579999923706055,4.289999961853027,4.449999809265137,4.449999809265137,130300
2009-04-27,4.380000114440918,4.409999847412109,3.890000104904175,4.03000020980835,4.03000020980835,290600
2009-04-28,4.0,4.199999809265137,3.9800000190734863,4.139999866485596,4.139999866485596,60300
2009-04-29,4.190000057220459,4.409999847412109,4.099999904632568,4.289999961853027,4.289999961853027,98100
2009-04-30,4.349999904632568,4.480000019073486,4.239999771118164,4.480000019073486,4.480000019073486,260500
2009-05-01,4.449999809265137,4.449999809265137,4.190000057220459,4.199999809265137,4.199999809265137,350600
2009-05-04,4.239999771118164,4.400000095367432,4.050000190734863,4.090000152587891,4.090000152587891,315500
2009-05-05,4.070000171661377,4.099999904632568,3.869999885559082,4.0,4.0,177500
2009-05-06,4.070000171661377,4.239999771118164,4.0,4.070000171661377,4.070000171661377,124000
2009-05-07,4.119999885559082,4.300000190734863,3.8399999141693115,3.880000114440918,3.880000114440918,199700
2009-05-08,3.930000066757202,4.079999923706055,3.740000009536743,4.0,4.0,124300
2009-05-11,3.9200000762939453,4.0,3.859999895095825,3.9200000762939453,3.9200000762939453,87100
2009-05-12,3.940000057220459,3.940000057220459,3.5799999237060547,3.8299999237060547,3.8299999237060547,172900
2009-05-13,3.75,3.7799999713897705,3.569999933242798,3.7200000286102295,3.7200000286102295,193500
2009-05-14,3.740000009536743,3.890000104904175,3.5299999713897705,3.7899999618530273,3.7899999618530273,353100
2009-05-15,3.8299999237060547,4.230000019073486,3.7899999618530273,4.050000190734863,4.050000190734863,222900
2009-05-18,4.210000038146973,4.599999904632568,4.190000057220459,4.519999980926514,4.519999980926514,305700
2009-05-19,4.5,4.599999904632568,4.320000171661377,4.579999923706055,4.579999923706055,127800
2009-05-20,4.610000133514404,4.800000190734863,4.570000171661377,4.610000133514404,4.610000133514404,171800
2009-05-21,4.539999961853027,4.769999980926514,4.489999771118164,4.610000133514404,4.610000133514404,231600
2009-05-22,4.630000114440918,4.800000190734863,4.630000114440918,4.75,4.75,101700
2009-05-26,4.690000057220459,5.090000152587891,4.630000114440918,5.010000228881836,5.010000228881836,484800
2009-05-27,4.980000019073486,5.46999979019165,4.809999942779541,5.309999942779541,5.309999942779541,359000
2009-05-28,5.340000152587891,5.340000152587891,4.849999904632568,5.050000190734863,5.050000190734863,375500
2009-05-29,5.070000171661377,5.559999942779541,5.050000190734863,5.559999942779541,5.559999942779541,1024200
2009-06-01,5.519999980926514,5.960000038146973,5.519999980926514,5.639999866485596,5.639999866485596,284500
2009-06-02,5.630000114440918,5.739999771118164,5.420000076293945,5.460000038146973,5.460000038146973,226800
2009-06-03,5.409999847412109,5.519999980926514,5.059999942779541,5.21999979019165,5.21999979019165,296400
2009-06-04,5.239999771118164,5.489999771118164,5.179999828338623,5.460000038146973,5.460000038146973,272500
2009-06-05,5.539999961853027,5.570000171661377,5.300000190734863,5.449999809265137,5.449999809265137,169300
2009-06-08,5.449999809265137,6.230000019073486,5.429999828338623,5.570000171661377,5.570000171661377,1163500
2009-06-09,5.599999904632568,5.670000076293945,5.5,5.53000020980835,5.53000020980835,123600
2009-06-10,5.570000171661377,5.699999809265137,5.519999980926514,5.690000057220459,5.690000057220459,835800
2009-06-11,5.690000057220459,5.889999866485596,5.559999942779541,5.769999980926514,5.769999980926514,271500
2009-06-12,5.789999961853027,6.260000228881836,5.71999979019165,6.21999979019165,6.21999979019165,333800
2009-06-15,5.880000114440918,6.429999828338623,5.880000114440918,6.360000133514404,6.360000133514404,470500
2009-06-16,6.260000228881836,6.559999942779541,6.230000019073486,6.449999809265137,6.449999809265137,425500
2009-06-17,6.429999828338623,7.050000190734863,6.389999866485596,6.699999809265137,6.699999809265137,558400
2009-06-18,6.769999980926514,6.820000171661377,6.269999980926514,6.28000020980835,6.28000020980835,372700
2009-06-19,6.389999866485596,6.389999866485596,5.96999979019165,6.0,6.0,786700
2009-06-22,5.980000019073486,6.260000228881836,5.860000133514404,6.03000020980835,6.03000020980835,427800
2009-06-23,6.110000133514404,6.389999866485596,6.050000190734863,6.269999980926514,6.269999980926514,293100
2009-06-24,6.309999942779541,6.489999771118164,6.119999885559082,6.25,6.25,240700
2009-06-25,6.210000038146973,6.389999866485596,6.159999847412109,6.300000190734863,6.300000190734863,290000
2009-06-26,6.239999771118164,6.349999904632568,6.079999923706055,6.239999771118164,6.239999771118164,1867000
2009-06-29,6.289999961853027,6.300000190734863,6.090000152587891,6.239999771118164,6.239999771118164,188300
2009-06-30,6.230000019073486,6.360000133514404,6.050000190734863,6.190000057220459,6.190000057220459,225600
2009-07-01,6.269999980926514,6.380000114440918,6.179999828338623,6.21999979019165,6.21999979019165,178700
2009-07-02,6.170000076293945,6.170000076293945,5.800000190734863,5.880000114440918,5.880000114440918,309100
2009-07-06,5.860000133514404,5.860000133514404,5.409999847412109,5.619999885559082,5.619999885559082,363000
2009-07-07,5.639999866485596,5.659999847412109,5.28000020980835,5.289999961853027,5.289999961853027,356400
2009-07-08,5.329999923706055,5.539999961853027,5.25,5.349999904632568,5.349999904632568,490400
2009-07-09,5.369999885559082,5.460000038146973,5.25,5.329999923706055,5.329999923706055,203300
2009-07-10,5.300000190734863,5.579999923706055,5.260000228881836,5.329999923706055,5.329999923706055,103300
2009-07-13,5.349999904632568,5.420000076293945,5.25,5.400000095367432,5.400000095367432,168200
2009-07-14,5.380000114440918,5.570000171661377,5.309999942779541,5.519999980926514,5.519999980926514,155000
2009-07-15,5.590000152587891,5.809999942779541,5.590000152587891,5.75,5.75,364200
2009-07-16,5.699999809265137,5.78000020980835,5.579999923706055,5.699999809265137,5.699999809265137,233900
2009-07-17,5.71999979019165,5.71999979019165,5.460000038146973,5.510000228881836,5.510000228881836,223600
2009-07-20,5.559999942779541,5.650000095367432,5.5,5.610000133514404,5.610000133514404,134200
2009-07-21,5.659999847412109,5.659999847412109,5.400000095367432,5.449999809265137,5.449999809265137,626400
2009-07-22,5.440000057220459,5.659999847412109,5.400000095367432,5.590000152587891,5.590000152587891,140100
2009-07-23,5.570000171661377,5.789999961853027,5.539999961853027,5.690000057220459,5.690000057220459,347600
2009-07-24,5.699999809265137,5.929999828338623,5.389999866485596,5.800000190734863,5.800000190734863,1087600
2009-07-27,5.809999942779541,6.0,5.5,5.96999979019165,5.96999979019165,251200
2009-07-28,5.909999847412109,6.170000076293945,5.800000190734863,6.159999847412109,6.159999847412109,175400
2009-07-29,6.190000057220459,6.579999923706055,5.960000038146973,6.570000171661377,6.570000171661377,756900
2009-07-30,6.610000133514404,6.960000038146973,6.489999771118164,6.760000228881836,6.760000228881836,571100
2009-07-31,6.710000038146973,6.730000019073486,6.340000152587891,6.460000038146973,6.460000038146973,292500
2009-08-03,6.489999771118164,6.75,6.369999885559082,6.679999828338623,6.679999828338623,313700
2009-08-04,6.610000133514404,7.449999809265137,6.579999923706055,7.130000114440918,7.130000114440918,710100
2009-08-05,7.170000076293945,7.210000038146973,6.760000228881836,6.800000190734863,6.800000190734863,240600
2009-08-06,6.869999885559082,6.889999866485596,6.690000057220459,6.690000057220459,6.690000057220459,298700
2009-08-07,6.800000190734863,7.0,6.639999866485596,6.840000152587891,6.840000152587891,274300
2009-08-10,6.760000228881836,6.900000095367432,6.550000190734863,6.650000095367432,6.650000095367432,134100
2009-08-11,6.590000152587891,6.820000171661377,6.5,6.519999980926514,6.519999980926514,141900
2009-08-12,6.510000228881836,6.800000190734863,6.510000228881836,6.760000228881836,6.760000228881836,217300
2009-08-13,6.78000020980835,6.960000038146973,6.510000228881836,6.820000171661377,6.820000171661377,308700
2009-08-14,6.829999923706055,6.920000076293945,6.659999847412109,6.900000095367432,6.900000095367432,478200
2009-08-17,6.75,6.940000057220459,6.559999942779541,6.820000171661377,6.820000171661377,363000
2009-08-18,6.840000152587891,7.269999980926514,6.75,7.230000019073486,7.230000019073486,321500
2009-08-19,7.150000095367432,7.659999847412109,7.139999866485596,7.610000133514404,7.610000133514404,612700
2009-08-20,7.570000171661377,7.909999847412109,7.5,7.869999885559082,7.869999885559082,509900
2009-08-21,7.980000019073486,8.960000038146973,7.610000133514404,8.369999885559082,8.369999885559082,831800
2009-08-24,8.479999542236328,8.640000343322754,8.069999694824219,8.210000038146973,8.210000038146973,794900
2009-08-25,8.279999732971191,8.3100004196167,8.079999923706055,8.220000267028809,8.220000267028809,257600
2009-08-26,8.270000457763672,8.289999961853027,8.069999694824219,8.199999809265137,8.199999809265137,751500
2009-08-27,8.130000114440918,8.3100004196167,7.929999828338623,8.130000114440918,8.130000114440918,276700
2009-08-28,8.149999618530273,8.210000038146973,7.849999904632568,7.949999809265137,7.949999809265137,193900
2009-08-31,7.889999866485596,7.949999809265137,7.360000133514404,7.809999942779541,7.809999942779541,279900
2009-09-01,7.730000019073486,8.020000457763672,7.599999904632568,7.690000057220459,7.690000057220459,212000
2009-09-02,7.630000114440918,7.78000020980835,7.570000171661377,7.710000038146973,7.710000038146973,304900
2009-09-03,7.75,8.09000015258789,7.650000095367432,8.039999961853027,8.039999961853027,301900
2009-09-04,8.039999961853027,8.119999885559082,7.960000038146973,8.09000015258789,8.09000015258789,472000
2009-09-08,8.119999885559082,8.1899995803833,7.949999809265137,8.119999885559082,8.119999885559082,174900
2009-09-09,8.140000343322754,8.390000343322754,8.109999656677246,8.359999656677246,8.359999656677246,295600
2009-09-10,8.3100004196167,8.539999961853027,8.100000381469727,8.479999542236328,8.479999542236328,293600
2009-09-11,8.470000267028809,8.470000267028809,8.1899995803833,8.25,8.25,134900
2009-09-14,8.25,8.3100004196167,8.029999732971191,8.199999809265137,8.199999809265137,132400
2009-09-15,8.15999984741211,8.15999984741211,7.980000019073486,8.039999961853027,8.039999961853027,130200
2009-09-16,8.09000015258789,8.09000015258789,7.769999980926514,8.020000457763672,8.020000457763672,265300
2009-09-17,8.0,8.069999694824219,7.849999904632568,7.920000076293945,7.920000076293945,89200
2009-09-18,7.949999809265137,8.010000228881836,7.889999866485596,8.0,8.0,302200
2009-09-21,7.940000057220459,8.109999656677246,7.820000171661377,8.0,8.0,186000
2009-09-22,8.039999961853027,8.260000228881836,7.949999809265137,8.029999732971191,8.029999732971191,372200
2009-09-23,8.069999694824219,8.149999618530273,7.949999809265137,7.96999979019165,7.96999979019165,176100
2009-09-24,8.0,8.130000114440918,7.730000019073486,7.809999942779541,7.809999942779541,284200
2009-09-25,7.769999980926514,7.820000171661377,7.510000228881836,7.71999979019165,7.71999979019165,467900
2009-09-28,7.769999980926514,8.069999694824219,7.590000152587891,7.980000019073486,7.980000019073486,238500
2009-09-29,7.960000038146973,8.100000381469727,7.909999847412109,8.0,8.0,116500
2009-09-30,8.0,8.0,7.639999866485596,7.929999828338623,7.929999828338623,229900
2009-10-01,7.909999847412109,7.949999809265137,7.630000114440918,7.630000114440918,7.630000114440918,228900
2009-10-02,7.5,7.630000114440918,7.25,7.519999980926514,7.519999980926514,188200
2009-10-05,7.579999923706055,8.260000228881836,7.579999923706055,8.220000267028809,8.220000267028809,388800
2009-10-06,8.25,8.25,7.929999828338623,8.020000457763672,8.020000457763672,203300
2009-10-07,7.960000038146973,8.0,7.800000190734863,7.880000114440918,7.880000114440918,127400
2009-10-08,7.900000095367432,7.920000076293945,7.650000095367432,7.679999828338623,7.679999828338623,341500
2009-10-09,7.610000133514404,7.900000095367432,7.599999904632568,7.880000114440918,7.880000114440918,158500
2009-10-12,7.929999828338623,8.0,7.699999809265137,7.739999771118164,7.739999771118164,220400
2009-10-13,7.75,7.75,7.519999980926514,7.630000114440918,7.630000114440918,136900
2009-10-14,7.75,7.789999961853027,7.579999923706055,7.730000019073486,7.730000019073486,150400
2009-10-15,7.650000095367432,7.960000038146973,7.550000190734863,7.849999904632568,7.849999904632568,152800
2009-10-16,7.769999980926514,7.849999904632568,7.550000190734863,7.71999979019165,7.71999979019165,133300
2009-10-19,7.769999980926514,7.880000114440918,7.510000228881836,7.860000133514404,7.860000133514404,120900
2009-10-20,7.860000133514404,7.949999809265137,7.730000019073486,7.78000020980835,7.78000020980835,143200
2009-10-21,7.75,7.989999771118164,7.550000190734863,7.590000152587891,7.590000152587891,166800
2009-10-22,7.579999923706055,7.75,7.53000020980835,7.71999979019165,7.71999979019165,160400
2009-10-23,7.71999979019165,7.789999961853027,7.420000076293945,7.5,7.5,136800
2009-10-26,7.489999771118164,7.690000057220459,7.289999961853027,7.329999923706055,7.329999923706055,170700
2009-10-27,7.329999923706055,7.5,7.159999847412109,7.329999923706055,7.329999923706055,308900
2009-10-28,7.340000152587891,7.400000095367432,6.960000038146973,6.96999979019165,6.96999979019165,220700
2009-10-29,7.059999942779541,7.130000114440918,6.949999809265137,7.03000020980835,7.03000020980835,222000
2009-10-30,7.0,7.070000171661377,6.53000020980835,6.860000133514404,6.860000133514404,483200
2009-11-02,6.940000057220459,6.940000057220459,6.650000095367432,6.78000020980835,6.78000020980835,175400
2009-11-03,6.710000038146973,6.909999847412109,6.599999904632568,6.900000095367432,6.900000095367432,163400
2009-11-04,6.920000076293945,7.050000190734863,6.909999847412109,6.940000057220459,6.940000057220459,186900
2009-11-05,6.980000019073486,7.400000095367432,6.980000019073486,7.329999923706055,7.329999923706055,297900
2009-11-06,7.21999979019165,7.489999771118164,7.170000076293945,7.389999866485596,7.389999866485596,441700
2009-11-09,7.480000019073486,7.659999847412109,7.369999885559082,7.409999847412109,7.409999847412109,175900
2009-11-10,7.369999885559082,7.429999828338623,7.150000095367432,7.300000190734863,7.300000190734863,145300
2009-11-11,7.389999866485596,7.5,7.289999961853027,7.369999885559082,7.369999885559082,81200
2009-11-12,7.380000114440918,7.449999809265137,6.989999771118164,7.019999980926514,7.019999980926514,158800
2009-11-13,7.079999923706055,7.5,7.079999923706055,7.289999961853027,7.289999961853027,176000
2009-11-16,7.329999923706055,7.690000057220459,7.329999923706055,7.579999923706055,7.579999923706055,283500
2009-11-17,7.570000171661377,7.610000133514404,7.400000095367432,7.53000020980835,7.53000020980835,88900
2009-11-18,7.510000228881836,7.570000171661377,7.349999904632568,7.420000076293945,7.420000076293945,87500
2009-11-19,7.380000114440918,7.440000057220459,7.25,7.269999980926514,7.269999980926514,130200
2009-11-20,7.239999771118164,7.460000038146973,7.190000057220459,7.269999980926514,7.269999980926514,132100
2009-11-23,7.389999866485596,7.539999961853027,7.340000152587891,7.389999866485596,7.389999866485596,128800
2009-11-24,7.380000114440918,7.380000114440918,7.199999809265137,7.28000020980835,7.28000020980835,168100
2009-11-25,7.340000152587891,7.440000057220459,7.260000228881836,7.269999980926514,7.269999980926514,83400
2009-11-27,7.050000190734863,7.199999809265137,7.0,7.0,7.0,64400
2009-11-30,7.039999961853027,7.380000114440918,7.039999961853027,7.25,7.25,365200
2009-12-01,7.28000020980835,7.409999847412109,7.110000133514404,7.199999809265137,7.199999809265137,823200
2009-12-02,7.199999809265137,7.329999923706055,7.159999847412109,7.239999771118164,7.239999771118164,206000
2009-12-03,7.289999961853027,7.539999961853027,7.130000114440918,7.159999847412109,7.159999847412109,450400
2009-12-04,7.329999923706055,7.5,7.179999828338623,7.46999979019165,7.46999979019165,152300
2009-12-07,7.289999961853027,7.429999828338623,7.25,7.300000190734863,7.300000190734863,268000
2009-12-08,7.230000019073486,7.320000171661377,7.130000114440918,7.130000114440918,7.130000114440918,385900
2009-12-09,7.159999847412109,7.340000152587891,7.050000190734863,7.329999923706055,7.329999923706055,310700
2009-12-10,7.369999885559082,7.599999904632568,7.360000133514404,7.5,7.5,262400
2009-12-11,7.550000190734863,7.75,7.420000076293945,7.590000152587891,7.590000152587891,384600
2009-12-14,7.650000095367432,7.670000076293945,7.449999809265137,7.659999847412109,7.659999847412109,85000
2009-12-15,7.619999885559082,7.869999885559082,7.489999771118164,7.710000038146973,7.710000038146973,124200
2009-12-16,7.800000190734863,7.800000190734863,7.610000133514404,7.710000038146973,7.710000038146973,121500
2009-12-17,7.670000076293945,7.849999904632568,7.369999885559082,7.539999961853027,7.539999961853027,231800
2009-12-18,7.610000133514404,7.650000095367432,7.210000038146973,7.28000020980835,7.28000020980835,547400
2009-12-21,7.340000152587891,7.480000019073486,7.139999866485596,7.230000019073486,7.230000019073486,249900
2009-12-22,7.230000019073486,7.440000057220459,7.119999885559082,7.329999923706055,7.329999923706055,325900
2009-12-23,7.349999904632568,7.590000152587891,7.349999904632568,7.550000190734863,7.550000190734863,342600
2009-12-24,7.599999904632568,7.760000228881836,7.579999923706055,7.730000019073486,7.730000019073486,79800
2009-12-28,7.78000020980835,7.900000095367432,7.650000095367432,7.869999885559082,7.869999885559082,191700
2009-12-29,7.889999866485596,8.079999923706055,7.800000190734863,8.050000190734863,8.050000190734863,194000
2009-12-30,7.989999771118164,8.119999885559082,7.889999866485596,8.119999885559082,8.119999885559082,161800
2009-12-31,8.140000343322754,8.239999771118164,8.039999961853027,8.069999694824219,8.069999694824219,164400
2010-01-04,8.210000038146973,8.5600004196167,8.210000038146973,8.5600004196167,8.5600004196167,373100
2010-01-05,8.520000457763672,8.789999961853027,8.460000038146973,8.6899995803833,8.6899995803833,429000
2010-01-06,8.710000038146973,9.109999656677246,8.640000343322754,8.949999809265137,8.949999809265137,1047800
2010-01-07,9.020000457763672,9.34000015258789,8.90999984741211,9.210000038146973,9.210000038146973,376100
2010-01-08,9.199999809265137,9.300000190734863,8.970000267028809,9.039999961853027,9.039999961853027,174600
2010-01-11,9.119999885559082,9.239999771118164,8.9399995803833,9.010000228881836,9.010000228881836,204600
2010-01-12,8.970000267028809,9.460000038146973,8.899999618530273,9.460000038146973,9.460000038146973,388400
2010-01-13,9.470000267028809,9.579999923706055,9.020000457763672,9.220000267028809,9.220000267028809,328500
2010-01-14,9.229999542236328,9.359999656677246,9.1899995803833,9.220000267028809,9.220000267028809,185000
2010-01-15,9.489999771118164,9.890000343322754,9.279999732971191,9.699999809265137,9.699999809265137,2811200
2010-01-19,9.649999618530273,10.199999809265137,9.649999618530273,10.069999694824219,10.069999694824219,739100
2010-01-20,10.029999732971191,10.1899995803833,9.920000076293945,10.010000228881836,10.010000228881836,431400
2010-01-21,10.039999961853027,10.039999961853027,9.460000038146973,9.75,9.75,484300
2010-01-22,9.6899995803833,9.710000038146973,9.210000038146973,9.359999656677246,9.359999656677246,478700
2010-01-25,9.460000038146973,9.539999961853027,9.109999656677246,9.369999885559082,9.369999885559082,417500
2010-01-26,9.3100004196167,9.5,9.239999771118164,9.270000457763672,9.270000457763672,446300
2010-01-27,9.229999542236328,9.600000381469727,9.210000038146973,9.550000190734863,9.550000190734863,694400
2010-01-28,9.539999961853027,9.539999961853027,9.079999923706055,9.239999771118164,9.239999771118164,437200
2010-01-29,9.300000190734863,9.579999923706055,9.050000190734863,9.0600004196167,9.0600004196167,812400
2010-02-01,9.1899995803833,9.369999885559082,9.100000381469727,9.359999656677246,9.359999656677246,318000
2010-02-02,9.34000015258789,9.489999771118164,9.239999771118164,9.34000015258789,9.34000015258789,330100
2010-02-03,9.270000457763672,9.430000305175781,9.100000381469727,9.239999771118164,9.239999771118164,137600
2010-02-04,9.140000343322754,9.210000038146973,8.9399995803833,8.989999771118164,8.989999771118164,422000
2010-02-05,9.0600004196167,9.0600004196167,8.779999732971191,8.989999771118164,8.989999771118164,468200
2010-02-08,9.050000190734863,9.09000015258789,8.850000381469727,8.859999656677246,8.859999656677246,139800
2010-02-09,9.0,9.0600004196167,8.720000267028809,8.829999923706055,8.829999923706055,248600
2010-02-10,8.8100004196167,9.220000267028809,8.65999984741211,9.220000267028809,9.220000267028809,239300
2010-02-11,9.239999771118164,9.489999771118164,9.010000228881836,9.460000038146973,9.460000038146973,220300
2010-02-12,9.329999923706055,9.680000305175781,9.25,9.649999618530273,9.649999618530273,267200
2010-02-16,9.75,9.859999656677246,9.539999961853027,9.729999542236328,9.729999542236328,180500
2010-02-17,9.789999961853027,9.850000381469727,9.609999656677246,9.75,9.75,149200
2010-02-18,9.75,9.800000190734863,9.430000305175781,9.779999732971191,9.779999732971191,166500
2010-02-19,9.779999732971191,9.779999732971191,9.34000015258789,9.359999656677246,9.359999656677246,431600
2010-02-22,9.359999656677246,9.5,9.210000038146973,9.430000305175781,9.430000305175781,136000
2010-02-23,9.4399995803833,9.479999542236328,9.130000114440918,9.270000457763672,9.270000457763672,195400
2010-02-24,9.270000457763672,9.380000114440918,9.109999656677246,9.260000228881836,9.260000228881836,204200
2010-02-25,9.109999656677246,9.119999885559082,8.90999984741211,9.109999656677246,9.109999656677246,205800
2010-02-26,9.130000114440918,9.130000114440918,8.899999618530273,9.039999961853027,9.039999961853027,203700
2010-03-01,9.010000228881836,9.210000038146973,9.0,9.210000038146973,9.210000038146973,218400
2010-03-02,9.25,9.5,9.229999542236328,9.420000076293945,9.420000076293945,299800
2010-03-03,9.470000267028809,9.470000267028809,9.25,9.270000457763672,9.270000457763672,199200
2010-03-04,9.300000190734863,9.300000190734863,9.050000190734863,9.09000015258789,9.09000015258789,135000
2010-03-05,9.180000305175781,9.479999542236328,9.180000305175781,9.479999542236328,9.479999542236328,156000
2010-03-08,9.449999809265137,9.779999732971191,9.449999809265137,9.670000076293945,9.670000076293945,217600
2010-03-09,9.699999809265137,10.0,9.569999694824219,9.6899995803833,9.6899995803833,398900
2010-03-10,9.720000267028809,10.25,9.609999656677246,10.239999771118164,10.239999771118164,502500
2010-03-11,10.199999809265137,10.319999694824219,10.0,10.109999656677246,10.109999656677246,374800
2010-03-12,10.1899995803833,10.1899995803833,9.609999656677246,9.800000190734863,9.800000190734863,263900
2010-03-15,9.729999542236328,9.859999656677246,9.4399995803833,9.770000457763672,9.770000457763672,313800
2010-03-16,9.779999732971191,9.819999694824219,9.350000381469727,9.529999732971191,9.529999732971191,270200
2010-03-17,9.579999923706055,9.75,9.520000457763672,9.630000114440918,9.630000114440918,173900
2010-03-18,9.5600004196167,9.75,9.510000228881836,9.729999542236328,9.729999542236328,204900
2010-03-19,9.850000381469727,10.0,9.609999656677246,9.850000381469727,9.850000381469727,353500
2010-03-22,9.789999961853027,10.399999618530273,9.680000305175781,10.319999694824219,10.319999694824219,322200
2010-03-23,10.390000343322754,10.84000015258789,10.300000190734863,10.819999694824219,10.819999694824219,567200
2010-03-24,10.800000190734863,10.949999809265137,10.520000457763672,10.5600004196167,10.5600004196167,289600
2010-03-25,10.609999656677246,10.720000267028809,10.119999885559082,10.130000114440918,10.130000114440918,352700
2010-03-26,10.149999618530273,10.279999732971191,9.800000190734863,9.829999923706055,9.829999923706055,397300
2010-03-29,9.890000343322754,10.149999618530273,9.880000114440918,9.970000267028809,9.970000267028809,171500
2010-03-30,9.989999771118164,10.180000305175781,9.779999732971191,9.850000381469727,9.850000381469727,236700
2010-03-31,9.789999961853027,9.930000305175781,9.720000267028809,9.739999771118164,9.739999771118164,520700
2010-04-01,9.779999732971191,9.979999542236328,9.699999809265137,9.930000305175781,9.930000305175781,234300
2010-04-05,9.930000305175781,10.25,9.84000015258789,10.010000228881836,10.010000228881836,316100
2010-04-06,9.9399995803833,10.100000381469727,9.84000015258789,9.869999885559082,9.869999885559082,163500
2010-04-07,9.899999618530273,10.010000228881836,9.359999656677246,9.5600004196167,9.5600004196167,462200
2010-04-08,9.5600004196167,9.579999923706055,9.40999984741211,9.510000228881836,9.510000228881836,342600
2010-04-09,9.5,9.930000305175781,9.460000038146973,9.920000076293945,9.920000076293945,373000
2010-04-12,9.930000305175781,10.210000038146973,9.930000305175781,10.109999656677246,10.109999656677246,227900
2010-04-13,10.109999656677246,10.470000267028809,10.050000190734863,10.420000076293945,10.420000076293945,266000
2010-04-14,10.5,10.8100004196167,10.5,10.800000190734863,10.800000190734863,348100
2010-04-15,10.819999694824219,11.0,10.8100004196167,10.989999771118164,10.989999771118164,216300
2010-04-16,10.989999771118164,11.0,10.699999809265137,10.859999656677246,10.859999656677246,278800
2010-04-19,10.850000381469727,10.880000114440918,10.520000457763672,10.680000305175781,10.680000305175781,123400
2010-04-20,10.75,10.970000267028809,10.65999984741211,10.960000038146973,10.960000038146973,184700
2010-04-21,10.979999542236328,10.979999542236328,10.569999694824219,10.970000267028809,10.970000267028809,194700
2010-04-22,10.850000381469727,11.100000381469727,10.75,11.010000228881836,11.010000228881836,286500
2010-04-23,11.069999694824219,11.199999809265137,10.390000343322754,10.569999694824219,10.569999694824219,396700
2010-04-26,10.550000190734863,10.699999809265137,10.350000381469727,10.569999694824219,10.569999694824219,200800
2010-04-27,10.550000190734863,10.850000381469727,10.550000190734863,10.770000457763672,10.770000457763672,386500
2010-04-28,10.850000381469727,10.960000038146973,10.720000267028809,10.949999809265137,10.949999809265137,179100
2010-04-29,11.0,11.369999885559082,10.930000305175781,11.3100004196167,11.3100004196167,318000
2010-04-30,11.3100004196167,11.380000114440918,10.819999694824219,10.949999809265137,10.949999809265137,738800
2010-05-03,10.949999809265137,11.390000343322754,10.930000305175781,11.350000381469727,11.350000381469727,315200
2010-05-04,11.1899995803833,11.1899995803833,10.739999771118164,10.869999885559082,10.869999885559082,291100
2010-05-05,10.649999618530273,10.899999618530273,10.300000190734863,10.520000457763672,10.520000457763672,267200
2010-05-06,10.300000190734863,10.329999923706055,9.710000038146973,9.880000114440918,9.880000114440918,703800
2010-05-07,9.880000114440918,10.15999984741211,9.149999618530273,9.270000457763672,9.270000457763672,642900
2010-05-10,9.850000381469727,9.850000381469727,9.399999618530273,9.520000457763672,9.520000457763672,412800
2010-05-11,9.40999984741211,10.220000267028809,9.279999732971191,10.069999694824219,10.069999694824219,321700
2010-05-12,10.130000114440918,10.710000038146973,10.130000114440918,10.670000076293945,10.670000076293945,230800
2010-05-13,10.699999809265137,11.260000228881836,10.699999809265137,10.920000076293945,10.920000076293945,203100
2010-05-14,10.819999694824219,11.010000228881836,10.6899995803833,10.949999809265137,10.949999809265137,237700
2010-05-17,10.960000038146973,11.15999984741211,10.59000015258789,10.970000267028809,10.970000267028809,242700
2010-05-18,11.130000114440918,11.199999809265137,10.619999885559082,10.680000305175781,10.680000305175781,156400
2010-05-19,10.710000038146973,11.15999984741211,10.710000038146973,10.930000305175781,10.930000305175781,433900
2010-05-20,10.670000076293945,10.829999923706055,10.130000114440918,10.220000267028809,10.220000267028809,525300
2010-05-21,10.020000457763672,10.350000381469727,9.729999542236328,10.319999694824219,10.319999694824219,512400
2010-05-24,10.279999732971191,10.279999732971191,9.920000076293945,9.949999809265137,9.949999809265137,206700
2010-05-25,9.670000076293945,10.130000114440918,9.539999961853027,10.09000015258789,10.09000015258789,310100
2010-05-26,10.119999885559082,10.5600004196167,9.899999618530273,9.949999809265137,9.949999809265137,308500
2010-05-27,10.220000267028809,10.430000305175781,9.970000267028809,10.390000343322754,10.390000343322754,202800
2010-05-28,10.329999923706055,10.600000381469727,10.09000015258789,10.529999732971191,10.529999732971191,222100
2010-06-01,10.34000015258789,10.350000381469727,9.329999923706055,9.800000190734863,9.800000190734863,851700
2010-06-02,9.8100004196167,10.289999961853027,9.699999809265137,10.25,10.25,622800
2010-06-03,10.210000038146973,10.5,10.140000343322754,10.380000114440918,10.380000114440918,249400
2010-06-04,10.0600004196167,10.449999809265137,9.5600004196167,9.59000015258789,9.59000015258789,302600
2010-06-07,9.640000343322754,9.829999923706055,9.239999771118164,9.289999961853027,9.289999961853027,368900
2010-06-08,9.319999694824219,9.420000076293945,8.920000076293945,9.220000267028809,9.220000267028809,241100
2010-06-09,9.350000381469727,9.970000267028809,9.260000228881836,9.729999542236328,9.729999542236328,531200
2010-06-10,9.920000076293945,9.979999542236328,9.600000381469727,9.8100004196167,9.8100004196167,418600
2010-06-11,9.619999885559082,10.130000114440918,9.619999885559082,10.130000114440918,10.130000114440918,346100
2010-06-14,10.260000228881836,10.40999984741211,10.039999961853027,10.130000114440918,10.130000114440918,300700
2010-06-15,10.210000038146973,10.600000381469727,10.010000228881836,10.5600004196167,10.5600004196167,407100
2010-06-16,10.510000228881836,11.729999542236328,10.3100004196167,11.649999618530273,11.649999618530273,980400
2010-06-17,11.729999542236328,11.739999771118164,11.220000267028809,11.390000343322754,11.390000343322754,316600
2010-06-18,11.40999984741211,11.5,11.1899995803833,11.470000267028809,11.470000267028809,530400
2010-06-21,11.600000381469727,11.899999618530273,11.359999656677246,11.460000038146973,11.460000038146973,247400
2010-06-22,11.470000267028809,11.640000343322754,11.109999656677246,11.140000343322754,11.140000343322754,226700
2010-06-23,11.130000114440918,11.289999961853027,10.869999885559082,11.09000015258789,11.09000015258789,148600
2010-06-24,10.989999771118164,11.100000381469727,10.75,10.789999961853027,10.789999961853027,337600
2010-06-25,10.84000015258789,11.180000305175781,10.529999732971191,11.180000305175781,11.180000305175781,839300
2010-06-28,11.010000228881836,11.600000381469727,10.899999618530273,11.40999984741211,11.40999984741211,343200
2010-06-29,11.199999809265137,11.34000015258789,10.949999809265137,11.100000381469727,11.100000381469727,311100
2010-06-30,11.130000114440918,12.020000457763672,11.100000381469727,11.5600004196167,11.5600004196167,475000
2010-07-01,11.550000190734863,11.550000190734863,10.680000305175781,11.289999961853027,11.289999961853027,428600
2010-07-02,11.399999618530273,11.609999656677246,11.079999923706055,11.460000038146973,11.460000038146973,254900
2010-07-06,11.619999885559082,11.770000457763672,10.890000343322754,11.029999732971191,11.029999732971191,813500
2010-07-07,11.109999656677246,11.390000343322754,11.010000228881836,11.369999885559082,11.369999885559082,232200
2010-07-08,11.479999542236328,11.479999542236328,11.029999732971191,11.239999771118164,11.239999771118164,473500
2010-07-09,11.1899995803833,11.489999771118164,11.100000381469727,11.449999809265137,11.449999809265137,260200
2010-07-12,11.430000305175781,11.5600004196167,11.039999961853027,11.069999694824219,11.069999694824219,261700
2010-07-13,11.25,11.350000381469727,11.109999656677246,11.300000190734863,11.300000190734863,249800
2010-07-14,11.220000267028809,11.600000381469727,11.210000038146973,11.550000190734863,11.550000190734863,268900
2010-07-15,11.550000190734863,11.550000190734863,11.210000038146973,11.319999694824219,11.319999694824219,235700
2010-07-16,11.1899995803833,11.210000038146973,10.819999694824219,10.880000114440918,10.880000114440918,269300
2010-07-19,10.920000076293945,11.050000190734863,10.770000457763672,10.970000267028809,10.970000267028809,211700
2010-07-20,10.789999961853027,11.140000343322754,10.789999961853027,11.130000114440918,11.130000114440918,128000
2010-07-21,11.239999771118164,11.260000228881836,10.739999771118164,10.760000228881836,10.760000228881836,182700
2010-07-22,10.970000267028809,11.25,10.970000267028809,11.1899995803833,11.1899995803833,729800
2010-07-23,11.130000114440918,11.630000114440918,10.789999961853027,11.5,11.5,502500
2010-07-26,11.579999923706055,11.850000381469727,11.5,11.800000190734863,11.800000190734863,698800
2010-07-27,11.899999618530273,12.0600004196167,11.770000457763672,11.899999618530273,11.899999618530273,663000
2010-07-28,11.84000015258789,11.84000015258789,11.460000038146973,11.479999542236328,11.479999542236328,282500
2010-07-29,11.630000114440918,11.649999618530273,11.050000190734863,11.119999885559082,11.119999885559082,370200
2010-07-30,10.920000076293945,11.3100004196167,10.90999984741211,11.15999984741211,11.15999984741211,337700
2010-08-02,11.329999923706055,11.6899995803833,11.289999961853027,11.640000343322754,11.640000343322754,236700
2010-08-03,11.609999656677246,11.869999885559082,11.369999885559082,11.720000267028809,11.720000267028809,267200
2010-08-04,12.029999732971191,12.350000381469727,11.770000457763672,12.260000228881836,12.260000228881836,459200
2010-08-05,12.109999656677246,12.109999656677246,11.84000015258789,11.899999618530273,11.899999618530273,243100
2010-08-06,11.739999771118164,11.739999771118164,11.34000015258789,11.710000038146973,11.710000038146973,240100
2010-08-09,11.8100004196167,12.069999694824219,11.630000114440918,12.050000190734863,12.050000190734863,308800
2010-08-10,11.880000114440918,12.399999618530273,11.8100004196167,12.329999923706055,12.329999923706055,515900
2010-08-11,12.010000228881836,12.34000015258789,12.010000228881836,12.09000015258789,12.09000015258789,405200
2010-08-12,11.890000343322754,12.229999542236328,11.720000267028809,12.149999618530273,12.149999618530273,397000
2010-08-13,12.100000381469727,12.5600004196167,12.09000015258789,12.279999732971191,12.279999732971191,491600
2010-08-16,12.170000076293945,12.829999923706055,12.170000076293945,12.729999542236328,12.729999542236328,791400
2010-08-17,12.930000305175781,13.3100004196167,12.5600004196167,12.59000015258789,12.59000015258789,496400
2010-08-18,12.609999656677246,12.979999542236328,12.289999961853027,12.670000076293945,12.670000076293945,425300
2010-08-19,12.5600004196167,12.75,12.239999771118164,12.449999809265137,12.449999809265137,361000
2010-08-20,12.350000381469727,12.579999923706055,12.039999961853027,12.479999542236328,12.479999542236328,306300
2010-08-23,12.5,12.699999809265137,12.199999809265137,12.5,12.5,539900
2010-08-24,12.329999923706055,12.489999771118164,12.050000190734863,12.109999656677246,12.109999656677246,389100
2010-08-25,12.020000457763672,12.420000076293945,12.020000457763672,12.359999656677246,12.359999656677246,306700
2010-08-26,12.390000343322754,12.640000343322754,12.100000381469727,12.239999771118164,12.239999771118164,192600
2010-08-27,12.4399995803833,12.800000190734863,12.149999618530273,12.739999771118164,12.739999771118164,405500
2010-08-30,12.720000267028809,12.9399995803833,12.609999656677246,12.619999885559082,12.619999885559082,226600
2010-08-31,12.569999694824219,12.850000381469727,12.229999542236328,12.229999542236328,12.229999542236328,541000
2010-09-01,12.470000267028809,12.880000114440918,12.470000267028809,12.819999694824219,12.819999694824219,437700
2010-09-02,12.779999732971191,13.130000114440918,12.649999618530273,13.100000381469727,13.100000381469727,262700
2010-09-03,13.199999809265137,13.430000305175781,12.770000457763672,13.109999656677246,13.109999656677246,282800
2010-09-07,13.09000015258789,13.270000457763672,12.899999618530273,12.970000267028809,12.970000267028809,289800
2010-09-08,12.949999809265137,13.399999618530273,12.949999809265137,13.119999885559082,13.119999885559082,265900
2010-09-09,13.350000381469727,13.670000076293945,13.220000267028809,13.479999542236328,13.479999542236328,289100
2010-09-10,13.489999771118164,13.5600004196167,12.989999771118164,13.069999694824219,13.069999694824219,273900
2010-09-13,13.260000228881836,13.359999656677246,12.979999542236328,13.220000267028809,13.220000267028809,462100
2010-09-14,13.170000076293945,13.34000015258789,13.079999923706055,13.119999885559082,13.119999885559082,232900
2010-09-15,13.100000381469727,13.489999771118164,13.0600004196167,13.40999984741211,13.40999984741211,301400
2010-09-16,13.40999984741211,13.40999984741211,13.130000114440918,13.289999961853027,13.289999961853027,176200
2010-09-17,13.460000038146973,13.5,13.039999961853027,13.350000381469727,13.350000381469727,491800
2010-09-20,13.430000305175781,13.880000114440918,13.300000190734863,13.829999923706055,13.829999923706055,340700
2010-09-21,13.859999656677246,13.949999809265137,13.65999984741211,13.800000190734863,13.800000190734863,581100
2010-09-22,13.779999732971191,13.989999771118164,13.729999542236328,13.850000381469727,13.850000381469727,293100
2010-09-23,13.699999809265137,13.930000305175781,13.430000305175781,13.600000381469727,13.600000381469727,276000
2010-09-24,13.819999694824219,14.180000305175781,13.649999618530273,14.0600004196167,14.0600004196167,419100
2010-09-27,14.100000381469727,14.100000381469727,13.619999885559082,13.670000076293945,13.670000076293945,254000
2010-09-28,13.670000076293945,13.850000381469727,13.369999885559082,13.529999732971191,13.529999732971191,455400
2010-09-29,13.449999809265137,13.600000381469727,13.380000114440918,13.390000343322754,13.390000343322754,316000
2010-09-30,13.529999732971191,13.529999732971191,12.890000343322754,13.220000267028809,13.220000267028809,494700
2010-10-01,13.359999656677246,13.359999656677246,13.0600004196167,13.260000228881836,13.260000228881836,277500
2010-10-04,13.260000228881836,13.399999618530273,13.0,13.270000457763672,13.270000457763672,224300
2010-10-05,13.399999618530273,13.489999771118164,13.210000038146973,13.289999961853027,13.289999961853027,633200
2010-10-06,13.289999961853027,13.430000305175781,13.180000305175781,13.319999694824219,13.319999694824219,241400
2010-10-07,13.40999984741211,13.420000076293945,13.210000038146973,13.359999656677246,13.359999656677246,291200
2010-10-08,13.329999923706055,13.739999771118164,13.210000038146973,13.649999618530273,13.649999618530273,461500
2010-10-11,13.640000343322754,14.289999961853027,13.640000343322754,14.050000190734863,14.050000190734863,320300
2010-10-12,13.960000038146973,14.109999656677246,13.800000190734863,14.0,14.0,202100
2010-10-13,14.069999694824219,14.470000267028809,13.930000305175781,14.289999961853027,14.289999961853027,422800
2010-10-14,14.25,14.470000267028809,14.010000228881836,14.199999809265137,14.199999809265137,324000
2010-10-15,14.390000343322754,14.390000343322754,13.90999984741211,14.100000381469727,14.100000381469727,219800
2010-10-18,14.180000305175781,14.359999656677246,14.0,14.350000381469727,14.350000381469727,161500
2010-10-19,14.100000381469727,14.470000267028809,14.0,14.130000114440918,14.130000114440918,280300
2010-10-20,14.1899995803833,14.390000343322754,13.949999809265137,14.069999694824219,14.069999694824219,281900
2010-10-21,14.180000305175781,14.210000038146973,13.710000038146973,13.829999923706055,13.829999923706055,287200
2010-10-22,13.869999885559082,14.149999618530273,13.720000267028809,14.149999618530273,14.149999618530273,153500
2010-10-25,14.300000190734863,14.319999694824219,13.859999656677246,14.0600004196167,14.0600004196167,259500
2010-10-26,14.020000457763672,14.329999923706055,13.9399995803833,14.149999618530273,14.149999618530273,201600
2010-10-27,14.0600004196167,14.239999771118164,13.880000114440918,14.010000228881836,14.010000228881836,252400
2010-10-28,14.15999984741211,14.15999984741211,13.819999694824219,13.859999656677246,13.859999656677246,137800
2010-10-29,13.880000114440918,14.020000457763672,13.729999542236328,13.789999961853027,13.789999961853027,166000
2010-11-01,13.8100004196167,13.979999542236328,13.399999618530273,13.539999961853027,13.539999961853027,366100
2010-11-02,13.729999542236328,13.960000038146973,13.539999961853027,13.850000381469727,13.850000381469727,226200
2010-11-03,13.819999694824219,14.0,13.680000305175781,13.90999984741211,13.90999984741211,236800
2010-11-04,14.119999885559082,14.350000381469727,13.8100004196167,13.90999984741211,13.90999984741211,410100
2010-11-05,10.25,11.6899995803833,9.90999984741211,10.850000381469727,10.850000381469727,7376500
2010-11-08,10.779999732971191,11.09000015258789,10.229999542236328,11.010000228881836,11.010000228881836,1119600
2010-11-09,11.279999732971191,12.100000381469727,11.210000038146973,11.920000076293945,11.920000076293945,2775600
2010-11-10,11.960000038146973,12.15999984741211,11.609999656677246,12.140000343322754,12.140000343322754,658900
2010-11-11,12.0,12.100000381469727,11.800000190734863,11.90999984741211,11.90999984741211,503400
2010-11-12,11.800000190734863,11.970000267028809,11.65999984741211,11.710000038146973,11.710000038146973,388200
2010-11-15,11.720000267028809,11.960000038146973,11.720000267028809,11.880000114440918,11.880000114440918,258300
2010-11-16,11.850000381469727,12.100000381469727,11.699999809265137,11.850000381469727,11.850000381469727,469300
2010-11-17,11.920000076293945,11.920000076293945,11.59000015258789,11.649999618530273,11.649999618530273,414300
2010-11-18,11.770000457763672,11.979999542236328,11.65999984741211,11.890000343322754,11.890000343322754,301400
2010-11-19,11.90999984741211,12.380000114440918,11.899999618530273,11.930000305175781,11.930000305175781,457400
2010-11-22,11.84000015258789,12.140000343322754,11.6899995803833,11.869999885559082,11.869999885559082,236100
2010-11-23,11.729999542236328,11.859999656677246,11.609999656677246,11.8100004196167,11.8100004196167,196200
2010-11-24,11.880000114440918,11.989999771118164,11.789999961853027,11.960000038146973,11.960000038146973,215600
2010-11-26,11.859999656677246,11.949999809265137,11.789999961853027,11.880000114440918,11.880000114440918,78300
2010-11-29,11.789999961853027,11.819999694824219,11.239999771118164,11.489999771118164,11.489999771118164,523200
2010-11-30,11.380000114440918,11.619999885559082,11.229999542236328,11.279999732971191,11.279999732971191,487000
2010-12-01,11.520000457763672,12.109999656677246,11.520000457763672,11.90999984741211,11.90999984741211,430000
2010-12-02,11.9399995803833,12.0,11.720000267028809,11.75,11.75,267400
2010-12-03,11.680000305175781,11.890000343322754,11.680000305175781,11.800000190734863,11.800000190734863,203000
2010-12-06,11.75,12.050000190734863,11.75,12.0,12.0,237000
2010-12-07,11.890000343322754,12.350000381469727,11.779999732971191,12.15999984741211,12.15999984741211,337200
2010-12-08,12.210000038146973,12.329999923706055,12.029999732971191,12.109999656677246,12.109999656677246,280800
2010-12-09,12.199999809265137,12.289999961853027,12.010000228881836,12.15999984741211,12.15999984741211,200100
2010-12-10,12.210000038146973,12.260000228881836,12.130000114440918,12.199999809265137,12.199999809265137,426800
2010-12-13,12.229999542236328,12.270000457763672,12.069999694824219,12.069999694824219,12.069999694824219,189200
2010-12-14,12.079999923706055,12.960000038146973,12.0,12.960000038146973,12.960000038146973,446700
2010-12-15,12.880000114440918,13.050000190734863,12.789999961853027,12.829999923706055,12.829999923706055,357500
2010-12-16,12.880000114440918,13.229999542236328,12.880000114440918,13.140000343322754,13.140000343322754,416600
2010-12-17,13.109999656677246,13.199999809265137,12.850000381469727,13.109999656677246,13.109999656677246,813000
2010-12-20,13.149999618530273,13.600000381469727,13.149999618530273,13.520000457763672,13.520000457763672,318500
2010-12-21,13.600000381469727,13.699999809265137,13.430000305175781,13.619999885559082,13.619999885559082,157400
2010-12-22,13.600000381469727,13.829999923706055,13.510000228881836,13.819999694824219,13.819999694824219,200600
2010-12-23,13.4399995803833,13.960000038146973,13.390000343322754,13.609999656677246,13.609999656677246,323200
2010-12-27,13.619999885559082,13.779999732971191,13.5,13.710000038146973,13.710000038146973,112500
2010-12-28,13.760000228881836,13.800000190734863,13.539999961853027,13.739999771118164,13.739999771118164,92300
2010-12-29,13.739999771118164,13.979999542236328,13.59000015258789,13.960000038146973,13.960000038146973,173900
2010-12-30,13.90999984741211,14.050000190734863,13.640000343322754,13.770000457763672,13.770000457763672,201200
2010-12-31,13.770000457763672,13.979999542236328,13.510000228881836,13.649999618530273,13.649999618530273,194300
2011-01-03,13.739999771118164,13.770000457763672,13.470000267028809,13.710000038146973,13.710000038146973,607600
2011-01-04,13.770000457763672,13.84000015258789,13.140000343322754,13.319999694824219,13.319999694824219,318200
2011-01-05,13.329999923706055,13.699999809265137,13.3100004196167,13.699999809265137,13.699999809265137,238100
2011-01-06,13.670000076293945,13.770000457763672,13.5600004196167,13.699999809265137,13.699999809265137,159200
2011-01-07,13.760000228881836,13.829999923706055,13.569999694824219,13.729999542236328,13.729999542236328,216500
2011-01-10,13.619999885559082,13.739999771118164,13.430000305175781,13.699999809265137,13.699999809265137,225500
2011-01-11,13.710000038146973,14.050000190734863,13.619999885559082,14.010000228881836,14.010000228881836,348600
2011-01-12,14.0,15.199999809265137,14.0,15.170000076293945,15.170000076293945,1601700
2011-01-13,15.069999694824219,15.520000457763672,14.859999656677246,15.420000076293945,15.420000076293945,928800
2011-01-14,15.470000267028809,15.609999656677246,15.220000267028809,15.390000343322754,15.390000343322754,787200
2011-01-18,15.449999809265137,16.049999237060547,15.220000267028809,15.789999961853027,15.789999961853027,606500
2011-01-19,15.800000190734863,16.059999465942383,14.819999694824219,15.119999885559082,15.119999885559082,818600
2011-01-20,15.0,15.010000228881836,14.649999618530273,14.720000267028809,14.720000267028809,662400
2011-01-21,14.770000457763672,14.930000305175781,14.319999694824219,14.399999618530273,14.399999618530273,493000
2011-01-24,14.369999885559082,14.9399995803833,14.369999885559082,14.760000228881836,14.760000228881836,209800
2011-01-25,14.710000038146973,14.920000076293945,14.34000015258789,14.5,14.5,216100
2011-01-26,14.380000114440918,14.880000114440918,14.380000114440918,14.5,14.5,613400
2011-01-27,14.510000228881836,14.779999732971191,14.40999984741211,14.489999771118164,14.489999771118164,308500
2011-01-28,14.460000038146973,14.5,13.729999542236328,14.100000381469727,14.100000381469727,549800
2011-01-31,14.210000038146973,14.470000267028809,13.949999809265137,14.109999656677246,14.109999656677246,370500
2011-02-01,14.140000343322754,14.539999961853027,14.0600004196167,14.130000114440918,14.130000114440918,495300
2011-02-02,14.100000381469727,14.289999961853027,13.8100004196167,13.859999656677246,13.859999656677246,533900
2011-02-03,13.869999885559082,14.140000343322754,13.770000457763672,14.140000343322754,14.140000343322754,194100
2011-02-04,14.170000076293945,14.529999732971191,14.010000228881836,14.319999694824219,14.319999694824219,146400
2011-02-07,14.279999732971191,14.739999771118164,14.239999771118164,14.569999694824219,14.569999694824219,252600
2011-02-08,14.529999732971191,14.710000038146973,14.140000343322754,14.65999984741211,14.65999984741211,459900
2011-02-09,14.579999923706055,14.949999809265137,14.350000381469727,14.75,14.75,255700
2011-02-10,14.600000381469727,14.770000457763672,14.449999809265137,14.729999542236328,14.729999542236328,216800
2011-02-11,14.640000343322754,14.760000228881836,14.529999732971191,14.75,14.75,135600
2011-02-14,14.699999809265137,14.880000114440918,14.609999656677246,14.6899995803833,14.6899995803833,172900
2011-02-15,14.6899995803833,14.800000190734863,14.5,14.65999984741211,14.65999984741211,202300
2011-02-16,14.680000305175781,14.75,14.520000457763672,14.720000267028809,14.720000267028809,188300
2011-02-17,14.729999542236328,14.9399995803833,14.520000457763672,14.920000076293945,14.920000076293945,213000
2011-02-18,14.979999542236328,14.979999542236328,14.489999771118164,14.819999694824219,14.819999694824219,283700
2011-02-22,14.619999885559082,14.789999961853027,14.270000457763672,14.350000381469727,14.350000381469727,207600
2011-02-23,14.319999694824219,14.489999771118164,13.9399995803833,14.170000076293945,14.170000076293945,318000
2011-02-24,14.1899995803833,14.25,14.010000228881836,14.239999771118164,14.239999771118164,246700
2011-02-25,14.40999984741211,14.75,14.300000190734863,14.729999542236328,14.729999542236328,208200
2011-02-28,14.84000015258789,15.039999961853027,14.319999694824219,14.630000114440918,14.630000114440918,212900
2011-03-01,14.710000038146973,14.930000305175781,14.140000343322754,14.180000305175781,14.180000305175781,297100
2011-03-02,14.130000114440918,14.359999656677246,13.970000267028809,14.34000015258789,14.34000015258789,363300
2011-03-03,14.489999771118164,14.770000457763672,14.380000114440918,14.579999923706055,14.579999923706055,225100
2011-03-04,14.729999542236328,15.270000457763672,14.649999618530273,15.130000114440918,15.130000114440918,849000
2011-03-07,15.15999984741211,15.15999984741211,14.050000190734863,14.40999984741211,14.40999984741211,389000
2011-03-08,14.380000114440918,14.510000228881836,14.09000015258789,14.300000190734863,14.300000190734863,299800
2011-03-09,14.220000267028809,14.390000343322754,14.039999961853027,14.239999771118164,14.239999771118164,201100
2011-03-10,14.050000190734863,14.470000267028809,13.729999542236328,13.899999618530273,13.899999618530273,486500
2011-03-11,13.869999885559082,13.960000038146973,13.65999984741211,13.869999885559082,13.869999885559082,399500
2011-03-14,13.520000457763672,13.880000114440918,13.5,13.600000381469727,13.600000381469727,319800
2011-03-15,13.119999885559082,13.5,13.0,13.399999618530273,13.399999618530273,388400
2011-03-16,13.359999656677246,13.529999732971191,13.109999656677246,13.359999656677246,13.359999656677246,587400
2011-03-17,13.5,13.6899995803833,13.279999732971191,13.300000190734863,13.300000190734863,252800
2011-03-18,13.399999618530273,13.420000076293945,13.210000038146973,13.350000381469727,13.350000381469727,289800
2011-03-21,14.0,14.289999961853027,13.880000114440918,14.260000228881836,14.260000228881836,699600
2011-03-22,14.260000228881836,14.5600004196167,14.260000228881836,14.510000228881836,14.510000228881836,363400
2011-03-23,14.5,14.630000114440918,14.260000228881836,14.279999732971191,14.279999732971191,355700
2011-03-24,14.399999618530273,14.5600004196167,14.180000305175781,14.529999732971191,14.529999732971191,249000
2011-03-25,14.630000114440918,14.880000114440918,14.550000190734863,14.640000343322754,14.640000343322754,312500
2011-03-28,14.739999771118164,15.010000228881836,14.649999618530273,14.829999923706055,14.829999923706055,378900
2011-03-29,15.039999961853027,15.65999984741211,14.960000038146973,15.609999656677246,15.609999656677246,635700
2011-03-30,15.619999885559082,15.869999885559082,15.449999809265137,15.75,15.75,268200
2011-03-31,15.770000457763672,15.890000343322754,15.510000228881836,15.520000457763672,15.520000457763672,256200
2011-04-01,15.630000114440918,16.270000457763672,15.5600004196167,16.270000457763672,16.270000457763672,593900
2011-04-04,16.360000610351562,16.530000686645508,16.110000610351562,16.139999389648438,16.139999389648438,240400
2011-04-05,16.139999389648438,16.420000076293945,15.960000038146973,16.360000610351562,16.360000610351562,330900
2011-04-06,16.3700008392334,16.65999984741211,16.190000534057617,16.5,16.5,357900
2011-04-07,16.469999313354492,16.850000381469727,16.309999465942383,16.309999465942383,16.309999465942383,545900
2011-04-08,16.450000762939453,16.649999618530273,16.18000030517578,16.209999084472656,16.209999084472656,467700
2011-04-11,16.18000030517578,16.5,16.06999969482422,16.350000381469727,16.350000381469727,202300
2011-04-12,16.25,16.329999923706055,16.0,16.100000381469727,16.100000381469727,217500
2011-04-13,16.170000076293945,16.260000228881836,16.0,16.25,16.25,173800
2011-04-14,16.049999237060547,16.1200008392334,15.770000457763672,15.960000038146973,15.960000038146973,398000
2011-04-15,15.869999885559082,16.079999923706055,15.649999618530273,16.010000228881836,16.010000228881836,527400
2011-04-18,15.779999732971191,15.9399995803833,15.510000228881836,15.779999732971191,15.779999732971191,334200
2011-04-19,15.829999923706055,15.890000343322754,15.359999656677246,15.8100004196167,15.8100004196167,592600
2011-04-20,16.049999237060547,16.59000015258789,15.9399995803833,16.579999923706055,16.579999923706055,569800
2011-04-21,16.729999542236328,16.770000457763672,16.270000457763672,16.389999389648438,16.389999389648438,146200
2011-04-25,16.309999465942383,16.520000457763672,16.0,16.489999771118164,16.489999771118164,189900
2011-04-26,16.520000457763672,16.84000015258789,16.260000228881836,16.260000228881836,16.260000228881836,319000
2011-04-27,16.25,16.3700008392334,15.960000038146973,16.350000381469727,16.350000381469727,218400
2011-04-28,16.34000015258789,16.68000030517578,16.34000015258789,16.65999984741211,16.65999984741211,145500
2011-04-29,16.729999542236328,16.829999923706055,16.59000015258789,16.649999618530273,16.649999618530273,472000
2011-05-02,16.690000534057617,16.8700008392334,16.59000015258789,16.719999313354492,16.719999313354492,500900
2011-05-03,16.690000534057617,16.90999984741211,16.1299991607666,16.5,16.5,347800
2011-05-04,16.469999313354492,16.709999084472656,16.25,16.420000076293945,16.420000076293945,615800
2011-05-05,15.25,15.399999618530273,14.729999542236328,14.899999618530273,14.899999618530273,2420200
2011-05-06,15.039999961853027,15.170000076293945,14.890000343322754,15.010000228881836,15.010000228881836,846800
2011-05-09,14.979999542236328,15.1899995803833,14.90999984741211,15.079999923706055,15.079999923706055,636500
2011-05-10,15.199999809265137,15.390000343322754,15.109999656677246,15.329999923706055,15.329999923706055,415500
2011-05-11,15.300000190734863,15.420000076293945,15.1899995803833,15.319999694824219,15.319999694824219,394400
2011-05-12,15.199999809265137,15.670000076293945,15.1899995803833,15.600000381469727,15.600000381469727,501000
2011-05-13,15.630000114440918,15.699999809265137,15.149999618530273,15.399999618530273,15.399999618530273,278900
2011-05-16,15.260000228881836,15.430000305175781,15.100000381469727,15.25,15.25,296000
2011-05-17,15.149999618530273,15.279999732971191,14.960000038146973,15.140000343322754,15.140000343322754,275200
2011-05-18,15.0,15.569999694824219,14.979999542236328,15.3100004196167,15.3100004196167,384400
2011-05-19,15.449999809265137,15.5,15.149999618530273,15.449999809265137,15.449999809265137,381900
2011-05-20,15.34000015258789,15.479999542236328,15.1899995803833,15.399999618530273,15.399999618530273,269600
2011-05-23,15.119999885559082,15.199999809265137,14.829999923706055,15.039999961853027,15.039999961853027,234500
2011-05-24,15.0600004196167,15.069999694824219,14.460000038146973,14.600000381469727,14.600000381469727,403000
2011-05-25,14.539999961853027,15.079999923706055,14.510000228881836,14.979999542236328,14.979999542236328,375800
2011-05-26,15.0,15.319999694824219,14.84000015258789,15.25,15.25,347500
2011-05-27,15.350000381469727,15.399999618530273,15.220000267028809,15.300000190734863,15.300000190734863,182400
2011-05-31,15.399999618530273,15.789999961853027,15.279999732971191,15.770000457763672,15.770000457763672,960600
2011-06-01,15.729999542236328,15.75,15.100000381469727,15.170000076293945,15.170000076293945,405900
2011-06-02,15.029999732971191,15.569999694824219,14.829999923706055,15.0,15.0,536800
2011-06-03,14.75,15.050000190734863,14.489999771118164,14.59000015258789,14.59000015258789,492500
2011-06-06,14.5600004196167,14.670000076293945,14.029999732971191,14.09000015258789,14.09000015258789,392600
2011-06-07,14.210000038146973,14.420000076293945,14.100000381469727,14.100000381469727,14.100000381469727,202400
2011-06-08,14.050000190734863,14.199999809265137,13.859999656677246,13.90999984741211,13.90999984741211,285000
2011-06-09,13.989999771118164,14.130000114440918,13.880000114440918,14.010000228881836,14.010000228881836,302300
2011-06-10,13.90999984741211,14.010000228881836,13.399999618530273,13.5,13.5,364900
2011-06-13,13.569999694824219,13.619999885559082,13.180000305175781,13.210000038146973,13.210000038146973,246100
2011-06-14,13.369999885559082,13.59000015258789,13.260000228881836,13.5600004196167,13.5600004196167,241300
2011-06-15,13.390000343322754,13.539999961853027,13.010000228881836,13.050000190734863,13.050000190734863,517800
2011-06-16,13.050000190734863,13.430000305175781,12.899999618530273,13.15999984741211,13.15999984741211,1425100
2011-06-17,13.329999923706055,13.649999618530273,13.260000228881836,13.399999618530273,13.399999618530273,677400
2011-06-20,13.359999656677246,13.829999923706055,13.350000381469727,13.720000267028809,13.720000267028809,484200
2011-06-21,13.869999885559082,14.569999694824219,13.75,14.539999961853027,14.539999961853027,725900
2011-06-22,14.420000076293945,15.079999923706055,14.420000076293945,14.699999809265137,14.699999809265137,792800
2011-06-23,14.479999542236328,14.699999809265137,14.279999732971191,14.680000305175781,14.680000305175781,289600
2011-06-24,14.680000305175781,14.869999885559082,14.420000076293945,14.600000381469727,14.600000381469727,760800
2011-06-27,14.539999961853027,14.869999885559082,14.350000381469727,14.789999961853027,14.789999961853027,853500
2011-06-28,14.819999694824219,14.829999923706055,14.619999885559082,14.739999771118164,14.739999771118164,524700
2011-06-29,14.800000190734863,14.800000190734863,14.449999809265137,14.489999771118164,14.489999771118164,333200
2011-06-30,14.5,14.630000114440918,14.4399995803833,14.489999771118164,14.489999771118164,484600
2011-07-01,14.510000228881836,14.949999809265137,14.470000267028809,14.609999656677246,14.609999656677246,721600
2011-07-05,14.649999618530273,14.970000267028809,14.529999732971191,14.930000305175781,14.930000305175781,491700
2011-07-06,14.869999885559082,15.100000381469727,14.770000457763672,14.970000267028809,14.970000267028809,310400
2011-07-07,15.119999885559082,15.59000015258789,15.029999732971191,15.529999732971191,15.529999732971191,600100
2011-07-08,15.220000267028809,15.5,15.170000076293945,15.470000267028809,15.470000267028809,230000
2011-07-11,15.270000457763672,15.5,15.09000015258789,15.1899995803833,15.1899995803833,350200
2011-07-12,15.109999656677246,15.510000228881836,15.100000381469727,15.210000038146973,15.210000038146973,491800
2011-07-13,15.289999961853027,15.479999542236328,15.270000457763672,15.34000015258789,15.34000015258789,258300
2011-07-14,15.369999885559082,15.640000343322754,15.229999542236328,15.5600004196167,15.5600004196167,1045200
2011-07-15,15.630000114440918,15.770000457763672,15.479999542236328,15.65999984741211,15.65999984741211,415700
2011-07-18,15.619999885559082,15.649999618530273,15.479999542236328,15.630000114440918,15.630000114440918,526200
2011-07-19,15.399999618530273,15.479999542236328,15.09000015258789,15.260000228881836,15.260000228881836,1151500
2011-07-20,15.3100004196167,15.470000267028809,15.119999885559082,15.3100004196167,15.3100004196167,692800
2011-07-21,15.399999618530273,15.539999961853027,15.210000038146973,15.4399995803833,15.4399995803833,325400
2011-07-22,15.470000267028809,15.470000267028809,15.3100004196167,15.430000305175781,15.430000305175781,114600
2011-07-25,15.329999923706055,15.4399995803833,15.170000076293945,15.1899995803833,15.1899995803833,450800
2011-07-26,15.25,15.520000457763672,14.5600004196167,14.619999885559082,14.619999885559082,679400
2011-07-27,14.510000228881836,14.510000228881836,13.920000076293945,14.09000015258789,14.09000015258789,581800
2011-07-28,14.020000457763672,14.319999694824219,14.0,14.170000076293945,14.170000076293945,384800
2011-07-29,14.079999923706055,14.300000190734863,13.989999771118164,14.180000305175781,14.180000305175781,410800
2011-08-01,14.40999984741211,14.539999961853027,13.819999694824219,14.130000114440918,14.130000114440918,531600
2011-08-02,14.100000381469727,14.329999923706055,13.300000190734863,13.300000190734863,13.300000190734863,715200
2011-08-03,13.4399995803833,13.619999885559082,12.829999923706055,13.390000343322754,13.390000343322754,928500
2011-08-04,12.4399995803833,12.760000228881836,10.960000038146973,10.960000038146973,10.960000038146973,2496900
2011-08-05,11.1899995803833,11.479999542236328,10.770000457763672,11.239999771118164,11.239999771118164,1172100
2011-08-08,10.8100004196167,11.210000038146973,10.25,10.300000190734863,10.300000190734863,1181400
2011-08-09,10.65999984741211,11.180000305175781,9.829999923706055,11.15999984741211,11.15999984741211,1044900
2011-08-10,11.539999961853027,11.539999961853027,10.270000457763672,10.3100004196167,10.3100004196167,800000
2011-08-11,10.399999618530273,11.130000114440918,10.260000228881836,10.949999809265137,10.949999809265137,578100
2011-08-12,11.100000381469727,11.25,10.789999961853027,11.140000343322754,11.140000343322754,461500
2011-08-15,11.3100004196167,11.59000015258789,11.130000114440918,11.539999961853027,11.539999961853027,413800
2011-08-16,11.609999656677246,11.6899995803833,11.239999771118164,11.350000381469727,11.350000381469727,472100
2011-08-17,11.430000305175781,11.6899995803833,11.119999885559082,11.3100004196167,11.3100004196167,401000
2011-08-18,10.930000305175781,11.0,10.579999923706055,10.739999771118164,10.739999771118164,789000
2011-08-19,10.430000305175781,11.0600004196167,10.279999732971191,10.84000015258789,10.84000015258789,694000
2011-08-22,11.1899995803833,11.229999542236328,10.550000190734863,10.90999984741211,10.90999984741211,598300
2011-08-23,10.9399995803833,11.359999656677246,10.520000457763672,11.350000381469727,11.350000381469727,628700
2011-08-24,11.270000457763672,11.75,10.989999771118164,11.720000267028809,11.720000267028809,330500
2011-08-25,11.819999694824219,11.819999694824219,11.239999771118164,11.3100004196167,11.3100004196167,341500
2011-08-26,11.199999809265137,11.680000305175781,11.020000457763672,11.670000076293945,11.670000076293945,198100
2011-08-29,11.850000381469727,12.399999618530273,11.710000038146973,12.380000114440918,12.380000114440918,340000
2011-08-30,12.3100004196167,12.380000114440918,11.960000038146973,12.079999923706055,12.079999923706055,331500
2011-08-31,12.1899995803833,12.289999961853027,11.739999771118164,12.029999732971191,12.029999732971191,376300
2011-09-01,11.970000267028809,12.329999923706055,11.579999923706055,11.760000228881836,11.760000228881836,399600
2011-09-02,11.40999984741211,12.020000457763672,11.40999984741211,11.520000457763672,11.520000457763672,388600
2011-09-06,11.0600004196167,11.359999656677246,10.989999771118164,11.359999656677246,11.359999656677246,283400
2011-09-07,11.609999656677246,12.149999618530273,11.40999984741211,12.079999923706055,12.079999923706055,335700
2011-09-08,11.960000038146973,12.319999694824219,11.920000076293945,12.0,12.0,417600
2011-09-09,11.819999694824219,12.0,11.529999732971191,11.640000343322754,11.640000343322754,465700
2011-09-12,11.40999984741211,11.779999732971191,11.3100004196167,11.579999923706055,11.579999923706055,224700
2011-09-13,11.649999618530273,12.09000015258789,11.329999923706055,12.050000190734863,12.050000190734863,256800
2011-09-14,12.140000343322754,12.600000381469727,12.010000228881836,12.359999656677246,12.359999656677246,472300
2011-09-15,12.5,12.800000190734863,12.210000038146973,12.710000038146973,12.710000038146973,599800
2011-09-16,12.75,12.789999961853027,12.539999961853027,12.789999961853027,12.789999961853027,477800
2011-09-19,12.520000457763672,12.949999809265137,12.5,12.770000457763672,12.770000457763672,424300
2011-09-20,13.039999961853027,13.6899995803833,12.680000305175781,13.09000015258789,13.09000015258789,777300
2011-09-21,13.109999656677246,13.350000381469727,12.5600004196167,12.600000381469727,12.600000381469727,616300
2011-09-22,12.149999618530273,12.649999618530273,11.649999618530273,11.890000343322754,11.890000343322754,885900
2011-09-23,11.890000343322754,12.300000190734863,11.609999656677246,11.890000343322754,11.890000343322754,678600
2011-09-26,12.0,12.420000076293945,11.550000190734863,12.0,12.0,576700
2011-09-27,12.350000381469727,13.039999961853027,12.050000190734863,12.850000381469727,12.850000381469727,690400
2011-09-28,12.8100004196167,13.029999732971191,12.210000038146973,12.220000267028809,12.220000267028809,348900
2011-09-29,12.609999656677246,12.739999771118164,12.180000305175781,12.550000190734863,12.550000190734863,300000
2011-09-30,12.300000190734863,12.520000457763672,11.979999542236328,12.0,12.0,510100
2011-10-03,11.819999694824219,12.119999885559082,11.210000038146973,11.359999656677246,11.359999656677246,634400
2011-10-04,11.289999961853027,12.239999771118164,11.220000267028809,12.199999809265137,12.199999809265137,645400
2011-10-05,12.260000228881836,12.430000305175781,12.050000190734863,12.220000267028809,12.220000267028809,300500
2011-10-06,12.220000267028809,12.289999961853027,11.930000305175781,12.09000015258789,12.09000015258789,448400
2011-10-07,12.109999656677246,12.289999961853027,11.069999694824219,11.100000381469727,11.100000381469727,773600
2011-10-10,11.380000114440918,11.539999961853027,11.1899995803833,11.489999771118164,11.489999771118164,479700
2011-10-11,11.380000114440918,11.680000305175781,11.34000015258789,11.470000267028809,11.470000267028809,266000
2011-10-12,11.579999923706055,11.789999961853027,11.220000267028809,11.289999961853027,11.289999961853027,499300
2011-10-13,11.1899995803833,11.3100004196167,11.100000381469727,11.25,11.25,388900
2011-10-14,11.449999809265137,11.489999771118164,11.029999732971191,11.229999542236328,11.229999542236328,335800
2011-10-17,11.050000190734863,11.59000015258789,10.569999694824219,10.619999885559082,10.619999885559082,328900
2011-10-18,10.649999618530273,10.850000381469727,10.449999809265137,10.739999771118164,10.739999771118164,485200
2011-10-19,10.75,10.90999984741211,10.260000228881836,10.319999694824219,10.319999694824219,566500
2011-10-20,10.380000114440918,10.680000305175781,9.899999618530273,10.260000228881836,10.260000228881836,519200
2011-10-21,10.520000457763672,10.640000343322754,10.119999885559082,10.260000228881836,10.260000228881836,850500
2011-10-24,10.329999923706055,11.050000190734863,10.319999694824219,11.029999732971191,11.029999732971191,822800
2011-10-25,10.949999809265137,11.020000457763672,10.4399995803833,10.479999542236328,10.479999542236328,338900
2011-10-26,10.680000305175781,10.680000305175781,10.130000114440918,10.180000305175781,10.180000305175781,1190500
2011-10-27,10.609999656677246,10.609999656677246,9.130000114440918,9.399999618530273,9.399999618530273,1910800
2011-10-28,9.130000114440918,10.119999885559082,9.130000114440918,10.039999961853027,10.039999961853027,1080700
2011-10-31,9.800000190734863,9.979999542236328,9.699999809265137,9.789999961853027,9.789999961853027,805400
2011-11-01,9.420000076293945,9.609999656677246,9.34000015258789,9.399999618530273,9.399999618530273,1118700
2011-11-02,9.399999618530273,10.100000381469727,9.149999618530273,9.800000190734863,9.800000190734863,1042700
2011-11-03,7.449999809265137,8.569999694824219,7.329999923706055,7.869999885559082,7.869999885559082,3909100
2011-11-04,7.860000133514404,8.0,7.539999961853027,7.630000114440918,7.630000114440918,2235100
2011-11-07,7.610000133514404,7.71999979019165,7.329999923706055,7.409999847412109,7.409999847412109,1210300
2011-11-08,7.440000057220459,7.449999809265137,7.110000133514404,7.380000114440918,7.380000114440918,986700
2011-11-09,7.130000114440918,7.320000171661377,7.070000171661377,7.110000133514404,7.110000133514404,620600
2011-11-10,7.210000038146973,7.349999904632568,7.019999980926514,7.079999923706055,7.079999923706055,424300
2011-11-11,7.179999828338623,7.360000133514404,7.079999923706055,7.340000152587891,7.340000152587891,771800
2011-11-14,7.300000190734863,7.300000190734863,6.980000019073486,7.0,7.0,754300
2011-11-15,6.989999771118164,7.239999771118164,6.900000095367432,7.210000038146973,7.210000038146973,724800
2011-11-16,7.119999885559082,7.210000038146973,7.03000020980835,7.039999961853027,7.039999961853027,428300
2011-11-17,7.019999980926514,7.099999904632568,6.949999809265137,7.0,7.0,341900
2011-11-18,7.25,7.349999904632568,7.059999942779541,7.099999904632568,7.099999904632568,1420400
2011-11-21,6.96999979019165,7.0,6.869999885559082,6.940000057220459,6.940000057220459,580900
2011-11-22,6.960000038146973,7.03000020980835,6.860000133514404,6.909999847412109,6.909999847412109,309100
2011-11-23,6.849999904632568,7.010000228881836,6.75,6.949999809265137,6.949999809265137,854900
2011-11-25,6.909999847412109,7.0,6.840000152587891,6.929999828338623,6.929999828338623,340400
2011-11-28,7.139999866485596,7.409999847412109,7.090000152587891,7.409999847412109,7.409999847412109,725700
2011-11-29,7.400000095367432,7.570000171661377,7.400000095367432,7.510000228881836,7.510000228881836,555400
2011-11-30,7.78000020980835,8.029999732971191,7.78000020980835,8.020000457763672,8.020000457763672,1070800
2011-12-01,8.010000228881836,8.079999923706055,7.900000095367432,8.0,8.0,573500
2011-12-02,8.109999656677246,8.34000015258789,8.020000457763672,8.239999771118164,8.239999771118164,887500
2011-12-05,8.380000114440918,8.479999542236328,8.25,8.359999656677246,8.359999656677246,489100
2011-12-06,8.350000381469727,8.5600004196167,8.170000076293945,8.430000305175781,8.430000305175781,527700
2011-12-07,8.380000114440918,8.5600004196167,8.069999694824219,8.170000076293945,8.170000076293945,290000
2011-12-08,8.100000381469727,8.140000343322754,7.960000038146973,8.0,8.0,591600
2011-12-09,8.050000190734863,8.390000343322754,7.960000038146973,8.3100004196167,8.3100004196167,455200
2011-12-12,8.1899995803833,8.649999618530273,8.0,8.079999923706055,8.079999923706055,526500
2011-12-13,8.140000343322754,8.350000381469727,8.0,8.039999961853027,8.039999961853027,443800
2011-12-14,7.980000019073486,8.100000381469727,7.980000019073486,8.039999961853027,8.039999961853027,606300
2011-12-15,8.180000305175781,8.329999923706055,8.100000381469727,8.210000038146973,8.210000038146973,444600
2011-12-16,8.329999923706055,8.529999732971191,8.210000038146973,8.279999732971191,8.279999732971191,786300
2011-12-19,8.319999694824219,8.449999809265137,8.09000015258789,8.109999656677246,8.109999656677246,527900
2011-12-20,8.289999961853027,8.630000114440918,8.270000457763672,8.609999656677246,8.609999656677246,847100
2011-12-21,8.640000343322754,8.75,8.40999984741211,8.710000038146973,8.710000038146973,381700
2011-12-22,8.720000267028809,8.899999618530273,8.600000381469727,8.729999542236328,8.729999542236328,452700
2011-12-23,8.739999771118164,8.760000228881836,8.569999694824219,8.579999923706055,8.579999923706055,295700
2011-12-27,8.539999961853027,8.699999809265137,8.479999542236328,8.649999618530273,8.649999618530273,257700
2011-12-28,8.75,8.75,8.5,8.539999961853027,8.539999961853027,300600
2011-12-29,8.6899995803833,9.489999771118164,8.600000381469727,9.399999618530273,9.399999618530273,626300
2011-12-30,9.359999656677246,9.569999694824219,9.220000267028809,9.3100004196167,9.3100004196167,467400
2012-01-03,9.520000457763672,9.619999885559082,9.369999885559082,9.4399995803833,9.4399995803833,398500
2012-01-04,9.350000381469727,9.430000305175781,9.109999656677246,9.199999809265137,9.199999809265137,335100
2012-01-05,9.149999618530273,9.170000076293945,8.899999618530273,8.920000076293945,8.920000076293945,1004100
2012-01-06,8.90999984741211,9.039999961853027,8.760000228881836,8.829999923706055,8.829999923706055,598800
2012-01-09,8.850000381469727,8.989999771118164,8.640000343322754,8.84000015258789,8.84000015258789,333100
2012-01-10,8.979999542236328,9.029999732971191,8.819999694824219,8.859999656677246,8.859999656677246,329300
2012-01-11,8.850000381469727,10.170000076293945,8.640000343322754,10.130000114440918,10.130000114440918,1592700
2012-01-12,10.119999885559082,10.3100004196167,9.880000114440918,10.270000457763672,10.270000457763672,679900
2012-01-13,10.130000114440918,10.229999542236328,9.899999618530273,10.010000228881836,10.010000228881836,405800
2012-01-17,9.8100004196167,10.239999771118164,9.770000457763672,10.15999984741211,10.15999984741211,863100
2012-01-18,10.170000076293945,10.6899995803833,10.140000343322754,10.670000076293945,10.670000076293945,485800
2012-01-19,10.670000076293945,10.920000076293945,10.640000343322754,10.819999694824219,10.819999694824219,547600
2012-01-20,10.789999961853027,10.869999885559082,10.640000343322754,10.720000267028809,10.720000267028809,615200
2012-01-23,10.75,10.899999618530273,10.489999771118164,10.569999694824219,10.569999694824219,566700
2012-01-24,10.510000228881836,10.819999694824219,10.449999809265137,10.739999771118164,10.739999771118164,373800
2012-01-25,10.75,11.029999732971191,10.460000038146973,10.930000305175781,10.930000305175781,698300
2012-01-26,10.979999542236328,11.0600004196167,10.630000114440918,10.989999771118164,10.989999771118164,434000
2012-01-27,10.989999771118164,11.229999542236328,10.800000190734863,11.050000190734863,11.050000190734863,871300
2012-01-30,10.979999542236328,11.050000190734863,10.710000038146973,11.0,11.0,367900
2012-01-31,11.100000381469727,11.130000114440918,10.880000114440918,10.970000267028809,10.970000267028809,321800
2012-02-01,11.0600004196167,11.40999984741211,11.039999961853027,11.289999961853027,11.289999961853027,556000
2012-02-02,11.359999656677246,11.649999618530273,11.25,11.529999732971191,11.529999732971191,545700
2012-02-03,11.75,11.880000114440918,11.609999656677246,11.699999809265137,11.699999809265137,499200
2012-02-06,11.579999923706055,11.819999694824219,11.399999618530273,11.760000228881836,11.760000228881836,488900
2012-02-07,11.6899995803833,11.8100004196167,11.479999542236328,11.710000038146973,11.710000038146973,272500
2012-02-08,11.720000267028809,11.819999694824219,11.3100004196167,11.369999885559082,11.369999885559082,363500
2012-02-09,11.40999984741211,11.579999923706055,11.0600004196167,11.369999885559082,11.369999885559082,251300
2012-02-10,11.239999771118164,11.350000381469727,11.020000457763672,11.119999885559082,11.119999885559082,244800
2012-02-13,11.229999542236328,11.270000457763672,11.130000114440918,11.199999809265137,11.199999809265137,346900
2012-02-14,11.109999656677246,11.489999771118164,11.0,11.180000305175781,11.180000305175781,196800
2012-02-15,11.199999809265137,11.199999809265137,10.899999618530273,10.9399995803833,10.9399995803833,335600
2012-02-16,10.960000038146973,11.850000381469727,10.960000038146973,11.800000190734863,11.800000190734863,485900
2012-02-17,11.890000343322754,11.899999618530273,11.550000190734863,11.600000381469727,11.600000381469727,332800
2012-02-21,11.59000015258789,11.75,11.34000015258789,11.449999809265137,11.449999809265137,375700
2012-02-22,11.460000038146973,11.510000228881836,11.079999923706055,11.1899995803833,11.1899995803833,243800
2012-02-23,11.25,11.630000114440918,11.020000457763672,11.1899995803833,11.1899995803833,652900
2012-02-24,11.220000267028809,11.350000381469727,10.649999618530273,10.800000190734863,10.800000190734863,895600
2012-02-27,10.739999771118164,10.770000457763672,10.260000228881836,10.710000038146973,10.710000038146973,585000
2012-02-28,10.720000267028809,11.109999656677246,10.680000305175781,11.09000015258789,11.09000015258789,470400
2012-02-29,11.130000114440918,11.199999809265137,10.770000457763672,10.789999961853027,10.789999961853027,413900
2012-03-01,10.84000015258789,11.199999809265137,10.710000038146973,10.729999542236328,10.729999542236328,384900
2012-03-02,10.710000038146973,10.800000190734863,10.220000267028809,10.369999885559082,10.369999885559082,348100
2012-03-05,10.3100004196167,10.520000457763672,10.25,10.350000381469727,10.350000381469727,201900
2012-03-06,10.210000038146973,10.359999656677246,10.079999923706055,10.100000381469727,10.100000381469727,531400
2012-03-07,10.149999618530273,10.350000381469727,10.140000343322754,10.239999771118164,10.239999771118164,369000
2012-03-08,10.3100004196167,10.380000114440918,10.149999618530273,10.350000381469727,10.350000381469727,296300
2012-03-09,10.369999885559082,10.430000305175781,10.119999885559082,10.220000267028809,10.220000267028809,392100
2012-03-12,10.25,10.359999656677246,10.109999656677246,10.180000305175781,10.180000305175781,193300
2012-03-13,10.300000190734863,10.319999694824219,10.069999694824219,10.25,10.25,499900
2012-03-14,10.220000267028809,10.449999809265137,10.210000038146973,10.390000343322754,10.390000343322754,370100
2012-03-15,10.350000381469727,10.979999542236328,10.350000381469727,10.899999618530273,10.899999618530273,555600
2012-03-16,10.920000076293945,10.970000267028809,10.710000038146973,10.829999923706055,10.829999923706055,361000
2012-03-19,10.819999694824219,11.0,10.6899995803833,10.829999923706055,10.829999923706055,215500
2012-03-20,10.760000228881836,10.829999923706055,10.510000228881836,10.520000457763672,10.520000457763672,192700
2012-03-21,10.550000190734863,10.6899995803833,10.390000343322754,10.5,10.5,152200
2012-03-22,10.40999984741211,10.40999984741211,10.1899995803833,10.270000457763672,10.270000457763672,259500
2012-03-23,10.260000228881836,10.40999984741211,10.210000038146973,10.350000381469727,10.350000381469727,242300
2012-03-26,10.460000038146973,10.819999694824219,10.350000381469727,10.75,10.75,411900
2012-03-27,10.819999694824219,10.989999771118164,10.710000038146973,10.720000267028809,10.720000267028809,374900
2012-03-28,10.75,10.75,10.300000190734863,10.520000457763672,10.520000457763672,352100
2012-03-29,10.399999618530273,10.529999732971191,10.34000015258789,10.5,10.5,184100
2012-03-30,10.609999656677246,10.609999656677246,10.319999694824219,10.430000305175781,10.430000305175781,413400
2012-04-02,10.350000381469727,10.710000038146973,10.279999732971191,10.630000114440918,10.630000114440918,541900
2012-04-03,10.640000343322754,10.84000015258789,10.59000015258789,10.75,10.75,382200
2012-04-04,10.670000076293945,10.760000228881836,10.600000381469727,10.710000038146973,10.710000038146973,600500
2012-04-05,10.619999885559082,10.65999984741211,10.4399995803833,10.449999809265137,10.449999809265137,877000
2012-04-09,10.229999542236328,10.34000015258789,10.020000457763672,10.020000457763672,10.020000457763672,512500
2012-04-10,10.029999732971191,10.109999656677246,9.399999618530273,9.489999771118164,9.489999771118164,518000
2012-04-11,9.619999885559082,9.75,9.489999771118164,9.649999618530273,9.649999618530273,383700
2012-04-12,9.6899995803833,9.930000305175781,9.6899995803833,9.779999732971191,9.779999732971191,261600
2012-04-13,9.710000038146973,9.789999961853027,9.359999656677246,9.510000228881836,9.510000228881836,547300
2012-04-16,9.5600004196167,9.649999618530273,9.449999809265137,9.520000457763672,9.520000457763672,304100
2012-04-17,9.619999885559082,9.800000190734863,9.5600004196167,9.640000343322754,9.640000343322754,257000
2012-04-18,9.5600004196167,9.670000076293945,9.479999542236328,9.579999923706055,9.579999923706055,699000
2012-04-19,9.569999694824219,9.819999694824219,9.520000457763672,9.600000381469727,9.600000381469727,456000
2012-04-20,9.8100004196167,9.8100004196167,9.579999923706055,9.600000381469727,9.600000381469727,527500
2012-04-23,9.479999542236328,9.710000038146973,9.430000305175781,9.680000305175781,9.680000305175781,916300
2012-04-24,9.670000076293945,9.829999923706055,9.619999885559082,9.699999809265137,9.699999809265137,420500
2012-04-25,9.869999885559082,9.930000305175781,9.75,9.850000381469727,9.850000381469727,362700
2012-04-26,9.850000381469727,9.90999984741211,9.779999732971191,9.850000381469727,9.850000381469727,354800
2012-04-27,9.920000076293945,10.039999961853027,9.800000190734863,9.970000267028809,9.970000267028809,261000
2012-04-30,9.989999771118164,9.989999771118164,9.770000457763672,9.779999732971191,9.779999732971191,337500
2012-05-01,9.779999732971191,10.010000228881836,9.779999732971191,9.800000190734863,9.800000190734863,481900
2012-05-02,9.6899995803833,10.109999656677246,9.630000114440918,10.109999656677246,10.109999656677246,640100
2012-05-03,10.0,10.100000381469727,9.75,10.010000228881836,10.010000228881836,1165100
2012-05-04,9.989999771118164,10.199999809265137,9.8100004196167,10.020000457763672,10.020000457763672,464600
2012-05-07,10.0,10.1899995803833,9.920000076293945,10.100000381469727,10.100000381469727,321200
2012-05-08,10.0,10.350000381469727,9.949999809265137,10.329999923706055,10.329999923706055,299100
2012-05-09,10.170000076293945,10.460000038146973,10.149999618530273,10.420000076293945,10.420000076293945,277900
2012-05-10,10.489999771118164,10.550000190734863,10.34000015258789,10.5,10.5,378000
2012-05-11,10.390000343322754,10.569999694824219,10.25,10.359999656677246,10.359999656677246,302900
2012-05-14,10.239999771118164,10.390000343322754,10.180000305175781,10.25,10.25,246000
2012-05-15,10.229999542236328,10.489999771118164,10.229999542236328,10.4399995803833,10.4399995803833,250200
2012-05-16,10.470000267028809,10.829999923706055,10.470000267028809,10.5,10.5,762700
2012-05-17,10.550000190734863,10.550000190734863,10.380000114440918,10.420000076293945,10.420000076293945,466400
2012-05-18,10.399999618530273,10.5600004196167,10.329999923706055,10.40999984741211,10.40999984741211,787000
2012-05-21,10.420000076293945,10.739999771118164,10.390000343322754,10.6899995803833,10.6899995803833,497200
2012-05-22,10.6899995803833,10.819999694824219,10.430000305175781,10.569999694824219,10.569999694824219,392700
2012-05-23,10.420000076293945,10.649999618530273,10.260000228881836,10.640000343322754,10.640000343322754,426000
2012-05-24,10.630000114440918,10.6899995803833,10.380000114440918,10.489999771118164,10.489999771118164,451100
2012-05-25,10.489999771118164,10.800000190734863,10.489999771118164,10.789999961853027,10.789999961853027,301600
2012-05-29,10.84000015258789,11.359999656677246,10.800000190734863,11.09000015258789,11.09000015258789,512200
2012-05-30,10.989999771118164,11.069999694824219,10.550000190734863,10.630000114440918,10.630000114440918,449800
2012-05-31,10.609999656677246,10.789999961853027,10.380000114440918,10.760000228881836,10.760000228881836,838600
2012-06-01,10.449999809265137,10.970000267028809,10.300000190734863,10.770000457763672,10.770000457763672,864500
2012-06-04,10.800000190734863,10.84000015258789,10.600000381469727,10.699999809265137,10.699999809265137,401900
2012-06-05,10.609999656677246,10.869999885559082,10.609999656677246,10.699999809265137,10.699999809265137,314900
2012-06-06,10.800000190734863,11.050000190734863,10.65999984741211,10.8100004196167,10.8100004196167,621800
2012-06-07,10.970000267028809,11.0,10.6899995803833,10.8100004196167,10.8100004196167,366000
2012-06-08,10.760000228881836,11.649999618530273,10.760000228881836,11.619999885559082,11.619999885559082,559800
2012-06-11,11.710000038146973,11.9399995803833,11.550000190734863,11.5600004196167,11.5600004196167,644000
2012-06-12,11.59000015258789,11.800000190734863,11.520000457763672,11.800000190734863,11.800000190734863,459800
2012-06-13,11.720000267028809,12.270000457763672,11.720000267028809,12.100000381469727,12.100000381469727,748000
2012-06-14,12.09000015258789,12.460000038146973,11.960000038146973,12.40999984741211,12.40999984741211,500300
2012-06-15,12.399999618530273,12.779999732971191,12.289999961853027,12.6899995803833,12.6899995803833,453900
2012-06-18,12.649999618530273,13.140000343322754,12.600000381469727,12.84000015258789,12.84000015258789,833500
2012-06-19,12.9399995803833,13.109999656677246,12.850000381469727,13.069999694824219,13.069999694824219,547600
2012-06-20,13.100000381469727,13.199999809265137,12.960000038146973,13.029999732971191,13.029999732971191,574600
2012-06-21,13.029999732971191,13.15999984741211,12.520000457763672,12.630000114440918,12.630000114440918,568200
2012-06-22,12.729999542236328,13.149999618530273,12.640000343322754,13.029999732971191,13.029999732971191,1062600
2012-06-25,12.850000381469727,12.920000076293945,12.569999694824219,12.630000114440918,12.630000114440918,385000
2012-06-26,12.649999618530273,12.720000267028809,12.260000228881836,12.470000267028809,12.470000267028809,537300
2012-06-27,12.529999732971191,13.010000228881836,12.529999732971191,12.859999656677246,12.859999656677246,447900
2012-06-28,12.789999961853027,13.020000457763672,12.390000343322754,12.670000076293945,12.670000076293945,455000
2012-06-29,12.930000305175781,13.0,12.859999656677246,12.960000038146973,12.960000038146973,377700
2012-07-02,12.960000038146973,13.079999923706055,12.899999618530273,12.979999542236328,12.979999542236328,714300
2012-07-03,13.069999694824219,13.119999885559082,12.9399995803833,13.0600004196167,13.0600004196167,233200
2012-07-05,13.050000190734863,13.09000015258789,12.949999809265137,12.979999542236328,12.979999542236328,312800
2012-07-06,12.850000381469727,12.970000267028809,12.720000267028809,12.789999961853027,12.789999961853027,188600
2012-07-09,12.789999961853027,12.899999618530273,12.539999961853027,12.890000343322754,12.890000343322754,269500
2012-07-10,13.010000228881836,13.0600004196167,12.899999618530273,13.020000457763672,13.020000457763672,641200
2012-07-11,13.010000228881836,13.210000038146973,12.960000038146973,13.109999656677246,13.109999656677246,589700
2012-07-12,12.979999542236328,13.0,12.600000381469727,12.720000267028809,12.720000267028809,738300
2012-07-13,12.800000190734863,13.010000228881836,12.760000228881836,12.970000267028809,12.970000267028809,1335400
2012-07-16,12.899999618530273,13.0,12.729999542236328,12.9399995803833,12.9399995803833,390800
2012-07-17,13.119999885559082,13.119999885559082,12.829999923706055,12.899999618530273,12.899999618530273,328800
2012-07-18,12.84000015258789,12.970000267028809,12.729999542236328,12.779999732971191,12.779999732971191,626600
2012-07-19,12.880000114440918,12.899999618530273,12.699999809265137,12.770000457763672,12.770000457763672,388900
2012-07-20,12.640000343322754,12.699999809265137,11.989999771118164,12.010000228881836,12.010000228881836,768800
2012-07-23,11.760000228881836,11.90999984741211,11.609999656677246,11.760000228881836,11.760000228881836,421800
2012-07-24,11.779999732971191,12.020000457763672,11.449999809265137,11.5,11.5,316100
2012-07-25,11.550000190734863,11.550000190734863,11.260000228881836,11.279999732971191,11.279999732971191,630000
2012-07-26,11.5,11.600000381469727,11.289999961853027,11.399999618530273,11.399999618530273,435200
2012-07-27,11.449999809265137,11.720000267028809,11.319999694824219,11.670000076293945,11.670000076293945,399900
2012-07-30,11.649999618530273,11.779999732971191,11.220000267028809,11.34000015258789,11.34000015258789,382900
2012-07-31,11.289999961853027,11.460000038146973,10.989999771118164,11.010000228881836,11.010000228881836,399700
2012-08-01,11.069999694824219,11.25,10.649999618530273,11.100000381469727,11.100000381469727,733800
2012-08-02,10.960000038146973,11.479999542236328,10.960000038146973,11.34000015258789,11.34000015258789,437400
2012-08-03,11.449999809265137,11.739999771118164,11.359999656677246,11.699999809265137,11.699999809265137,390000
2012-08-06,11.680000305175781,12.020000457763672,11.680000305175781,11.869999885559082,11.869999885559082,395100
2012-08-07,11.930000305175781,12.140000343322754,11.670000076293945,11.989999771118164,11.989999771118164,779400
2012-08-08,11.90999984741211,12.039999961853027,11.739999771118164,12.0,12.0,705700
2012-08-09,12.0,12.380000114440918,11.880000114440918,12.350000381469727,12.350000381469727,444200
2012-08-10,12.380000114440918,12.550000190734863,12.260000228881836,12.5,12.5,271500
2012-08-13,12.4399995803833,12.539999961853027,12.329999923706055,12.539999961853027,12.539999961853027,236400
2012-08-14,12.579999923706055,12.779999732971191,12.529999732971191,12.670000076293945,12.670000076293945,302500
2012-08-15,12.670000076293945,12.850000381469727,12.65999984741211,12.829999923706055,12.829999923706055,316400
2012-08-16,12.779999732971191,12.989999771118164,12.640000343322754,12.84000015258789,12.84000015258789,233100
2012-08-17,12.789999961853027,12.979999542236328,12.770000457763672,12.979999542236328,12.979999542236328,200000
2012-08-20,12.90999984741211,12.979999542236328,12.720000267028809,12.899999618530273,12.899999618530273,325900
2012-08-21,12.9399995803833,13.050000190734863,12.520000457763672,12.640000343322754,12.640000343322754,381700
2012-08-22,12.579999923706055,12.8100004196167,12.15999984741211,12.40999984741211,12.40999984741211,563300
2012-08-23,12.4399995803833,12.449999809265137,12.220000267028809,12.369999885559082,12.369999885559082,210100
2012-08-24,12.3100004196167,12.609999656677246,12.199999809265137,12.520000457763672,12.520000457763672,315100
2012-08-27,12.569999694824219,12.579999923706055,12.4399995803833,12.569999694824219,12.569999694824219,225800
2012-08-28,12.529999732971191,12.600000381469727,12.359999656677246,12.5600004196167,12.5600004196167,295800
2012-08-29,12.5600004196167,12.869999885559082,12.529999732971191,12.789999961853027,12.789999961853027,282800
2012-08-30,12.739999771118164,12.779999732971191,12.609999656677246,12.65999984741211,12.65999984741211,224800
2012-08-31,12.800000190734863,13.300000190734863,12.75,13.300000190734863,13.300000190734863,498700
2012-09-04,13.350000381469727,13.850000381469727,13.0600004196167,13.770000457763672,13.770000457763672,612800
2012-09-05,13.710000038146973,14.020000457763672,13.600000381469727,13.899999618530273,13.899999618530273,771300
2012-09-06,13.949999809265137,14.460000038146973,13.90999984741211,14.15999984741211,14.15999984741211,501200
2012-09-07,14.260000228881836,14.260000228881836,13.84000015258789,13.899999618530273,13.899999618530273,263400
2012-09-10,13.84000015258789,13.970000267028809,13.449999809265137,13.479999542236328,13.479999542236328,441700
2012-09-11,13.529999732971191,13.819999694824219,13.5,13.680000305175781,13.680000305175781,291100
2012-09-12,13.680000305175781,13.880000114440918,13.550000190734863,13.729999542236328,13.729999542236328,285100
2012-09-13,13.720000267028809,14.329999923706055,13.6899995803833,14.010000228881836,14.010000228881836,636100
2012-09-14,13.920000076293945,13.920000076293945,13.260000228881836,13.5,13.5,944300
2012-09-17,13.420000076293945,13.569999694824219,13.029999732971191,13.520000457763672,13.520000457763672,214400
2012-09-18,13.520000457763672,14.119999885559082,13.479999542236328,14.039999961853027,14.039999961853027,521100
2012-09-19,14.039999961853027,14.399999618530273,14.0,14.279999732971191,14.279999732971191,333500
2012-09-20,14.319999694824219,14.819999694824219,14.260000228881836,14.729999542236328,14.729999542236328,623900
2012-09-21,14.9399995803833,14.9399995803833,14.569999694824219,14.899999618530273,14.899999618530273,626100
2012-09-24,14.880000114440918,15.079999923706055,14.649999618530273,14.949999809265137,14.949999809265137,606500
2012-09-25,15.029999732971191,15.050000190734863,14.800000190734863,14.859999656677246,14.859999656677246,466700
2012-09-26,14.869999885559082,15.010000228881836,14.789999961853027,14.850000381469727,14.850000381469727,270300
2012-09-27,14.850000381469727,15.039999961853027,14.670000076293945,15.0,15.0,243100
2012-09-28,14.899999618530273,15.0600004196167,14.84000015258789,15.029999732971191,15.029999732971191,373700
2012-10-01,15.15999984741211,15.329999923706055,14.819999694824219,14.949999809265137,14.949999809265137,410500
2012-10-02,15.09000015258789,15.479999542236328,14.8100004196167,14.949999809265137,14.949999809265137,375200
2012-10-03,14.930000305175781,15.0,14.800000190734863,14.850000381469727,14.850000381469727,265000
2012-10-04,14.949999809265137,14.949999809265137,14.680000305175781,14.800000190734863,14.800000190734863,239800
2012-10-05,14.869999885559082,15.029999732971191,14.720000267028809,14.760000228881836,14.760000228881836,205600
2012-10-08,14.75,15.09000015258789,14.279999732971191,14.300000190734863,14.300000190734863,529600
2012-10-09,14.300000190734863,14.300000190734863,13.649999618530273,13.8100004196167,13.8100004196167,579600
2012-10-10,13.789999961853027,14.010000228881836,13.649999618530273,13.970000267028809,13.970000267028809,336800
2012-10-11,14.039999961853027,14.109999656677246,13.6899995803833,13.779999732971191,13.779999732971191,199900
2012-10-12,13.75,13.9399995803833,13.569999694824219,13.600000381469727,13.600000381469727,194900
2012-10-15,13.65999984741211,13.760000228881836,13.569999694824219,13.739999771118164,13.739999771118164,201300
2012-10-16,13.84000015258789,14.109999656677246,13.84000015258789,14.100000381469727,14.100000381469727,284800
2012-10-17,14.09000015258789,14.289999961853027,14.0,14.109999656677246,14.109999656677246,273200
2012-10-18,14.0600004196167,14.1899995803833,14.0,14.119999885559082,14.119999885559082,200800
2012-10-19,14.020000457763672,14.180000305175781,13.640000343322754,13.680000305175781,13.680000305175781,274500
2012-10-22,13.649999618530273,13.699999809265137,13.289999961853027,13.380000114440918,13.380000114440918,188900
2012-10-23,13.260000228881836,13.4399995803833,13.020000457763672,13.380000114440918,13.380000114440918,268000
2012-10-24,13.420000076293945,13.460000038146973,13.180000305175781,13.449999809265137,13.449999809265137,179700
2012-10-25,13.5600004196167,13.649999618530273,13.270000457763672,13.399999618530273,13.399999618530273,139100
2012-10-26,13.4399995803833,13.609999656677246,13.260000228881836,13.369999885559082,13.369999885559082,133700
2012-10-31,13.359999656677246,13.449999809265137,12.869999885559082,13.100000381469727,13.100000381469727,239800
2012-11-01,13.149999618530273,13.5,13.050000190734863,13.069999694824219,13.069999694824219,435000
2012-11-02,13.069999694824219,13.270000457763672,12.65999984741211,12.90999984741211,12.90999984741211,613700
2012-11-05,12.869999885559082,13.15999984741211,12.65999984741211,13.010000228881836,13.010000228881836,258000
2012-11-06,13.09000015258789,13.34000015258789,12.90999984741211,13.020000457763672,13.020000457763672,271100
2012-11-07,12.850000381469727,13.0,12.569999694824219,12.75,12.75,368200
2012-11-08,12.760000228881836,12.9399995803833,12.710000038146973,12.8100004196167,12.8100004196167,259800
2012-11-09,12.720000267028809,13.119999885559082,12.670000076293945,12.770000457763672,12.770000457763672,377200
2012-11-12,12.789999961853027,13.199999809265137,12.729999542236328,13.09000015258789,13.09000015258789,339500
2012-11-13,13.050000190734863,13.210000038146973,12.720000267028809,12.720000267028809,12.720000267028809,310500
2012-11-14,12.789999961853027,12.789999961853027,12.239999771118164,12.350000381469727,12.350000381469727,363600
2012-11-15,12.300000190734863,12.600000381469727,12.210000038146973,12.34000015258789,12.34000015258789,470800
2012-11-16,12.3100004196167,12.680000305175781,12.029999732971191,12.600000381469727,12.600000381469727,938800
2012-11-19,12.699999809265137,12.90999984741211,12.449999809265137,12.720000267028809,12.720000267028809,939000
2012-11-20,12.670000076293945,12.899999618530273,12.529999732971191,12.609999656677246,12.609999656677246,429000
2012-11-21,12.600000381469727,12.800000190734863,12.489999771118164,12.539999961853027,12.539999961853027,928500
2012-11-23,12.5,12.579999923706055,12.369999885559082,12.380000114440918,12.380000114440918,293800
2012-11-26,12.350000381469727,12.449999809265137,12.25,12.380000114440918,12.380000114440918,679300
2012-11-27,12.359999656677246,12.5600004196167,12.220000267028809,12.329999923706055,12.329999923706055,1308900
2012-11-28,12.300000190734863,12.359999656677246,12.050000190734863,12.300000190734863,12.300000190734863,591900
2012-11-29,12.420000076293945,12.720000267028809,12.279999732971191,12.699999809265137,12.699999809265137,793900
2012-11-30,13.0600004196167,13.100000381469727,12.9399995803833,13.079999923706055,13.079999923706055,585600
2012-12-03,13.010000228881836,13.779999732971191,13.010000228881836,13.710000038146973,13.710000038146973,1094600
2012-12-04,13.6899995803833,14.15999984741211,13.59000015258789,14.149999618530273,14.149999618530273,936500
2012-12-05,14.010000228881836,14.220000267028809,13.84000015258789,13.859999656677246,13.859999656677246,505200
2012-12-06,13.819999694824219,14.010000228881836,13.619999885559082,13.630000114440918,13.630000114440918,417100
2012-12-07,13.630000114440918,13.8100004196167,13.569999694824219,13.640000343322754,13.640000343322754,299000
2012-12-10,13.65999984741211,13.960000038146973,13.59000015258789,13.9399995803833,13.9399995803833,249400
2012-12-11,13.979999542236328,14.34000015258789,13.90999984741211,14.239999771118164,14.239999771118164,488100
2012-12-12,14.3100004196167,14.479999542236328,13.960000038146973,13.979999542236328,13.979999542236328,398500
2012-12-13,14.020000457763672,14.100000381469727,13.609999656677246,13.640000343322754,13.640000343322754,322300
2012-12-14,13.550000190734863,13.600000381469727,13.25,13.260000228881836,13.260000228881836,424600
2012-12-17,13.289999961853027,13.430000305175781,13.100000381469727,13.220000267028809,13.220000267028809,470100
2012-12-18,13.25,13.40999984741211,13.109999656677246,13.300000190734863,13.300000190734863,749700
2012-12-19,13.329999923706055,13.619999885559082,13.109999656677246,13.59000015258789,13.59000015258789,559500
2012-12-20,13.569999694824219,13.699999809265137,13.3100004196167,13.529999732971191,13.529999732971191,440800
2012-12-21,13.470000267028809,13.529999732971191,13.119999885559082,13.329999923706055,13.329999923706055,538700
2012-12-24,13.300000190734863,13.5,13.15999984741211,13.319999694824219,13.319999694824219,107000
2012-12-26,13.319999694824219,13.399999618530273,13.119999885559082,13.260000228881836,13.260000228881836,308500
2012-12-27,13.239999771118164,13.319999694824219,13.180000305175781,13.25,13.25,282200
2012-12-28,13.170000076293945,13.529999732971191,13.149999618530273,13.220000267028809,13.220000267028809,262700
2012-12-31,13.220000267028809,13.640000343322754,13.15999984741211,13.59000015258789,13.59000015258789,520000
2013-01-02,13.890000343322754,14.0,13.6899995803833,13.850000381469727,13.850000381469727,403300
2013-01-03,13.899999618530273,14.0600004196167,13.739999771118164,13.970000267028809,13.970000267028809,322100
2013-01-04,14.0600004196167,14.220000267028809,13.859999656677246,14.170000076293945,14.170000076293945,381300
2013-01-07,14.1899995803833,14.949999809265137,14.170000076293945,14.399999618530273,14.399999618530273,678000
2013-01-08,14.399999618530273,14.65999984741211,14.260000228881836,14.479999542236328,14.479999542236328,306200
2013-01-09,14.550000190734863,14.699999809265137,14.319999694824219,14.600000381469727,14.600000381469727,337200
2013-01-10,14.640000343322754,14.9399995803833,14.550000190734863,14.930000305175781,14.930000305175781,375500
2013-01-11,14.949999809265137,14.979999542236328,14.789999961853027,14.819999694824219,14.819999694824219,248100
2013-01-14,14.819999694824219,14.899999618530273,14.5600004196167,14.640000343322754,14.640000343322754,254900
2013-01-15,14.579999923706055,14.670000076293945,14.479999542236328,14.600000381469727,14.600000381469727,299600
2013-01-16,14.600000381469727,14.609999656677246,14.449999809265137,14.479999542236328,14.479999542236328,265000
2013-01-17,14.5600004196167,14.619999885559082,14.4399995803833,14.489999771118164,14.489999771118164,255900
2013-01-18,14.470000267028809,14.779999732971191,14.4399995803833,14.779999732971191,14.779999732971191,322000
2013-01-22,14.710000038146973,14.890000343322754,14.640000343322754,14.880000114440918,14.880000114440918,356400
2013-01-23,14.829999923706055,14.970000267028809,14.770000457763672,14.84000015258789,14.84000015258789,300000
2013-01-24,14.819999694824219,14.869999885559082,14.649999618530273,14.770000457763672,14.770000457763672,378000
2013-01-25,14.890000343322754,15.550000190734863,14.859999656677246,15.5,15.5,728000
2013-01-28,15.489999771118164,15.550000190734863,15.260000228881836,15.279999732971191,15.279999732971191,363400
2013-01-29,15.25,15.329999923706055,15.010000228881836,15.15999984741211,15.15999984741211,345000
2013-01-30,15.100000381469727,15.279999732971191,14.9399995803833,15.0600004196167,15.0600004196167,361000
2013-01-31,15.069999694824219,15.319999694824219,14.930000305175781,15.229999542236328,15.229999542236328,253200
2013-02-01,15.229999542236328,15.609999656677246,15.0,15.510000228881836,15.510000228881836,340100
2013-02-04,15.390000343322754,15.550000190734863,14.920000076293945,14.989999771118164,14.989999771118164,386400
2013-02-05,15.109999656677246,15.1899995803833,14.800000190734863,15.0,15.0,233400
2013-02-06,14.880000114440918,15.140000343322754,14.770000457763672,15.079999923706055,15.079999923706055,361800
2013-02-07,15.09000015258789,15.09000015258789,14.670000076293945,14.779999732971191,14.779999732971191,208500
2013-02-08,14.84000015258789,14.859999656677246,14.579999923706055,14.789999961853027,14.789999961853027,199800
2013-02-11,14.789999961853027,14.829999923706055,14.59000015258789,14.609999656677246,14.609999656677246,243700
2013-02-12,14.65999984741211,14.75,14.489999771118164,14.529999732971191,14.529999732971191,352200
2013-02-13,14.569999694824219,14.699999809265137,14.109999656677246,14.470000267028809,14.470000267028809,288900
2013-02-14,14.460000038146973,14.640000343322754,14.279999732971191,14.600000381469727,14.600000381469727,695400
2013-02-15,14.739999771118164,14.75,14.390000343322754,14.40999984741211,14.40999984741211,240400
2013-02-19,14.460000038146973,14.699999809265137,14.359999656677246,14.6899995803833,14.6899995803833,205700
2013-02-20,14.670000076293945,14.720000267028809,14.34000015258789,14.390000343322754,14.390000343322754,378900
2013-02-21,14.350000381469727,14.5,14.050000190734863,14.130000114440918,14.130000114440918,294700
2013-02-22,14.75,15.739999771118164,14.630000114440918,15.729999542236328,15.729999542236328,940600
2013-02-25,15.760000228881836,15.970000267028809,15.100000381469727,15.119999885559082,15.119999885559082,648100
2013-02-26,15.069999694824219,15.149999618530273,14.880000114440918,15.020000457763672,15.020000457763672,325400
2013-02-27,15.0,15.470000267028809,14.859999656677246,14.979999542236328,14.979999542236328,427600
2013-02-28,14.920000076293945,15.130000114440918,14.859999656677246,14.920000076293945,14.920000076293945,374400
2013-03-01,14.770000457763672,15.229999542236328,14.630000114440918,15.210000038146973,15.210000038146973,553400
2013-03-04,15.130000114440918,15.430000305175781,14.829999923706055,15.369999885559082,15.369999885559082,290500
2013-03-05,15.4399995803833,15.680000305175781,15.229999542236328,15.619999885559082,15.619999885559082,316100
2013-03-06,15.640000343322754,15.670000076293945,15.1899995803833,15.260000228881836,15.260000228881836,253900
2013-03-07,15.210000038146973,15.399999618530273,15.0600004196167,15.399999618530273,15.399999618530273,193400
2013-03-08,15.550000190734863,15.949999809265137,15.350000381469727,15.949999809265137,15.949999809265137,379400
2013-03-11,15.75,15.949999809265137,15.40999984741211,15.569999694824219,15.569999694824219,492900
2013-03-12,15.8100004196167,17.059999465942383,15.779999732971191,16.989999771118164,16.989999771118164,1011300
2013-03-13,16.950000762939453,16.969999313354492,16.420000076293945,16.709999084472656,16.709999084472656,564900
2013-03-14,16.479999542236328,17.15999984741211,16.479999542236328,16.760000228881836,16.760000228881836,404000
2013-03-15,16.700000762939453,16.719999313354492,16.149999618530273,16.329999923706055,16.329999923706055,600700
2013-03-18,16.15999984741211,16.3700008392334,16.020000457763672,16.149999618530273,16.149999618530273,298500
2013-03-19,16.229999542236328,16.360000610351562,16.190000534057617,16.299999237060547,16.299999237060547,340100
2013-03-20,16.43000030517578,16.540000915527344,16.280000686645508,16.459999084472656,16.459999084472656,243400
2013-03-21,16.350000381469727,16.549999237060547,16.059999465942383,16.260000228881836,16.260000228881836,453200
2013-03-22,16.360000610351562,16.670000076293945,16.299999237060547,16.6299991607666,16.6299991607666,199100
2013-03-25,16.649999618530273,16.90999984741211,16.579999923706055,16.709999084472656,16.709999084472656,241200
2013-03-26,16.81999969482422,17.100000381469727,16.6200008392334,16.84000015258789,16.84000015258789,273100
2013-03-27,16.770000457763672,17.059999465942383,16.639999389648438,17.049999237060547,17.049999237060547,191300
2013-03-28,17.06999969482422,17.1200008392334,16.690000534057617,16.719999313354492,16.719999313354492,330100
2013-04-01,16.75,17.360000610351562,16.739999771118164,17.1200008392334,17.1200008392334,578300
2013-04-02,17.219999313354492,17.6200008392334,17.09000015258789,17.25,17.25,629900
2013-04-03,17.260000228881836,17.260000228881836,16.469999313354492,16.75,16.75,327400
2013-04-04,16.860000610351562,16.969999313354492,16.59000015258789,16.729999542236328,16.729999542236328,242500
2013-04-05,16.440000534057617,16.489999771118164,16.110000610351562,16.420000076293945,16.420000076293945,228900
2013-04-08,16.510000228881836,16.510000228881836,16.18000030517578,16.489999771118164,16.489999771118164,190100
2013-04-09,16.56999969482422,16.790000915527344,16.469999313354492,16.469999313354492,16.469999313354492,291100
2013-04-10,16.559999465942383,16.649999618530273,16.25,16.309999465942383,16.309999465942383,355000
2013-04-11,16.260000228881836,16.520000457763672,16.18000030517578,16.18000030517578,16.18000030517578,219100
2013-04-12,16.1299991607666,16.389999389648438,16.110000610351562,16.260000228881836,16.260000228881836,184400
2013-04-15,16.1200008392334,16.420000076293945,15.579999923706055,15.609999656677246,15.609999656677246,367300
2013-04-16,15.770000457763672,15.979999542236328,15.479999542236328,15.760000228881836,15.760000228881836,283400
2013-04-17,15.649999618530273,15.800000190734863,15.359999656677246,15.420000076293945,15.420000076293945,289500
2013-04-18,15.4399995803833,15.680000305175781,15.079999923706055,15.119999885559082,15.119999885559082,375300
2013-04-19,15.140000343322754,15.640000343322754,15.039999961853027,15.5,15.5,319700
2013-04-22,15.529999732971191,15.600000381469727,15.170000076293945,15.270000457763672,15.270000457763672,238800
2013-04-23,15.399999618530273,15.430000305175781,15.09000015258789,15.210000038146973,15.210000038146973,429300
2013-04-24,15.149999618530273,15.510000228881836,15.050000190734863,15.40999984741211,15.40999984741211,443000
2013-04-25,15.380000114440918,15.600000381469727,15.34000015258789,15.489999771118164,15.489999771118164,443600
2013-04-26,15.479999542236328,15.640000343322754,15.449999809265137,15.550000190734863,15.550000190734863,324800
2013-04-29,15.569999694824219,15.890000343322754,15.529999732971191,15.850000381469727,15.850000381469727,389900
2013-04-30,15.819999694824219,16.510000228881836,15.779999732971191,16.40999984741211,16.40999984741211,726300
2013-05-01,16.5,17.200000762939453,15.920000076293945,16.899999618530273,16.899999618530273,1950700
2013-05-02,17.25,18.399999618530273,17.1299991607666,18.049999237060547,18.049999237060547,1238600
2013-05-03,18.309999465942383,18.68000030517578,18.049999237060547,18.600000381469727,18.600000381469727,779600
2013-05-06,18.579999923706055,18.579999923706055,18.06999969482422,18.1200008392334,18.1200008392334,826300
2013-05-07,18.200000762939453,18.450000762939453,17.90999984741211,18.450000762939453,18.450000762939453,632300
2013-05-08,18.420000076293945,19.020000457763672,18.329999923706055,18.940000534057617,18.940000534057617,507100
2013-05-09,18.969999313354492,19.790000915527344,18.940000534057617,19.540000915527344,19.540000915527344,1312900
2013-05-10,19.600000381469727,20.06999969482422,19.520000457763672,19.799999237060547,19.799999237060547,626000
2013-05-13,19.399999618530273,20.170000076293945,19.34000015258789,19.920000076293945,19.920000076293945,651000
2013-05-14,19.899999618530273,20.170000076293945,19.809999465942383,19.979999542236328,19.979999542236328,418500
2013-05-15,19.979999542236328,20.110000610351562,19.559999465942383,19.59000015258789,19.59000015258789,358000
2013-05-16,19.5,19.549999237060547,19.25,19.450000762939453,19.450000762939453,507100
2013-05-17,19.459999084472656,21.190000534057617,19.459999084472656,21.18000030517578,21.18000030517578,1331200
2013-05-20,21.049999237060547,21.690000534057617,21.0,21.239999771118164,21.239999771118164,825300
2013-05-21,21.18000030517578,21.34000015258789,20.780000686645508,21.1299991607666,21.1299991607666,784400
2013-05-22,21.1200008392334,21.5,20.290000915527344,20.360000610351562,20.360000610351562,932600
2013-05-23,20.030000686645508,20.420000076293945,19.989999771118164,20.270000457763672,20.270000457763672,566700
2013-05-24,20.219999313354492,20.420000076293945,20.059999465942383,20.299999237060547,20.299999237060547,332600
2013-05-28,20.489999771118164,21.010000228881836,20.450000762939453,20.81999969482422,20.81999969482422,328700
2013-05-29,20.6299991607666,20.90999984741211,20.43000030517578,20.5,20.5,224800
2013-05-30,20.520000457763672,20.690000534057617,20.229999542236328,20.489999771118164,20.489999771118164,425800
2013-05-31,20.309999465942383,21.299999237060547,20.25,20.829999923706055,20.829999923706055,415600
2013-06-03,20.829999923706055,21.559999465942383,20.68000030517578,21.5,21.5,822700
2013-06-04,21.5,21.950000762939453,21.290000915527344,21.6299991607666,21.6299991607666,565400
2013-06-05,21.559999465942383,21.979999542236328,21.520000457763672,21.809999465942383,21.809999465942383,615000
2013-06-06,21.770000457763672,22.100000381469727,21.610000610351562,21.93000030517578,21.93000030517578,704900
2013-06-07,21.969999313354492,22.479999542236328,21.969999313354492,22.399999618530273,22.399999618530273,381700
2013-06-10,22.030000686645508,22.31999969482422,21.899999618530273,22.139999389648438,22.139999389648438,588100
2013-06-11,21.829999923706055,22.510000228881836,21.530000686645508,22.420000076293945,22.420000076293945,527700
2013-06-12,22.459999084472656,22.639999389648438,22.239999771118164,22.34000015258789,22.34000015258789,404500
2013-06-13,22.280000686645508,22.280000686645508,21.229999542236328,22.100000381469727,22.100000381469727,535000
2013-06-14,22.0,22.280000686645508,21.860000610351562,22.149999618530273,22.149999618530273,349900
2013-06-17,22.1299991607666,22.59000015258789,22.110000610351562,22.559999465942383,22.559999465942383,712600
2013-06-18,22.65999984741211,22.969999313354492,22.469999313354492,22.799999237060547,22.799999237060547,373100
2013-06-19,22.75,22.829999923706055,21.299999237060547,21.440000534057617,21.440000534057617,958600
2013-06-20,21.270000457763672,21.489999771118164,20.06999969482422,20.18000030517578,20.18000030517578,942000
2013-06-21,20.25,20.959999084472656,19.93000030517578,20.940000534057617,20.940000534057617,844200
2013-06-24,20.780000686645508,21.84000015258789,20.510000228881836,21.739999771118164,21.739999771118164,681400
2013-06-25,21.979999542236328,22.0,21.649999618530273,21.760000228881836,21.760000228881836,433600
2013-06-26,21.940000534057617,22.510000228881836,21.93000030517578,21.969999313354492,21.969999313354492,636200
2013-06-27,22.139999389648438,22.690000534057617,21.81999969482422,22.56999969482422,22.56999969482422,572700
2013-06-28,22.56999969482422,22.850000381469727,22.229999542236328,22.450000762939453,22.450000762939453,693600
2013-07-01,22.6200008392334,23.100000381469727,22.5,22.829999923706055,22.829999923706055,602500
2013-07-02,22.829999923706055,22.920000076293945,22.31999969482422,22.420000076293945,22.420000076293945,489200
2013-07-03,22.31999969482422,22.489999771118164,22.170000076293945,22.399999618530273,22.399999618530273,268200
2013-07-05,22.59000015258789,22.8799991607666,22.09000015258789,22.8799991607666,22.8799991607666,251700
2013-07-08,23.010000228881836,23.219999313354492,22.850000381469727,22.969999313354492,22.969999313354492,355000
2013-07-09,23.149999618530273,23.270000457763672,22.06999969482422,22.270000457763672,22.270000457763672,640300
2013-07-10,22.200000762939453,22.59000015258789,21.950000762939453,22.170000076293945,22.170000076293945,596000
2013-07-11,22.510000228881836,23.510000228881836,22.360000610351562,23.469999313354492,23.469999313354492,814600
2013-07-12,23.3700008392334,24.010000228881836,23.190000534057617,23.770000457763672,23.770000457763672,458200
2013-07-15,23.860000610351562,24.360000610351562,23.549999237060547,23.56999969482422,23.56999969482422,1242300
2013-07-16,23.540000915527344,23.850000381469727,22.739999771118164,22.780000686645508,22.780000686645508,375700
2013-07-17,22.850000381469727,23.270000457763672,22.110000610351562,22.510000228881836,22.510000228881836,558300
2013-07-18,22.610000610351562,23.100000381469727,22.399999618530273,22.780000686645508,22.780000686645508,416700
2013-07-19,22.690000534057617,22.739999771118164,22.280000686645508,22.469999313354492,22.469999313354492,285200
2013-07-22,22.530000686645508,22.81999969482422,22.399999618530273,22.770000457763672,22.770000457763672,421800
2013-07-23,23.010000228881836,23.489999771118164,22.899999618530273,23.209999084472656,23.209999084472656,423200
2013-07-24,22.1200008392334,22.6200008392334,21.780000686645508,22.219999313354492,22.219999313354492,677700
2013-07-25,22.170000076293945,22.959999084472656,22.170000076293945,22.959999084472656,22.959999084472656,446800
2013-07-26,22.760000228881836,23.0,22.540000915527344,22.6200008392334,22.6200008392334,513400
2013-07-29,22.65999984741211,22.899999618530273,22.469999313354492,22.489999771118164,22.489999771118164,426900
2013-07-30,22.639999389648438,23.299999237060547,22.270000457763672,22.299999237060547,22.299999237060547,516600
2013-07-31,22.309999465942383,22.530000686645508,21.760000228881836,21.780000686645508,21.780000686645508,555600
2013-08-01,22.020000457763672,22.40999984741211,21.940000534057617,22.290000915527344,22.290000915527344,392100
2013-08-02,22.280000686645508,22.829999923706055,22.15999984741211,22.6200008392334,22.6200008392334,448900
2013-08-05,22.520000457763672,22.959999084472656,22.34000015258789,22.40999984741211,22.40999984741211,287300
2013-08-06,22.290000915527344,22.639999389648438,22.049999237060547,22.479999542236328,22.479999542236328,431100
2013-08-07,22.350000381469727,22.65999984741211,21.850000381469727,21.979999542236328,21.979999542236328,544600
2013-08-08,25.0,27.959999084472656,25.0,26.65999984741211,26.65999984741211,2577800
2013-08-09,26.5,27.56999969482422,26.309999465942383,27.09000015258789,27.09000015258789,1157400
2013-08-12,27.079999923706055,27.329999923706055,26.780000686645508,26.920000076293945,26.920000076293945,562700
2013-08-13,27.020000457763672,27.440000534057617,26.610000610351562,27.40999984741211,27.40999984741211,622300
2013-08-14,27.350000381469727,27.790000915527344,27.139999389648438,27.15999984741211,27.15999984741211,614700
2013-08-15,26.899999618530273,27.18000030517578,26.520000457763672,26.56999969482422,26.56999969482422,417200
2013-08-16,26.43000030517578,26.479999542236328,25.84000015258789,26.1200008392334,26.1200008392334,841500
2013-08-19,25.969999313354492,26.65999984741211,25.760000228881836,26.280000686645508,26.280000686645508,402700
2013-08-20,26.25,26.90999984741211,26.139999389648438,26.739999771118164,26.739999771118164,210500
2013-08-21,26.6200008392334,26.90999984741211,26.3799991607666,26.68000030517578,26.68000030517578,315700
2013-08-22,26.809999465942383,27.709999084472656,26.65999984741211,27.579999923706055,27.579999923706055,385300
2013-08-23,27.65999984741211,27.65999984741211,27.049999237060547,27.229999542236328,27.229999542236328,697600
2013-08-26,27.25,28.170000076293945,27.219999313354492,27.700000762939453,27.700000762939453,1080800
2013-08-27,27.43000030517578,27.479999542236328,26.270000457763672,26.40999984741211,26.40999984741211,516800
2013-08-28,26.3799991607666,27.049999237060547,26.260000228881836,26.75,26.75,426200
2013-08-29,26.610000610351562,27.5,26.610000610351562,27.139999389648438,27.139999389648438,328600
2013-08-30,27.059999465942383,27.329999923706055,26.860000610351562,27.049999237060547,27.049999237060547,460500
2013-09-03,27.1299991607666,27.440000534057617,26.43000030517578,26.780000686645508,26.780000686645508,352500
2013-09-04,26.739999771118164,26.989999771118164,26.40999984741211,26.670000076293945,26.670000076293945,435900
2013-09-05,26.610000610351562,27.18000030517578,26.610000610351562,26.969999313354492,26.969999313354492,244200
2013-09-06,27.18000030517578,27.18000030517578,26.079999923706055,26.670000076293945,26.670000076293945,318900
2013-09-09,26.670000076293945,27.389999389648438,26.670000076293945,27.389999389648438,27.389999389648438,573800
2013-09-10,27.600000381469727,28.110000610351562,27.600000381469727,27.989999771118164,27.989999771118164,434800
2013-09-11,28.0,28.479999542236328,27.59000015258789,27.950000762939453,27.950000762939453,328300
2013-09-12,27.920000076293945,27.950000762939453,27.479999542236328,27.510000228881836,27.510000228881836,211900
2013-09-13,27.989999771118164,28.010000228881836,27.34000015258789,27.34000015258789,27.34000015258789,556600
2013-09-16,27.75,27.850000381469727,26.920000076293945,26.93000030517578,26.93000030517578,335900
2013-09-17,26.969999313354492,27.690000534057617,26.790000915527344,27.6200008392334,27.6200008392334,540700
2013-09-18,27.559999465942383,28.1200008392334,27.350000381469727,28.049999237060547,28.049999237060547,362000
2013-09-19,28.059999465942383,28.43000030517578,28.010000228881836,28.34000015258789,28.34000015258789,303000
2013-09-20,28.5,28.5,28.06999969482422,28.1299991607666,28.1299991607666,922300
2013-09-23,28.030000686645508,28.420000076293945,27.799999237060547,28.299999237060547,28.299999237060547,448400
2013-09-24,28.260000228881836,28.549999237060547,27.8799991607666,28.010000228881836,28.010000228881836,357800
2013-09-25,27.969999313354492,28.260000228881836,27.239999771118164,27.479999542236328,27.479999542236328,520100
2013-09-26,27.649999618530273,29.239999771118164,27.6299991607666,29.190000534057617,29.190000534057617,573700
2013-09-27,28.739999771118164,29.1299991607666,25.489999771118164,27.229999542236328,27.229999542236328,3778800
2013-09-30,26.860000610351562,28.350000381469727,26.65999984741211,28.219999313354492,28.219999313354492,1049600
2013-10-01,28.209999084472656,28.3700008392334,27.760000228881836,28.170000076293945,28.170000076293945,459200
2013-10-02,27.81999969482422,28.950000762939453,27.790000915527344,28.729999542236328,28.729999542236328,398500
2013-10-03,28.75,29.170000076293945,27.940000534057617,28.3700008392334,28.3700008392334,326000
2013-10-04,28.3700008392334,28.920000076293945,28.030000686645508,28.040000915527344,28.040000915527344,452200
2013-10-07,27.950000762939453,28.299999237060547,27.760000228881836,27.850000381469727,27.850000381469727,293900
2013-10-08,27.829999923706055,28.309999465942383,27.200000762939453,27.280000686645508,27.280000686645508,482200
2013-10-09,27.3799991607666,27.459999084472656,26.68000030517578,26.799999237060547,26.799999237060547,389100
2013-10-10,27.200000762939453,27.84000015258789,26.84000015258789,27.459999084472656,27.459999084472656,335900
2013-10-11,27.34000015258789,27.6200008392334,27.06999969482422,27.450000762939453,27.450000762939453,395100
2013-10-14,27.360000610351562,29.110000610351562,27.25,29.040000915527344,29.040000915527344,699900
2013-10-15,29.389999389648438,30.469999313354492,29.149999618530273,29.469999313354492,29.469999313354492,1029400
2013-10-16,29.6299991607666,30.09000015258789,29.479999542236328,29.739999771118164,29.739999771118164,311800
2013-10-17,29.639999389648438,30.5,29.420000076293945,30.209999084472656,30.209999084472656,442700
2013-10-18,30.530000686645508,31.18000030517578,30.209999084472656,30.8799991607666,30.8799991607666,493900
2013-10-21,30.739999771118164,31.010000228881836,30.149999618530273,30.350000381469727,30.350000381469727,406800
2013-10-22,30.530000686645508,30.739999771118164,29.84000015258789,29.8700008392334,29.8700008392334,339200
2013-10-23,29.770000457763672,30.239999771118164,28.90999984741211,30.1299991607666,30.1299991607666,431200
2013-10-24,30.079999923706055,30.3799991607666,29.770000457763672,29.8700008392334,29.8700008392334,335100
2013-10-25,29.989999771118164,30.049999237060547,29.3799991607666,29.790000915527344,29.790000915527344,292000
2013-10-28,29.850000381469727,31.139999389648438,29.639999389648438,30.610000610351562,30.610000610351562,651300
2013-10-29,30.6299991607666,31.690000534057617,29.530000686645508,29.920000076293945,29.920000076293945,512400
2013-10-30,29.860000610351562,30.469999313354492,29.219999313354492,29.229999542236328,29.229999542236328,540100
2013-10-31,29.18000030517578,29.18000030517578,28.700000762939453,28.729999542236328,28.729999542236328,477200
2013-11-01,28.649999618530273,28.860000610351562,28.010000228881836,28.399999618530273,28.399999618530273,597500
2013-11-04,28.510000228881836,28.690000534057617,28.149999618530273,28.440000534057617,28.440000534057617,640300
2013-11-05,28.079999923706055,28.65999984741211,28.020000457763672,28.540000915527344,28.540000915527344,347400
2013-11-06,28.68000030517578,28.959999084472656,27.100000381469727,27.239999771118164,27.239999771118164,1007000
2013-11-07,33.70000076293945,33.72999954223633,31.649999618530273,33.22999954223633,33.22999954223633,2554700
2013-11-08,33.22999954223633,33.869998931884766,32.869998931884766,33.04999923706055,33.04999923706055,1001400
2013-11-11,33.0,33.54999923706055,31.860000610351562,33.0099983215332,33.0099983215332,729200
2013-11-12,32.95000076293945,33.81999969482422,32.540000915527344,33.470001220703125,33.470001220703125,762400
2013-11-13,33.099998474121094,34.38999938964844,33.099998474121094,33.66999816894531,33.66999816894531,948800
2013-11-14,33.66999816894531,33.72999954223633,32.08000183105469,32.5099983215332,32.5099983215332,915800
2013-11-15,32.47999954223633,33.029998779296875,32.31999969482422,32.560001373291016,32.560001373291016,487000
2013-11-18,32.0,32.099998474121094,31.350000381469727,31.489999771118164,31.489999771118164,916000
2013-11-19,31.610000610351562,32.56999969482422,31.25,32.15999984741211,32.15999984741211,528500
2013-11-20,32.2400016784668,32.349998474121094,31.829999923706055,32.220001220703125,32.220001220703125,511300
2013-11-21,32.310001373291016,32.939998626708984,32.150001525878906,32.77000045776367,32.77000045776367,436900
2013-11-22,32.7400016784668,32.93000030517578,32.220001220703125,32.40999984741211,32.40999984741211,498600
2013-11-25,32.38999938964844,32.970001220703125,32.04999923706055,32.400001525878906,32.400001525878906,303500
2013-11-26,32.380001068115234,32.810001373291016,32.310001373291016,32.529998779296875,32.529998779296875,483800
2013-11-27,32.66999816894531,33.290000915527344,32.56999969482422,33.279998779296875,33.279998779296875,390900
2013-11-29,33.290000915527344,33.75,33.09000015258789,33.09000015258789,33.09000015258789,147800
2013-12-02,32.869998931884766,35.970001220703125,32.869998931884766,34.029998779296875,34.029998779296875,782600
2013-12-03,33.880001068115234,34.599998474121094,33.5099983215332,34.310001373291016,34.310001373291016,768200
2013-12-04,34.2400016784668,35.470001220703125,34.0,34.58000183105469,34.58000183105469,903500
2013-12-05,34.56999969482422,35.369998931884766,34.369998931884766,34.439998626708984,34.439998626708984,532100
2013-12-06,34.59000015258789,34.810001373291016,33.869998931884766,34.650001525878906,34.650001525878906,532400
2013-12-09,34.75,34.79999923706055,34.04999923706055,34.27000045776367,34.27000045776367,549600
2013-12-10,34.2599983215332,34.2599983215332,33.029998779296875,33.29999923706055,33.29999923706055,612400
2013-12-11,33.439998626708984,34.08000183105469,33.150001525878906,33.560001373291016,33.560001373291016,505400
2013-12-12,33.93000030517578,35.08000183105469,33.630001068115234,34.599998474121094,34.599998474121094,984300
2013-12-13,34.560001373291016,34.900001525878906,34.13999938964844,34.5,34.5,552800
2013-12-16,34.52000045776367,34.900001525878906,34.060001373291016,34.380001068115234,34.380001068115234,443400
2013-12-17,34.400001525878906,34.47999954223633,33.86000061035156,34.27000045776367,34.27000045776367,234200
2013-12-18,34.279998779296875,34.790000915527344,34.0,34.34000015258789,34.34000015258789,761200
2013-12-19,34.369998931884766,34.59000015258789,32.880001068115234,33.41999816894531,33.41999816894531,805900
2013-12-20,33.61000061035156,34.560001373291016,33.529998779296875,34.369998931884766,34.369998931884766,945000
2013-12-23,34.560001373291016,34.9900016784668,33.61000061035156,33.880001068115234,33.880001068115234,505100
2013-12-24,33.810001373291016,34.20000076293945,33.650001525878906,34.04999923706055,34.04999923706055,319400
2013-12-26,34.11000061035156,34.75,33.7400016784668,34.619998931884766,34.619998931884766,452900
2013-12-27,34.790000915527344,35.38999938964844,34.63999938964844,35.060001373291016,35.060001373291016,364400
2013-12-30,35.130001068115234,35.77000045776367,34.790000915527344,35.33000183105469,35.33000183105469,276500
2013-12-31,35.290000915527344,35.93000030517578,35.209999084472656,35.40999984741211,35.40999984741211,402200
2014-01-02,35.25,35.63999938964844,34.130001068115234,34.75,34.75,582800
2014-01-03,34.4900016784668,35.150001525878906,34.4900016784668,34.79999923706055,34.79999923706055,648500
2014-01-06,35.02000045776367,35.45000076293945,34.70000076293945,35.0099983215332,35.0099983215332,637500
2014-01-07,34.810001373291016,35.58000183105469,34.810001373291016,35.470001220703125,35.470001220703125,507400
2014-01-08,35.5,35.58000183105469,35.209999084472656,35.47999954223633,35.47999954223633,652300
2014-01-09,35.470001220703125,36.689998626708984,35.27000045776367,36.63999938964844,36.63999938964844,727400
2014-01-10,36.709999084472656,37.2599983215332,36.5,37.04999923706055,37.04999923706055,802300
2014-01-13,36.84000015258789,38.130001068115234,36.779998779296875,37.25,37.25,977700
2014-01-14,37.54999923706055,37.84000015258789,36.22999954223633,36.91999816894531,36.91999816894531,1020500
2014-01-15,37.18000030517578,37.380001068115234,36.5099983215332,37.06999969482422,37.06999969482422,624700
2014-01-16,37.099998474121094,37.79999923706055,36.9900016784668,37.630001068115234,37.630001068115234,593100
2014-01-17,37.70000076293945,37.720001220703125,36.91999816894531,37.36000061035156,37.36000061035156,762600
2014-01-21,37.439998626708984,38.0,37.119998931884766,37.68000030517578,37.68000030517578,432000
2014-01-22,37.81999969482422,38.20000076293945,37.130001068115234,37.20000076293945,37.20000076293945,445300
2014-01-23,37.150001525878906,37.150001525878906,36.2599983215332,36.77000045776367,36.77000045776367,407500
2014-01-24,37.08000183105469,37.25,35.86000061035156,36.68000030517578,36.68000030517578,503500
2014-01-27,36.75,37.27000045776367,36.13999938964844,36.150001525878906,36.150001525878906,959500
2014-01-28,36.06999969482422,37.349998474121094,36.0,37.099998474121094,37.099998474121094,593600
2014-01-29,36.720001220703125,37.83000183105469,36.529998779296875,37.560001373291016,37.560001373291016,791900
2014-01-30,37.900001525878906,39.2599983215332,37.86000061035156,39.25,39.25,905100
2014-01-31,38.7599983215332,40.52000045776367,38.7599983215332,40.459999084472656,40.459999084472656,879500
2014-02-03,40.470001220703125,41.20000076293945,38.91999816894531,38.97999954223633,38.97999954223633,869100
2014-02-04,41.029998779296875,42.15999984741211,38.68000030517578,38.86000061035156,38.86000061035156,1160600
2014-02-05,38.7599983215332,40.09000015258789,38.619998931884766,40.0,40.0,659900
2014-02-06,40.029998779296875,40.5,38.52000045776367,38.720001220703125,38.720001220703125,523700
2014-02-07,38.720001220703125,39.349998474121094,37.279998779296875,37.709999084472656,37.709999084472656,1204800
2014-02-10,37.7599983215332,39.7400016784668,37.75,39.72999954223633,39.72999954223633,808500
2014-02-11,39.790000915527344,40.52000045776367,39.279998779296875,40.25,40.25,585600
2014-02-12,40.380001068115234,41.29999923706055,40.27000045776367,41.099998474121094,41.099998474121094,457300
2014-02-13,41.099998474121094,42.849998474121094,40.880001068115234,42.560001373291016,42.560001373291016,949300
2014-02-14,42.630001068115234,43.59000015258789,42.08000183105469,43.41999816894531,43.41999816894531,995800
2014-02-18,43.5,44.20000076293945,43.130001068115234,43.93000030517578,43.93000030517578,914500
2014-02-19,43.970001220703125,45.040000915527344,43.91999816894531,44.529998779296875,44.529998779296875,1103100
2014-02-20,44.34000015258789,44.34000015258789,42.040000915527344,43.43000030517578,43.43000030517578,1778700
2014-02-21,46.93000030517578,47.7400016784668,42.54999923706055,43.11000061035156,43.11000061035156,1827300
2014-02-24,43.25,45.529998779296875,43.25,44.959999084472656,44.959999084472656,1500200
2014-02-25,44.040000915527344,46.0,44.0099983215332,45.0,45.0,1338700
2014-02-26,44.810001373291016,46.15999984741211,44.720001220703125,45.459999084472656,45.459999084472656,891100
2014-02-27,45.31999969482422,46.459999084472656,45.119998931884766,46.2400016784668,46.2400016784668,566100
2014-02-28,46.439998626708984,47.099998474121094,44.689998626708984,45.099998474121094,45.099998474121094,1032100
2014-03-03,44.75,45.20000076293945,43.599998474121094,45.08000183105469,45.08000183105469,833200
2014-03-04,45.709999084472656,47.619998931884766,45.5099983215332,46.88999938964844,46.88999938964844,1041800
2014-03-05,46.86000061035156,49.209999084472656,46.5,49.130001068115234,49.130001068115234,1327800
2014-03-06,49.33000183105469,49.83000183105469,47.02000045776367,47.540000915527344,47.540000915527344,875900
2014-03-07,47.7400016784668,47.869998931884766,46.279998779296875,47.41999816894531,47.41999816894531,573500
2014-03-10,47.63999938964844,47.63999938964844,45.41999816894531,46.13999938964844,46.13999938964844,981500
2014-03-11,45.97999954223633,47.560001373291016,45.380001068115234,45.720001220703125,45.720001220703125,1626400
2014-03-12,45.0099983215332,45.83000183105469,44.27000045776367,45.81999969482422,45.81999969482422,1067000
2014-03-13,45.75,46.9900016784668,44.63999938964844,45.04999923706055,45.04999923706055,894900
2014-03-14,44.79999923706055,45.36000061035156,43.880001068115234,44.70000076293945,44.70000076293945,1076300
2014-03-17,44.709999084472656,46.02000045776367,44.349998474121094,45.63999938964844,45.63999938964844,799400
2014-03-18,45.84000015258789,47.459999084472656,45.720001220703125,47.41999816894531,47.41999816894531,971900
2014-03-19,47.31999969482422,47.849998474121094,46.4900016784668,46.599998474121094,46.599998474121094,572900
2014-03-20,46.5,47.130001068115234,46.0099983215332,46.43000030517578,46.43000030517578,342300
2014-03-21,46.29999923706055,46.72999954223633,43.97999954223633,44.4900016784668,44.4900016784668,1088900
2014-03-24,44.529998779296875,44.95000076293945,41.540000915527344,43.09000015258789,43.09000015258789,1849100
2014-03-25,42.27000045776367,44.720001220703125,42.209999084472656,43.04999923706055,43.04999923706055,1031000
2014-03-26,43.130001068115234,43.72999954223633,42.310001373291016,42.310001373291016,42.310001373291016,622100
2014-03-27,41.900001525878906,42.060001373291016,39.84000015258789,40.5,40.5,1303900
2014-03-28,40.369998931884766,41.099998474121094,39.709999084472656,40.040000915527344,40.040000915527344,710400
2014-03-31,40.349998474121094,41.63999938964844,39.66999816894531,41.36000061035156,41.36000061035156,646400
2014-04-01,41.189998626708984,41.75,40.81999969482422,41.290000915527344,41.290000915527344,795000
2014-04-02,41.52000045776367,42.290000915527344,40.66999816894531,41.95000076293945,41.95000076293945,1071400
2014-04-03,42.119998931884766,42.459999084472656,40.58000183105469,40.779998779296875,40.779998779296875,622800
2014-04-04,41.08000183105469,41.65999984741211,37.68000030517578,37.9900016784668,37.9900016784668,1438800
2014-04-07,37.709999084472656,37.84000015258789,34.93000030517578,35.68000030517578,35.68000030517578,1981100
2014-04-08,35.75,37.52000045776367,35.5099983215332,36.720001220703125,36.720001220703125,1248700
2014-04-09,36.7599983215332,38.369998931884766,36.400001525878906,38.279998779296875,38.279998779296875,963800
2014-04-10,39.31999969482422,39.47999954223633,36.02000045776367,36.04999923706055,36.04999923706055,1458700
2014-04-11,36.0,36.5099983215332,34.59000015258789,35.619998931884766,35.619998931884766,1404700
2014-04-14,35.86000061035156,36.27000045776367,34.900001525878906,35.290000915527344,35.290000915527344,511200
2014-04-15,35.529998779296875,35.529998779296875,32.279998779296875,34.15999984741211,34.15999984741211,1737500
2014-04-16,34.18000030517578,36.380001068115234,34.18000030517578,36.029998779296875,36.029998779296875,1089100
2014-04-17,36.029998779296875,36.9900016784668,35.349998474121094,36.58000183105469,36.58000183105469,693100
2014-04-21,36.70000076293945,36.88999938964844,35.709999084472656,36.06999969482422,36.06999969482422,490200
2014-04-22,36.119998931884766,36.75,35.83000183105469,36.119998931884766,36.119998931884766,545400
2014-04-23,36.02000045776367,36.29999923706055,35.59000015258789,36.0099983215332,36.0099983215332,580200
2014-04-24,36.290000915527344,37.0,34.02000045776367,34.68000030517578,34.68000030517578,1014900
2014-04-25,34.41999816894531,34.52000045776367,33.310001373291016,33.380001068115234,33.380001068115234,878200
2014-04-28,33.599998474121094,33.9900016784668,32.02000045776367,32.65999984741211,32.65999984741211,771800
2014-04-29,32.65999984741211,33.95000076293945,32.29999923706055,32.459999084472656,32.459999084472656,804800
2014-04-30,32.459999084472656,32.790000915527344,31.739999771118164,32.439998626708984,32.439998626708984,771900
2014-05-01,32.25,33.040000915527344,31.8700008392334,32.75,32.75,1474700
2014-05-02,32.689998626708984,33.939998626708984,28.09000015258789,31.850000381469727,31.850000381469727,3337500
2014-05-05,31.010000228881836,31.920000076293945,30.899999618530273,31.489999771118164,31.489999771118164,1246000
2014-05-06,31.270000457763672,31.760000228881836,30.469999313354492,30.5,30.5,891600
2014-05-07,30.399999618530273,30.530000686645508,28.68000030517578,29.68000030517578,29.68000030517578,1435700
2014-05-08,29.670000076293945,30.799999237060547,29.360000610351562,30.100000381469727,30.100000381469727,1244600
2014-05-09,29.920000076293945,31.549999237060547,29.540000915527344,31.520000457763672,31.520000457763672,1156700
2014-05-12,31.520000457763672,32.65999984741211,31.420000076293945,32.09000015258789,32.09000015258789,953500
2014-05-13,32.119998931884766,32.65999984741211,31.479999542236328,31.860000610351562,31.860000610351562,865300
2014-05-14,31.700000762939453,32.75,31.489999771118164,31.809999465942383,31.809999465942383,838200
2014-05-15,31.549999237060547,31.84000015258789,30.780000686645508,31.75,31.75,797500
2014-05-16,31.729999542236328,32.630001068115234,31.549999237060547,32.41999816894531,32.41999816894531,1219800
2014-05-19,32.38999938964844,32.869998931884766,32.0099983215332,32.560001373291016,32.560001373291016,947600
2014-05-20,32.4900016784668,32.56999969482422,31.049999237060547,31.299999237060547,31.299999237060547,983900
2014-05-21,31.670000076293945,32.88999938964844,31.540000915527344,31.93000030517578,31.93000030517578,880100
2014-05-22,31.969999313354492,32.689998626708984,31.850000381469727,32.349998474121094,32.349998474121094,597400
2014-05-23,32.38999938964844,33.40999984741211,32.06999969482422,33.18000030517578,33.18000030517578,617100
2014-05-27,33.459999084472656,34.58000183105469,33.04999923706055,34.560001373291016,34.560001373291016,784900
2014-05-28,34.599998474121094,34.97999954223633,34.16999816894531,34.18000030517578,34.18000030517578,780400
2014-05-29,34.22999954223633,34.560001373291016,34.16999816894531,34.41999816894531,34.41999816894531,614800
2014-05-30,34.43000030517578,34.650001525878906,33.58000183105469,33.7599983215332,33.7599983215332,796000
2014-06-02,33.63999938964844,33.790000915527344,32.47999954223633,33.2400016784668,33.2400016784668,447900
2014-06-03,32.779998779296875,33.16999816894531,32.13999938964844,32.58000183105469,32.58000183105469,580500
2014-06-04,33.75,34.90999984741211,33.25,34.880001068115234,34.880001068115234,1143600
2014-06-05,35.540000915527344,36.47999954223633,35.5,36.130001068115234,36.130001068115234,890400
2014-06-06,36.599998474121094,36.72999954223633,36.040000915527344,36.720001220703125,36.720001220703125,663100
2014-06-09,36.54999923706055,37.47999954223633,36.369998931884766,37.380001068115234,37.380001068115234,838900
2014-06-10,37.15999984741211,37.52000045776367,36.5099983215332,37.08000183105469,37.08000183105469,662600
2014-06-11,36.84000015258789,36.959999084472656,35.90999984741211,36.22999954223633,36.22999954223633,453200
2014-06-12,36.130001068115234,36.4900016784668,35.459999084472656,36.0099983215332,36.0099983215332,555600
2014-06-13,36.189998626708984,37.060001373291016,35.290000915527344,36.0,36.0,518100
2014-06-16,36.150001525878906,37.869998931884766,36.040000915527344,37.83000183105469,37.83000183105469,817500
2014-06-17,37.95000076293945,39.97999954223633,37.2400016784668,39.220001220703125,39.220001220703125,1320200
2014-06-18,39.09000015258789,39.90999984741211,39.029998779296875,39.88999938964844,39.88999938964844,795500
2014-06-19,39.91999816894531,40.02000045776367,39.33000183105469,39.9900016784668,39.9900016784668,519500
2014-06-20,40.0,41.060001373291016,39.66999816894531,41.0,41.0,1022900
2014-06-23,40.970001220703125,41.54999923706055,40.529998779296875,40.90999984741211,40.90999984741211,788400
2014-06-24,40.61000061035156,41.59000015258789,40.59000015258789,40.7400016784668,40.7400016784668,643500
2014-06-25,40.4900016784668,40.97999954223633,40.20000076293945,40.810001373291016,40.810001373291016,519600
2014-06-26,40.880001068115234,40.97999954223633,40.150001525878906,40.400001525878906,40.400001525878906,559600
2014-06-27,40.16999816894531,40.25,39.34000015258789,39.650001525878906,39.650001525878906,1016400
2014-06-30,39.5,40.209999084472656,39.43000030517578,39.65999984741211,39.65999984741211,902200
2014-07-01,39.93000030517578,40.08000183105469,39.369998931884766,39.68000030517578,39.68000030517578,1416900
2014-07-02,39.709999084472656,40.5099983215332,39.5,39.72999954223633,39.72999954223633,551000
2014-07-03,40.0,40.099998474121094,39.349998474121094,39.83000183105469,39.83000183105469,235900
2014-07-07,39.68000030517578,39.68000030517578,37.84000015258789,37.93000030517578,37.93000030517578,694100
2014-07-08,37.7400016784668,37.81999969482422,35.2400016784668,35.349998474121094,35.349998474121094,1196700
2014-07-09,35.380001068115234,36.29999923706055,35.380001068115234,36.16999816894531,36.16999816894531,589100
2014-07-10,34.91999816894531,36.38999938964844,34.66999816894531,35.93000030517578,35.93000030517578,423500
2014-07-11,35.810001373291016,36.7400016784668,35.599998474121094,36.61000061035156,36.61000061035156,533700
2014-07-14,37.09000015258789,37.16999816894531,36.27000045776367,37.0,37.0,453300
2014-07-15,37.08000183105469,37.43000030517578,36.290000915527344,36.40999984741211,36.40999984741211,560200
2014-07-16,36.650001525878906,36.81999969482422,36.0099983215332,36.529998779296875,36.529998779296875,498400
2014-07-17,36.13999938964844,36.849998474121094,35.709999084472656,35.880001068115234,35.880001068115234,711100
2014-07-18,35.720001220703125,36.79999923706055,35.5,36.720001220703125,36.720001220703125,564100
2014-07-21,36.45000076293945,37.279998779296875,36.119998931884766,36.95000076293945,36.95000076293945,433100
2014-07-22,37.209999084472656,38.380001068115234,36.95000076293945,37.83000183105469,37.83000183105469,485300
2014-07-23,37.93000030517578,38.56999969482422,37.880001068115234,38.5,38.5,555600
2014-07-24,38.41999816894531,38.779998779296875,38.04999923706055,38.43000030517578,38.43000030517578,557000
2014-07-25,38.029998779296875,39.290000915527344,37.86000061035156,39.04999923706055,39.04999923706055,763100
2014-07-28,39.20000076293945,39.439998626708984,38.099998474121094,39.310001373291016,39.310001373291016,715400
2014-07-29,39.310001373291016,40.380001068115234,39.0,39.880001068115234,39.880001068115234,793300
2014-07-30,40.20000076293945,40.939998626708984,39.61000061035156,40.11000061035156,40.11000061035156,776000
2014-07-31,39.41999816894531,39.560001373291016,37.65999984741211,37.68000030517578,37.68000030517578,743600
2014-08-01,37.720001220703125,38.16999816894531,36.529998779296875,37.22999954223633,37.22999954223633,819200
2014-08-04,37.47999954223633,38.58000183105469,37.189998626708984,38.41999816894531,38.41999816894531,616000
2014-08-05,38.2599983215332,39.4900016784668,37.95000076293945,39.099998474121094,39.099998474121094,563900
2014-08-06,38.61000061035156,39.5,38.150001525878906,38.209999084472656,38.209999084472656,888600
2014-08-07,40.2400016784668,43.97999954223633,39.81999969482422,43.40999984741211,43.40999984741211,2591000
2014-08-08,43.25,44.43000030517578,43.02000045776367,44.25,44.25,1042200
2014-08-11,44.5099983215332,44.939998626708984,43.77000045776367,43.849998474121094,43.849998474121094,902000
2014-08-12,43.709999084472656,43.93000030517578,42.779998779296875,42.88999938964844,42.88999938964844,713700
2014-08-13,43.13999938964844,44.27000045776367,42.599998474121094,43.88999938964844,43.88999938964844,566700
2014-08-14,43.66999816894531,44.439998626708984,43.36000061035156,43.93000030517578,43.93000030517578,487300
2014-08-15,44.369998931884766,44.369998931884766,42.88999938964844,43.619998931884766,43.619998931884766,451100
2014-08-18,43.900001525878906,44.41999816894531,43.5,44.40999984741211,44.40999984741211,577800
2014-08-19,44.369998931884766,45.45000076293945,44.29999923706055,44.91999816894531,44.91999816894531,825400
2014-08-20,44.63999938964844,44.90999984741211,43.619998931884766,44.13999938964844,44.13999938964844,427900
2014-08-21,44.20000076293945,44.22999954223633,42.97999954223633,43.540000915527344,43.540000915527344,692500
2014-08-22,43.61000061035156,44.810001373291016,43.0,44.08000183105469,44.08000183105469,686800
2014-08-25,44.779998779296875,44.779998779296875,43.540000915527344,43.90999984741211,43.90999984741211,364200
2014-08-26,43.849998474121094,46.369998931884766,43.83000183105469,45.88999938964844,45.88999938964844,985500
2014-08-27,45.59000015258789,46.119998931884766,44.93000030517578,45.18000030517578,45.18000030517578,663300
2014-08-28,44.869998931884766,45.41999816894531,44.13999938964844,44.279998779296875,44.279998779296875,448300
2014-08-29,44.349998474121094,44.93000030517578,44.02000045776367,44.20000076293945,44.20000076293945,331000
2014-09-02,44.529998779296875,44.939998626708984,44.02000045776367,44.81999969482422,44.81999969482422,519800
2014-09-03,44.619998931884766,44.650001525878906,43.31999969482422,43.58000183105469,43.58000183105469,966900
2014-09-04,43.540000915527344,43.95000076293945,42.5,42.68000030517578,42.68000030517578,811100
2014-09-05,42.529998779296875,43.209999084472656,41.91999816894531,42.849998474121094,42.849998474121094,428900
2014-09-08,42.68000030517578,43.290000915527344,42.59000015258789,43.189998626708984,43.189998626708984,430800
2014-09-09,43.22999954223633,43.529998779296875,42.34000015258789,42.5,42.5,536900
2014-09-10,42.63999938964844,43.619998931884766,42.540000915527344,43.29999923706055,43.29999923706055,672400
2014-09-11,42.880001068115234,43.849998474121094,42.529998779296875,43.689998626708984,43.689998626708984,606300
2014-09-12,43.7599983215332,44.06999969482422,42.459999084472656,42.5099983215332,42.5099983215332,768400
2014-09-15,42.599998474121094,42.599998474121094,40.560001373291016,40.83000183105469,40.83000183105469,726900
2014-09-16,40.79999923706055,41.47999954223633,40.36000061035156,41.06999969482422,41.06999969482422,528700
2014-09-17,41.029998779296875,41.79999923706055,40.84000015258789,41.560001373291016,41.560001373291016,581600
2014-09-18,41.880001068115234,42.619998931884766,41.54999923706055,42.25,42.25,441600
2014-09-19,42.41999816894531,42.47999954223633,41.470001220703125,41.779998779296875,41.779998779296875,747600
2014-09-22,41.63999938964844,41.650001525878906,39.900001525878906,40.45000076293945,40.45000076293945,591700
2014-09-23,40.18000030517578,40.790000915527344,39.90999984741211,40.34000015258789,40.34000015258789,759900
2014-09-24,40.52000045776367,41.630001068115234,40.119998931884766,41.380001068115234,41.380001068115234,457200
2014-09-25,41.33000183105469,41.33000183105469,40.349998474121094,40.59000015258789,40.59000015258789,455300
2014-09-26,40.689998626708984,41.189998626708984,40.59000015258789,41.0,41.0,279400
2014-09-29,40.5,41.66999816894531,40.119998931884766,41.38999938964844,41.38999938964844,390100
2014-09-30,41.220001220703125,41.43000030517578,39.97999954223633,39.9900016784668,39.9900016784668,578600
2014-10-01,39.779998779296875,39.84000015258789,38.79999923706055,39.08000183105469,39.08000183105469,715900
2014-10-02,39.060001373291016,41.02000045776367,38.77000045776367,40.650001525878906,40.650001525878906,516400
2014-10-03,41.25,42.93000030517578,41.18000030517578,42.59000015258789,42.59000015258789,683400
2014-10-06,42.81999969482422,42.9900016784668,41.2400016784668,41.25,41.25,524200
2014-10-07,40.630001068115234,41.13999938964844,40.2599983215332,40.369998931884766,40.369998931884766,458200
2014-10-08,40.34000015258789,42.04999923706055,40.0,41.93000030517578,41.93000030517578,489300
2014-10-09,41.88999938964844,42.52000045776367,40.650001525878906,40.66999816894531,40.66999816894531,410100
2014-10-10,40.400001525878906,42.040000915527344,40.290000915527344,40.5,40.5,515800
2014-10-13,40.619998931884766,41.720001220703125,39.650001525878906,40.52000045776367,40.52000045776367,653200
2014-10-14,40.959999084472656,41.68000030517578,40.54999923706055,40.9900016784668,40.9900016784668,491400
2014-10-15,40.33000183105469,41.93000030517578,38.90999984741211,41.4900016784668,41.4900016784668,799800
2014-10-16,40.849998474121094,42.41999816894531,40.599998474121094,41.380001068115234,41.380001068115234,601300
2014-10-17,42.02000045776367,42.02000045776367,40.63999938964844,40.65999984741211,40.65999984741211,445600
2014-10-20,40.54999923706055,42.189998626708984,40.38999938964844,42.0,42.0,537800
2014-10-21,42.650001525878906,44.13999938964844,42.4900016784668,44.08000183105469,44.08000183105469,544100
2014-10-22,44.150001525878906,44.58000183105469,42.119998931884766,42.84000015258789,42.84000015258789,662100
2014-10-23,43.33000183105469,44.529998779296875,42.83000183105469,44.08000183105469,44.08000183105469,499200
2014-10-24,44.220001220703125,44.529998779296875,43.150001525878906,43.310001373291016,43.310001373291016,598200
2014-10-27,43.310001373291016,43.310001373291016,42.56999969482422,43.099998474121094,43.099998474121094,508400
2014-10-28,43.25,44.529998779296875,43.18000030517578,44.15999984741211,44.15999984741211,997700
2014-10-29,44.27000045776367,44.86000061035156,44.150001525878906,44.5,44.5,558900
2014-10-30,44.38999938964844,45.5,43.95000076293945,44.77000045776367,44.77000045776367,655100
2014-10-31,46.029998779296875,46.2400016784668,44.91999816894531,44.95000076293945,44.95000076293945,589500
2014-11-03,45.150001525878906,45.150001525878906,43.849998474121094,43.959999084472656,43.959999084472656,623400
2014-11-04,44.290000915527344,45.400001525878906,44.099998474121094,44.47999954223633,44.47999954223633,788500
2014-11-05,45.0,45.16999816894531,43.88999938964844,44.0,44.0,478000
2014-11-06,43.45000076293945,44.77000045776367,43.45000076293945,44.630001068115234,44.630001068115234,1172500
2014-11-07,46.790000915527344,52.08000183105469,46.61000061035156,50.93000030517578,50.93000030517578,2408600
2014-11-10,50.790000915527344,53.5,50.06999969482422,53.5,53.5,1248000
2014-11-11,53.08000183105469,54.0,52.5,53.13999938964844,53.13999938964844,846000
2014-11-12,52.70000076293945,54.16999816894531,52.650001525878906,54.0099983215332,54.0099983215332,594100
2014-11-13,53.5,54.5,53.36000061035156,53.630001068115234,53.630001068115234,474000
2014-11-14,53.400001525878906,53.619998931884766,52.25,52.72999954223633,52.72999954223633,522200
2014-11-17,52.779998779296875,53.08000183105469,51.66999816894531,51.7400016784668,51.7400016784668,518300
2014-11-18,51.56999969482422,52.599998474121094,51.47999954223633,51.59000015258789,51.59000015258789,675300
2014-11-19,51.439998626708984,51.7400016784668,50.43000030517578,50.47999954223633,50.47999954223633,561900
2014-11-20,50.33000183105469,51.099998474121094,50.099998474121094,50.849998474121094,50.849998474121094,378600
2014-11-21,51.720001220703125,51.720001220703125,49.84000015258789,50.369998931884766,50.369998931884766,739000
2014-11-24,50.40999984741211,51.2599983215332,50.060001373291016,51.18000030517578,51.18000030517578,804900
2014-11-25,51.40999984741211,51.79999923706055,50.43000030517578,50.709999084472656,50.709999084472656,643000
2014-11-26,50.83000183105469,51.540000915527344,50.630001068115234,51.349998474121094,51.349998474121094,436700
2014-11-28,51.68000030517578,52.2400016784668,51.349998474121094,51.459999084472656,51.459999084472656,418100
2014-12-01,50.900001525878906,52.0,50.540000915527344,51.29999923706055,51.29999923706055,801800
2014-12-02,51.40999984741211,53.47999954223633,51.400001525878906,53.45000076293945,53.45000076293945,683100
2014-12-03,53.45000076293945,55.150001525878906,53.16999816894531,54.5,54.5,688800
2014-12-04,54.310001373291016,55.09000015258789,53.900001525878906,54.59000015258789,54.59000015258789,627400
2014-12-05,54.54999923706055,55.70000076293945,54.47999954223633,55.310001373291016,55.310001373291016,630800
2014-12-08,55.400001525878906,56.599998474121094,54.66999816894531,56.060001373291016,56.060001373291016,690800
2014-12-09,55.47999954223633,58.31999969482422,55.470001220703125,58.29999923706055,58.29999923706055,647800
2014-12-10,58.13999938964844,58.150001525878906,55.5,55.540000915527344,55.540000915527344,767500
2014-12-11,55.65999984741211,55.939998626708984,54.099998474121094,54.33000183105469,54.33000183105469,840300
2014-12-12,53.630001068115234,54.630001068115234,53.0099983215332,53.65999984741211,53.65999984741211,801500
2014-12-15,53.72999954223633,54.189998626708984,52.400001525878906,52.849998474121094,52.849998474121094,746300
2014-12-16,52.61000061035156,54.2400016784668,52.599998474121094,53.2599983215332,53.2599983215332,420700
2014-12-17,53.7400016784668,55.84000015258789,53.08000183105469,55.7400016784668,55.7400016784668,556100
2014-12-18,56.61000061035156,56.880001068115234,55.81999969482422,56.849998474121094,56.849998474121094,549800
2014-12-19,56.810001373291016,57.20000076293945,56.279998779296875,56.54999923706055,56.54999923706055,706600
2014-12-22,56.77000045776367,56.779998779296875,56.099998474121094,56.439998626708984,56.439998626708984,374200
2014-12-23,56.72999954223633,56.900001525878906,53.52000045776367,53.95000076293945,53.95000076293945,807100
2014-12-24,54.310001373291016,55.5,53.959999084472656,54.939998626708984,54.939998626708984,247100
2014-12-26,55.06999969482422,55.599998474121094,54.70000076293945,55.150001525878906,55.150001525878906,196100
2014-12-29,55.91999816894531,56.68000030517578,55.439998626708984,56.130001068115234,56.130001068115234,398200
2014-12-30,55.779998779296875,56.220001220703125,54.77000045776367,55.20000076293945,55.20000076293945,341100
2014-12-31,55.36000061035156,56.380001068115234,54.970001220703125,55.04999923706055,55.04999923706055,305800
2015-01-02,55.619998931884766,56.61000061035156,54.220001220703125,54.5099983215332,54.5099983215332,401900
2015-01-05,54.09000015258789,56.08000183105469,54.09000015258789,55.459999084472656,55.459999084472656,542800
2015-01-06,55.20000076293945,55.790000915527344,53.900001525878906,54.209999084472656,54.209999084472656,819100
2015-01-07,54.630001068115234,55.61000061035156,53.29999923706055,55.599998474121094,55.599998474121094,667900
2015-01-08,56.2400016784668,58.630001068115234,55.599998474121094,58.369998931884766,58.369998931884766,913500
2015-01-09,58.529998779296875,58.93000030517578,57.43000030517578,58.189998626708984,58.189998626708984,541600
2015-01-12,58.43000030517578,59.47999954223633,58.41999816894531,59.029998779296875,59.029998779296875,820000
2015-01-13,60.5099983215332,62.849998474121094,59.150001525878906,59.9900016784668,59.9900016784668,1033300
2015-01-14,59.5,60.540000915527344,58.79999923706055,59.13999938964844,59.13999938964844,654400
2015-01-15,59.45000076293945,59.619998931884766,56.93000030517578,57.41999816894531,57.41999816894531,555100
2015-01-16,57.31999969482422,59.040000915527344,56.560001373291016,58.970001220703125,58.970001220703125,409200
2015-01-20,59.279998779296875,59.279998779296875,56.63999938964844,57.5,57.5,796300
2015-01-21,57.2599983215332,57.83000183105469,55.95000076293945,56.2400016784668,56.2400016784668,479800
2015-01-22,56.810001373291016,58.11000061035156,55.93000030517578,58.11000061035156,58.11000061035156,592200
2015-01-23,57.95000076293945,58.7599983215332,57.130001068115234,57.939998626708984,57.939998626708984,437500
2015-01-26,58.790000915527344,62.810001373291016,58.58000183105469,62.779998779296875,62.779998779296875,1388100
2015-01-27,62.27000045776367,63.560001373291016,61.81999969482422,62.31999969482422,62.31999969482422,805500
2015-01-28,62.880001068115234,63.43000030517578,60.36000061035156,60.59000015258789,60.59000015258789,794200
2015-01-29,60.599998474121094,61.0,59.400001525878906,61.0,61.0,610900
2015-01-30,60.4900016784668,61.349998474121094,59.68000030517578,59.779998779296875,59.779998779296875,499800
2015-02-02,60.0,61.43000030517578,59.900001525878906,61.310001373291016,61.310001373291016,972600
2015-02-03,61.34000015258789,61.84000015258789,59.939998626708984,61.220001220703125,61.220001220703125,658600
2015-02-04,61.0099983215332,61.79999923706055,60.529998779296875,60.9900016784668,60.9900016784668,378300
2015-02-05,61.27000045776367,62.060001373291016,60.869998931884766,62.02000045776367,62.02000045776367,450100
2015-02-06,62.31999969482422,63.650001525878906,61.630001068115234,62.47999954223633,62.47999954223633,442900
2015-02-09,62.439998626708984,63.25,60.75,61.59000015258789,61.59000015258789,542200
2015-02-10,62.310001373291016,62.79999923706055,60.689998626708984,62.689998626708984,62.689998626708984,494800
2015-02-11,62.709999084472656,63.97999954223633,62.40999984741211,63.38999938964844,63.38999938964844,390900
2015-02-12,63.790000915527344,63.970001220703125,61.790000915527344,61.939998626708984,61.939998626708984,737700
2015-02-13,62.119998931884766,63.06999969482422,61.880001068115234,62.68000030517578,62.68000030517578,367200
2015-02-17,63.130001068115234,63.130001068115234,61.400001525878906,62.40999984741211,62.40999984741211,387100
2015-02-18,62.400001525878906,62.68000030517578,61.29999923706055,62.61000061035156,62.61000061035156,485600
2015-02-19,62.560001373291016,63.369998931884766,62.310001373291016,63.040000915527344,63.040000915527344,310000
2015-02-20,63.13999938964844,64.44000244140625,62.31999969482422,64.41999816894531,64.41999816894531,381200
2015-02-23,64.63999938964844,64.63999938964844,62.77000045776367,63.529998779296875,63.529998779296875,452300
2015-02-24,63.470001220703125,63.470001220703125,61.06999969482422,61.61000061035156,61.61000061035156,614000
2015-02-25,61.93000030517578,63.36000061035156,61.060001373291016,63.34000015258789,63.34000015258789,962200
2015-02-26,63.34000015258789,63.630001068115234,60.150001525878906,61.959999084472656,61.959999084472656,1252700
2015-02-27,62.25,62.959999084472656,60.52000045776367,60.7400016784668,60.7400016784668,629100
2015-03-02,60.599998474121094,61.0099983215332,59.08000183105469,59.65999984741211,59.65999984741211,1119200
2015-03-03,59.630001068115234,59.72999954223633,57.439998626708984,59.04999923706055,59.04999923706055,1031400
2015-03-04,58.869998931884766,60.189998626708984,58.099998474121094,59.880001068115234,59.880001068115234,732200
2015-03-05,59.81999969482422,60.849998474121094,59.77000045776367,60.54999923706055,60.54999923706055,547200
2015-03-06,59.79999923706055,60.349998474121094,59.02000045776367,59.59000015258789,59.59000015258789,638200
2015-03-09,59.869998931884766,59.93000030517578,58.43000030517578,59.61000061035156,59.61000061035156,760800
2015-03-10,58.91999816894531,59.45000076293945,57.880001068115234,58.5,58.5,1281500
2015-03-11,58.5099983215332,60.029998779296875,57.95000076293945,59.90999984741211,59.90999984741211,836900
2015-03-12,58.91999816894531,60.0,57.900001525878906,59.720001220703125,59.720001220703125,1234700
2015-03-13,59.02000045776367,60.22999954223633,59.02000045776367,60.029998779296875,60.029998779296875,895800
2015-03-16,60.560001373291016,64.0,60.52000045776367,63.0,63.0,970400
2015-03-17,62.91999816894531,63.29999923706055,61.900001525878906,62.310001373291016,62.310001373291016,346000
2015-03-18,62.36000061035156,63.5,61.45000076293945,62.5,62.5,581600
2015-03-19,62.279998779296875,63.68000030517578,61.970001220703125,63.439998626708984,63.439998626708984,385200
2015-03-20,63.47999954223633,64.0,61.619998931884766,61.970001220703125,61.970001220703125,756400
2015-03-23,61.720001220703125,61.86000061035156,60.869998931884766,61.540000915527344,61.540000915527344,619400
2015-03-24,61.599998474121094,62.38999938964844,61.0,61.220001220703125,61.220001220703125,415800
2015-03-25,61.84000015258789,61.84000015258789,59.5,59.77000045776367,59.77000045776367,646100
2015-03-26,59.560001373291016,59.7400016784668,57.81999969482422,58.369998931884766,58.369998931884766,705000
2015-03-27,58.25,60.560001373291016,58.25,60.15999984741211,60.15999984741211,482200
2015-03-30,60.810001373291016,62.540000915527344,60.45000076293945,61.97999954223633,61.97999954223633,667800
2015-03-31,61.689998626708984,62.86000061035156,61.400001525878906,62.34000015258789,62.34000015258789,817800
2015-04-01,61.880001068115234,62.18000030517578,60.79999923706055,61.4900016784668,61.4900016784668,673100
2015-04-02,61.619998931884766,62.9900016784668,61.0,62.95000076293945,62.95000076293945,649600
2015-04-06,62.33000183105469,63.56999969482422,62.0,63.380001068115234,63.380001068115234,608600
2015-04-07,63.470001220703125,64.19999694824219,63.029998779296875,63.209999084472656,63.209999084472656,624200
2015-04-08,63.02000045776367,64.5,62.880001068115234,64.20999908447266,64.20999908447266,706100
2015-04-09,64.2699966430664,65.19000244140625,63.95000076293945,65.0,65.0,776300
2015-04-10,65.30000305175781,68.48999786376953,65.0199966430664,67.88999938964844,67.88999938964844,1310700
2015-04-13,67.9800033569336,68.91000366210938,66.77999877929688,67.41999816894531,67.41999816894531,666000
2015-04-14,67.43000030517578,68.11000061035156,66.7699966430664,67.9000015258789,67.9000015258789,405400
2015-04-15,68.01000213623047,68.79000091552734,67.18000030517578,68.48999786376953,68.48999786376953,691000
2015-04-16,68.58999633789062,68.83999633789062,67.38999938964844,67.93000030517578,67.93000030517578,538100
2015-04-17,67.2699966430664,67.62999725341797,66.68000030517578,67.4000015258789,67.4000015258789,443600
2015-04-20,68.2300033569336,68.69999694824219,67.16000366210938,68.41999816894531,68.41999816894531,498200
2015-04-21,68.55000305175781,70.54000091552734,68.13999938964844,70.33000183105469,70.33000183105469,562100
2015-04-22,70.4000015258789,70.87999725341797,68.61000061035156,69.27999877929688,69.27999877929688,626600
2015-04-23,69.26000213623047,71.23999786376953,69.0199966430664,70.55999755859375,70.55999755859375,1041200
2015-04-24,70.80999755859375,71.02999877929688,69.19999694824219,69.43000030517578,69.43000030517578,650200
2015-04-27,69.88999938964844,70.12000274658203,66.58000183105469,67.55999755859375,67.55999755859375,880000
2015-04-28,67.55000305175781,68.6500015258789,65.80000305175781,68.02999877929688,68.02999877929688,880300
2015-04-29,67.3499984741211,68.33000183105469,66.26000213623047,67.12999725341797,67.12999725341797,1374400
2015-04-30,66.19999694824219,69.6500015258789,65.80000305175781,67.56999969482422,67.56999969482422,1552800
2015-05-01,68.16000366210938,68.4800033569336,66.55999755859375,67.12000274658203,67.12000274658203,906700
2015-05-04,66.73999786376953,68.62999725341797,66.66000366210938,68.19000244140625,68.19000244140625,791000
2015-05-05,67.80999755859375,68.48999786376953,65.76000213623047,66.19999694824219,66.19999694824219,713200
2015-05-06,66.23999786376953,66.73999786376953,65.38999938964844,66.31999969482422,66.31999969482422,497200
2015-05-07,66.11000061035156,68.36000061035156,65.9000015258789,67.4800033569336,67.4800033569336,705400
2015-05-08,68.2300033569336,68.9800033569336,67.16000366210938,67.9000015258789,67.9000015258789,617100
2015-05-11,67.75,68.72000122070312,67.4000015258789,67.5999984741211,67.5999984741211,458900
2015-05-12,67.20999908447266,68.58000183105469,66.1500015258789,68.08000183105469,68.08000183105469,570500
2015-05-13,68.20999908447266,68.26000213623047,66.5,67.7699966430664,67.7699966430664,367100
2015-05-14,68.02999877929688,69.80000305175781,66.55000305175781,68.93000030517578,68.93000030517578,569600
2015-05-15,69.01000213623047,69.22000122070312,67.72000122070312,68.38999938964844,68.38999938964844,290100
2015-05-18,68.30000305175781,70.37000274658203,67.93000030517578,70.0999984741211,70.0999984741211,480100
2015-05-19,70.0,70.37999725341797,69.2699966430664,69.79000091552734,69.79000091552734,439700
2015-05-20,70.0,70.33999633789062,68.73999786376953,69.16999816894531,69.16999816894531,346200
2015-05-21,68.97000122070312,69.20999908447266,67.77999877929688,68.25,68.25,457700
2015-05-22,68.19999694824219,68.87999725341797,67.87999725341797,68.68000030517578,68.68000030517578,474800
2015-05-26,68.0,69.16000366210938,67.68000030517578,68.6500015258789,68.6500015258789,574500
2015-05-27,68.62999725341797,71.7300033569336,68.22000122070312,71.63999938964844,71.63999938964844,847200
2015-05-28,71.44000244140625,71.80000305175781,70.36000061035156,71.2699966430664,71.2699966430664,680100
2015-05-29,71.0,72.72000122070312,70.75,71.72000122070312,71.72000122070312,704000
2015-06-01,71.61000061035156,73.0,71.19000244140625,72.3499984741211,72.3499984741211,566300
2015-06-02,72.02999877929688,73.38999938964844,71.5,72.58999633789062,72.58999633789062,481100
2015-06-03,72.93000030517578,72.98999786376953,71.83999633789062,72.4800033569336,72.4800033569336,453500
2015-06-04,72.11000061035156,72.38999938964844,70.58999633789062,71.86000061035156,71.86000061035156,652400
2015-06-05,71.95999908447266,72.87000274658203,71.43000030517578,72.61000061035156,72.61000061035156,619800
2015-06-08,72.83000183105469,72.83000183105469,71.55999755859375,71.73999786376953,71.73999786376953,492000
2015-06-09,71.88999938964844,71.88999938964844,70.0199966430664,70.9000015258789,70.9000015258789,611000
2015-06-10,71.41999816894531,72.5,70.58999633789062,72.16999816894531,72.16999816894531,543600
2015-06-11,72.2699966430664,73.5,71.94999694824219,73.38999938964844,73.38999938964844,409400
2015-06-12,73.3499984741211,73.3499984741211,72.0999984741211,72.44000244140625,72.44000244140625,662600
2015-06-15,71.38999938964844,72.47000122070312,70.0199966430664,72.37000274658203,72.37000274658203,701700
2015-06-16,72.0199966430664,73.33999633789062,71.80000305175781,72.79000091552734,72.79000091552734,488200
2015-06-17,73.05999755859375,75.48999786376953,73.0199966430664,74.97000122070312,74.97000122070312,827900
2015-06-18,75.0199966430664,77.66999816894531,75.0199966430664,77.4000015258789,77.4000015258789,937900
2015-06-19,77.62999725341797,77.9800033569336,76.87000274658203,77.62000274658203,77.62000274658203,889800
2015-06-22,78.37999725341797,78.37999725341797,77.04000091552734,77.80999755859375,77.80999755859375,647100
2015-06-23,77.80000305175781,78.0,77.25,77.93000030517578,77.93000030517578,708600
2015-06-24,77.97000122070312,78.0999984741211,76.76000213623047,77.0999984741211,77.0999984741211,805300
2015-06-25,77.5,78.16999816894531,77.0199966430664,77.76000213623047,77.76000213623047,825100
2015-06-26,78.16999816894531,79.98999786376953,77.55000305175781,79.5999984741211,79.5999984741211,10387200
2015-06-29,78.48999786376953,80.56999969482422,77.93000030517578,79.0999984741211,79.0999984741211,1442700
2015-06-30,79.9000015258789,80.2300033569336,79.36000061035156,79.9800033569336,79.9800033569336,1282700
2015-07-01,80.56999969482422,81.4000015258789,79.30999755859375,79.7699966430664,79.7699966430664,1116300
2015-07-02,80.0999984741211,80.0999984741211,78.93000030517578,79.36000061035156,79.36000061035156,916300
2015-07-06,78.77999877929688,80.38999938964844,78.0,79.70999908447266,79.70999908447266,2299600
2015-07-07,79.94999694824219,81.16999816894531,78.0,81.06999969482422,81.06999969482422,1172900
2015-07-08,81.62000274658203,81.62000274658203,79.05000305175781,79.51000213623047,79.51000213623047,816700
2015-07-09,80.16000366210938,80.77999877929688,79.95999908447266,80.16000366210938,80.16000366210938,891500
2015-07-10,81.02999877929688,81.54000091552734,80.55999755859375,81.44999694824219,81.44999694824219,899700
2015-07-13,82.26000213623047,83.11000061035156,81.63999938964844,82.01000213623047,82.01000213623047,784900
2015-07-14,82.06999969482422,82.9800033569336,81.81999969482422,82.26000213623047,82.26000213623047,540400
2015-07-15,82.33999633789062,82.61000061035156,80.58999633789062,80.91000366210938,80.91000366210938,651400
2015-07-16,82.0,83.83000183105469,81.27999877929688,83.66999816894531,83.66999816894531,969800
2015-07-17,83.7300033569336,84.08999633789062,82.94000244140625,83.79000091552734,83.79000091552734,370900
2015-07-20,84.20999908447266,84.31999969482422,83.12000274658203,83.4800033569336,83.4800033569336,408200
2015-07-21,83.4800033569336,84.61000061035156,82.55000305175781,84.52999877929688,84.52999877929688,667400
2015-07-22,84.05000305175781,85.77999877929688,84.05000305175781,85.41000366210938,85.41000366210938,477400
2015-07-23,85.37000274658203,86.19999694824219,84.58000183105469,85.12999725341797,85.12999725341797,414600
2015-07-24,84.81999969482422,85.44999694824219,82.80999755859375,83.08999633789062,83.08999633789062,506200
2015-07-27,82.45999908447266,82.5,80.80000305175781,81.69999694824219,81.69999694824219,963300
2015-07-28,82.37999725341797,83.5,80.87999725341797,83.41000366210938,83.41000366210938,581600
2015-07-29,83.5999984741211,83.91999816894531,81.7699966430664,83.55999755859375,83.55999755859375,515100
2015-07-30,83.38999938964844,84.27999877929688,82.0,83.91999816894531,83.91999816894531,437300
2015-07-31,84.5,86.08000183105469,83.45999908447266,84.6500015258789,84.6500015258789,497800
2015-08-03,85.0,85.7699966430664,83.33999633789062,84.52999877929688,84.52999877929688,442600
2015-08-04,84.68000030517578,85.56999969482422,84.0999984741211,84.93000030517578,84.93000030517578,621700
2015-08-05,85.12999725341797,87.0,84.69999694824219,85.94999694824219,85.94999694824219,1592900
2015-08-06,94.69999694824219,97.58000183105469,91.45999908447266,93.30999755859375,93.30999755859375,3661600
2015-08-07,92.48999786376953,93.11000061035156,90.62000274658203,91.76000213623047,91.76000213623047,944700
2015-08-10,91.4800033569336,92.19000244140625,89.5199966430664,90.29000091552734,90.29000091552734,912100
2015-08-11,92.0,96.19000244140625,91.4000015258789,95.91000366210938,95.91000366210938,1460600
2015-08-12,94.97000122070312,96.2300033569336,93.69000244140625,95.81999969482422,95.81999969482422,684400
2015-08-13,96.08999633789062,98.29000091552734,95.31999969482422,97.06999969482422,97.06999969482422,780000
2015-08-14,98.01000213623047,98.8499984741211,97.23999786376953,98.18000030517578,98.18000030517578,660300
2015-08-17,98.31999969482422,98.43000030517578,95.2699966430664,98.11000061035156,98.11000061035156,736600
2015-08-18,97.44999694824219,98.80000305175781,96.5199966430664,96.66000366210938,96.66000366210938,657800
2015-08-19,96.4000015258789,97.01000213623047,94.0,95.5,95.5,754700
2015-08-20,94.5,94.9800033569336,90.5,90.58000183105469,90.58000183105469,1016100
2015-08-21,89.79000091552734,90.9000015258789,88.33999633789062,90.01000213623047,90.01000213623047,1442500
2015-08-24,78.58999633789062,85.48999786376953,76.45999908447266,85.48999786376953,85.48999786376953,1778300
2015-08-25,92.0,92.30999755859375,87.0,89.56999969482422,89.56999969482422,2014000
2015-08-26,91.63999938964844,91.98999786376953,89.16000366210938,91.52999877929688,91.52999877929688,1442500
2015-08-27,93.58999633789062,94.94999694824219,92.0,93.73999786376953,93.73999786376953,1378000
2015-08-28,92.80999755859375,95.66999816894531,92.80999755859375,94.19000244140625,94.19000244140625,1069100
2015-08-31,93.30000305175781,96.23999786376953,93.0999984741211,94.13999938964844,94.13999938964844,1258900
2015-09-01,90.9800033569336,92.2699966430664,87.38999938964844,87.81999969482422,87.81999969482422,1356500
2015-09-02,89.19000244140625,90.0199966430664,87.44000244140625,89.37000274658203,89.37000274658203,609600
2015-09-03,89.88999938964844,90.63999938964844,87.81999969482422,88.01000213623047,88.01000213623047,716900
2015-09-04,87.0,88.9800033569336,86.6500015258789,88.30999755859375,88.30999755859375,527500
2015-09-08,89.88999938964844,91.37000274658203,88.80000305175781,91.05000305175781,91.05000305175781,668900
2015-09-09,91.69999694824219,91.9000015258789,90.25,90.83999633789062,90.83999633789062,901100
2015-09-10,90.4800033569336,97.80000305175781,90.31999969482422,96.43000030517578,96.43000030517578,1779500
2015-09-11,95.66999816894531,97.94999694824219,94.41000366210938,97.41000366210938,97.41000366210938,1036500
2015-09-14,97.91000366210938,98.56999969482422,95.02999877929688,95.7300033569336,95.7300033569336,818900
2015-09-15,96.0,97.0999984741211,95.33000183105469,96.72000122070312,96.72000122070312,533000
2015-09-16,96.58999633789062,97.66999816894531,95.61000061035156,97.47000122070312,97.47000122070312,586300
2015-09-17,98.12000274658203,103.29000091552734,97.68000030517578,101.91000366210938,101.91000366210938,1966400
2015-09-18,100.2300033569336,102.66999816894531,99.91000366210938,100.0,100.0,1635100
2015-09-21,101.08999633789062,101.5999984741211,98.3499984741211,99.88999938964844,99.88999938964844,761500
2015-09-22,98.95999908447266,98.95999908447266,96.26000213623047,97.44999694824219,97.44999694824219,686000
2015-09-23,97.33000183105469,100.72000122070312,96.27999877929688,100.55000305175781,100.55000305175781,887800
2015-09-24,100.11000061035156,100.20999908447266,95.55000305175781,97.04000091552734,97.04000091552734,841800
2015-09-25,98.23999786376953,98.27999877929688,90.79000091552734,92.05999755859375,92.05999755859375,1070300
2015-09-28,90.23999786376953,91.41999816894531,82.23999786376953,84.83000183105469,84.83000183105469,1903000
2015-09-29,84.58000183105469,86.58000183105469,82.05999755859375,82.98999786376953,82.98999786376953,1171900
2015-09-30,84.30000305175781,85.97000122070312,83.45999908447266,85.86000061035156,85.86000061035156,1306200
2015-10-01,85.61000061035156,86.0199966430664,83.83000183105469,85.68000030517578,85.68000030517578,1432000
2015-10-02,86.3499984741211,86.97000122070312,83.68000030517578,86.70999908447266,86.70999908447266,985400
2015-10-05,87.3499984741211,88.7300033569336,83.61000061035156,84.55999755859375,84.55999755859375,1427400
2015-10-06,84.79000091552734,84.79000091552734,78.2699966430664,80.12000274658203,80.12000274658203,1463400
2015-10-07,80.41999816894531,80.6500015258789,77.7300033569336,78.66000366210938,78.66000366210938,1818000
2015-10-08,78.58999633789062,79.19999694824219,74.75,77.98999786376953,77.98999786376953,1364000
2015-10-09,78.44000244140625,78.47000122070312,76.13999938964844,77.55000305175781,77.55000305175781,847100
2015-10-12,77.52999877929688,79.13999938964844,75.91000366210938,77.95999908447266,77.95999908447266,738600
2015-10-13,76.94999694824219,77.2699966430664,75.1500015258789,75.44000244140625,75.44000244140625,1149100
2015-10-14,74.98999786376953,75.18000030517578,70.29000091552734,70.6500015258789,70.6500015258789,2264200
2015-10-15,80.13999938964844,85.41000366210938,76.48999786376953,84.3499984741211,84.3499984741211,4275400
2015-10-16,84.38999938964844,86.1500015258789,82.12999725341797,83.27999877929688,83.27999877929688,2134900
2015-10-19,83.37999725341797,84.9000015258789,82.16000366210938,83.25,83.25,926800
2015-10-20,82.73999786376953,83.87000274658203,79.55000305175781,80.58000183105469,80.58000183105469,776500
2015-10-21,81.0999984741211,82.44999694824219,77.62000274658203,79.61000061035156,79.61000061035156,869000
2015-10-22,80.19999694824219,80.6500015258789,75.63999938964844,78.04000091552734,78.04000091552734,1259600
2015-10-23,78.43000030517578,82.62999725341797,78.0,82.5,82.5,1199300
2015-10-26,82.12999725341797,84.05999755859375,81.12000274658203,82.5199966430664,82.5199966430664,890200
2015-10-27,81.79000091552734,83.83000183105469,81.16000366210938,83.58999633789062,83.58999633789062,717100
2015-10-28,83.68000030517578,84.83000183105469,81.83999633789062,84.06999969482422,84.06999969482422,688900
2015-10-29,83.77999877929688,84.5,81.5999984741211,82.44999694824219,82.44999694824219,517900
2015-10-30,82.63999938964844,84.20999908447266,81.70999908447266,83.31999969482422,83.31999969482422,659200
2015-11-02,84.58999633789062,87.33000183105469,84.05999755859375,86.80999755859375,86.80999755859375,1116600
2015-11-03,86.20999908447266,88.76000213623047,84.55999755859375,87.43000030517578,87.43000030517578,1080900
2015-11-04,87.38999938964844,88.63999938964844,86.0,87.05000305175781,87.05000305175781,649300
2015-11-05,80.62000274658203,85.88999938964844,80.62000274658203,84.80999755859375,84.80999755859375,1351300
2015-11-06,84.76000213623047,85.06999969482422,83.19000244140625,84.72000122070312,84.72000122070312,820400
2015-11-09,83.95999908447266,85.23999786376953,83.01000213623047,85.02999877929688,85.02999877929688,917800
2015-11-10,85.04000091552734,85.75,83.97000122070312,84.91999816894531,84.91999816894531,745100
2015-11-11,85.51000213623047,86.06999969482422,84.05999755859375,84.73999786376953,84.73999786376953,526300
2015-11-12,84.30999755859375,84.43000030517578,82.91000366210938,83.38999938964844,83.38999938964844,460100
2015-11-13,82.93000030517578,85.2300033569336,82.68000030517578,84.41999816894531,84.41999816894531,639200
2015-11-16,84.51000213623047,84.80000305175781,82.26000213623047,83.0,83.0,511400
2015-11-17,82.93000030517578,83.87999725341797,82.4800033569336,82.91000366210938,82.91000366210938,449900
2015-11-18,83.41000366210938,85.1500015258789,82.62000274658203,84.9800033569336,84.9800033569336,490500
2015-11-19,84.80000305175781,86.33000183105469,84.43000030517578,84.61000061035156,84.61000061035156,616300
2015-11-20,85.0999984741211,87.9800033569336,85.0999984741211,86.29000091552734,86.29000091552734,784200
2015-11-23,85.83000183105469,86.83000183105469,85.30999755859375,86.2699966430664,86.2699966430664,451200
2015-11-24,86.25,86.94999694824219,85.5999984741211,86.86000061035156,86.86000061035156,555500
2015-11-25,87.0,88.12999725341797,87.0,87.4000015258789,87.4000015258789,314900
2015-11-27,87.43000030517578,89.44000244140625,87.43000030517578,88.83000183105469,88.83000183105469,211200
2015-11-30,88.58999633789062,88.62999725341797,84.27999877929688,85.0199966430664,85.0199966430664,654300
2015-12-01,84.45999908447266,86.38999938964844,84.3499984741211,86.16999816894531,86.16999816894531,549700
2015-12-02,86.37999725341797,87.31999969482422,85.94999694824219,86.22000122070312,86.22000122070312,418500
2015-12-03,86.41999816894531,87.16000366210938,83.5,83.94000244140625,83.94000244140625,559300
2015-12-04,84.54000091552734,87.87000274658203,84.54000091552734,87.7699966430664,87.7699966430664,585800
2015-12-07,87.37999725341797,87.70999908447266,86.4000015258789,87.2300033569336,87.2300033569336,452200
2015-12-08,86.61000061035156,87.93000030517578,86.30000305175781,87.2699966430664,87.2699966430664,431000
2015-12-09,86.77999877929688,86.97000122070312,84.72000122070312,85.25,85.25,474700
2015-12-10,85.43000030517578,85.9800033569336,83.80000305175781,84.95999908447266,84.95999908447266,579100
2015-12-11,84.08000183105469,84.75,81.3499984741211,81.7699966430664,81.7699966430664,530300
2015-12-14,81.68000030517578,83.45999908447266,81.66999816894531,82.95999908447266,82.95999908447266,392700
2015-12-15,83.55999755859375,83.98999786376953,78.5,79.18000030517578,79.18000030517578,1009300
2015-12-16,80.05000305175781,82.4800033569336,79.9800033569336,82.0199966430664,82.0199966430664,781000
2015-12-17,82.30000305175781,82.9800033569336,81.43000030517578,81.7300033569336,81.7300033569336,484100
2015-12-18,81.79000091552734,83.44999694824219,81.05999755859375,82.11000061035156,82.11000061035156,675900
2015-12-21,82.3499984741211,83.36000061035156,81.44999694824219,81.62999725341797,81.62999725341797,427400
2015-12-22,81.91000366210938,82.68000030517578,79.77999877929688,82.56999969482422,82.56999969482422,514800
2015-12-23,82.66000366210938,82.91999816894531,81.45999908447266,81.87000274658203,81.87000274658203,420700
2015-12-24,81.19999694824219,81.6500015258789,80.26000213623047,81.12999725341797,81.12999725341797,293500
2015-12-28,81.05999755859375,81.79000091552734,80.5,81.69999694824219,81.69999694824219,318600
2015-12-29,81.69999694824219,83.2300033569336,81.47000122070312,82.33000183105469,82.33000183105469,351300
2015-12-30,82.16999816894531,83.04000091552734,81.75,82.3499984741211,82.3499984741211,544600
2015-12-31,81.86000061035156,83.02999877929688,81.4000015258789,81.9000015258789,81.9000015258789,1019100
2016-01-04,80.27999877929688,80.33000183105469,77.7699966430664,78.48999786376953,78.48999786376953,1025300
2016-01-05,78.58999633789062,80.9800033569336,78.5,80.76000213623047,80.76000213623047,839200
2016-01-06,79.44000244140625,80.73999786376953,78.81999969482422,79.38999938964844,79.38999938964844,1195400
2016-01-07,78.87999725341797,81.93000030517578,78.12000274658203,81.79000091552734,81.79000091552734,1108000
2016-01-08,82.79000091552734,83.87000274658203,79.4000015258789,79.5999984741211,79.5999984741211,766400
2016-01-11,80.41999816894531,80.61000061035156,76.31999969482422,77.81999969482422,77.81999969482422,762800
2016-01-12,78.29000091552734,82.05999755859375,77.7699966430664,77.88999938964844,77.88999938964844,1306700
2016-01-13,77.66999816894531,78.19000244140625,70.1500015258789,71.31999969482422,71.31999969482422,1673000
2016-01-14,71.5,73.87999725341797,66.30999755859375,72.4000015258789,72.4000015258789,1681800
2016-01-15,70.0,70.87999725341797,68.41000366210938,70.23999786376953,70.23999786376953,1176700
2016-01-19,70.48999786376953,72.94000244140625,70.36000061035156,72.43000030517578,72.43000030517578,1191400
2016-01-20,71.36000061035156,75.30000305175781,70.3499984741211,74.04000091552734,74.04000091552734,1591700
2016-01-21,73.97000122070312,74.7300033569336,72.44000244140625,72.4800033569336,72.4800033569336,696300
2016-01-22,72.55999755859375,74.31999969482422,72.02999877929688,74.0199966430664,74.0199966430664,526600
2016-01-25,73.76000213623047,74.02999877929688,72.44000244140625,72.66000366210938,72.66000366210938,366900
2016-01-26,72.88999938964844,73.58999633789062,70.87000274658203,73.20999908447266,73.20999908447266,533000
2016-01-27,73.08999633789062,74.22000122070312,71.05000305175781,71.31999969482422,71.31999969482422,430300
2016-01-28,74.55999755859375,74.55999755859375,68.18000030517578,69.54000091552734,69.54000091552734,1061400
2016-01-29,69.36000061035156,72.19000244140625,69.36000061035156,71.27999877929688,71.27999877929688,578600
2016-02-01,71.01000213623047,72.41000366210938,70.0199966430664,72.02999877929688,72.02999877929688,414100
2016-02-02,71.22000122070312,72.83000183105469,70.27999877929688,70.63999938964844,70.63999938964844,467200
2016-02-03,70.55000305175781,71.63999938964844,68.80000305175781,69.88999938964844,69.88999938964844,650800
2016-02-04,70.04000091552734,71.30000305175781,69.11000061035156,70.62999725341797,70.62999725341797,516900
2016-02-05,70.54000091552734,71.76000213623047,61.400001525878906,61.97999954223633,61.97999954223633,3097200
2016-02-08,59.939998626708984,59.9900016784668,47.91999816894531,53.650001525878906,53.650001525878906,5328300
2016-02-09,52.91999816894531,55.869998931884766,51.45000076293945,53.380001068115234,53.380001068115234,1915800
2016-02-10,54.0,58.849998474121094,53.75,58.2599983215332,58.2599983215332,1843500
2016-02-11,56.529998779296875,58.150001525878906,55.34000015258789,56.25,56.25,1060200
2016-02-12,57.34000015258789,57.4900016784668,54.5,56.119998931884766,56.119998931884766,770700
2016-02-16,56.83000183105469,60.369998931884766,56.22999954223633,59.2599983215332,59.2599983215332,934300
2016-02-17,59.75,62.5,59.06999969482422,61.81999969482422,61.81999969482422,1041300
2016-02-18,62.34000015258789,63.189998626708984,61.5,61.70000076293945,61.70000076293945,817500
2016-02-19,61.15999984741211,64.19000244140625,60.5,63.189998626708984,63.189998626708984,880800
2016-02-22,63.650001525878906,64.54000091552734,63.0,63.56999969482422,63.56999969482422,976900
2016-02-23,63.56999969482422,66.30000305175781,62.869998931884766,63.27000045776367,63.27000045776367,741700
2016-02-24,60.040000915527344,64.9000015258789,56.52000045776367,64.44999694824219,64.44999694824219,1862200
2016-02-25,64.91000366210938,68.13999938964844,64.91000366210938,67.20999908447266,67.20999908447266,1261000
2016-02-26,67.25,68.68000030517578,64.91999816894531,65.91999816894531,65.91999816894531,675900
2016-02-29,66.16999816894531,67.8499984741211,64.69000244140625,65.05999755859375,65.05999755859375,555700
2016-03-01,65.87000274658203,65.87000274658203,63.709999084472656,65.6500015258789,65.6500015258789,664900
2016-03-02,65.83000183105469,66.48999786376953,64.76000213623047,65.76000213623047,65.76000213623047,933600
2016-03-03,65.41000366210938,66.5199966430664,64.54000091552734,66.4000015258789,66.4000015258789,503400
2016-03-04,66.26000213623047,67.80000305175781,66.11000061035156,66.83000183105469,66.83000183105469,507600
2016-03-07,66.66000366210938,68.87000274658203,66.2300033569336,68.37999725341797,68.37999725341797,705600
2016-03-08,67.87999725341797,68.91000366210938,65.87999725341797,66.0999984741211,66.0999984741211,570600
2016-03-09,66.19000244140625,66.29000091552734,62.380001068115234,64.52999877929688,64.52999877929688,1256200
2016-03-10,64.52999877929688,65.29000091552734,61.2599983215332,62.61000061035156,62.61000061035156,1444300
2016-03-11,63.439998626708984,65.43000030517578,63.09000015258789,65.1500015258789,65.1500015258789,676100
2016-03-14,62.470001220703125,64.58999633789062,62.470001220703125,64.04000091552734,64.04000091552734,927300
2016-03-15,63.380001068115234,63.619998931884766,61.81999969482422,61.959999084472656,61.959999084472656,1000600
2016-03-16,61.97999954223633,62.970001220703125,59.939998626708984,60.2400016784668,60.2400016784668,664900
2016-03-17,60.040000915527344,60.560001373291016,58.45000076293945,59.400001525878906,59.400001525878906,781200
2016-03-18,59.70000076293945,61.27000045776367,58.880001068115234,60.72999954223633,60.72999954223633,743800
2016-03-21,60.18000030517578,61.16999816894531,59.279998779296875,59.5099983215332,59.5099983215332,601400
2016-03-22,59.41999816894531,63.16999816894531,59.41999816894531,62.689998626708984,62.689998626708984,816000
2016-03-23,62.06999969482422,62.279998779296875,61.02000045776367,61.150001525878906,61.150001525878906,547800
2016-03-24,60.560001373291016,60.7400016784668,59.189998626708984,59.959999084472656,59.959999084472656,434000
2016-03-28,59.7400016784668,60.0099983215332,59.029998779296875,59.459999084472656,59.459999084472656,675700
2016-03-29,60.0,63.2400016784668,58.900001525878906,62.880001068115234,62.880001068115234,983800
2016-03-30,63.220001220703125,66.25,63.220001220703125,65.5,65.5,1199800
2016-03-31,65.22000122070312,69.12000274658203,65.0999984741211,67.91000366210938,67.91000366210938,1346200
2016-04-01,67.45999908447266,69.37000274658203,66.0,67.62999725341797,67.62999725341797,1123500
2016-04-04,68.1500015258789,72.11000061035156,67.62999725341797,70.48999786376953,70.48999786376953,1502400
2016-04-05,69.5,69.87999725341797,67.55999755859375,67.79000091552734,67.79000091552734,715300
2016-04-06,67.36000061035156,68.9800033569336,67.31999969482422,68.72000122070312,68.72000122070312,623300
2016-04-07,68.3499984741211,68.9800033569336,67.80999755859375,68.43000030517578,68.43000030517578,617800
2016-04-08,69.01000213623047,69.43000030517578,67.01000213623047,68.08000183105469,68.08000183105469,462200
2016-04-11,68.0,68.2699966430664,66.48999786376953,66.80000305175781,66.80000305175781,605100
2016-04-12,66.5199966430664,66.79000091552734,64.13999938964844,65.29000091552734,65.29000091552734,924900
2016-04-13,65.52999877929688,66.44999694824219,64.86000061035156,65.87000274658203,65.87000274658203,761000
2016-04-14,65.75,67.9000015258789,65.5999984741211,67.04000091552734,67.04000091552734,696200
2016-04-15,67.06999969482422,67.58999633789062,66.12999725341797,66.80999755859375,66.80999755859375,445300
2016-04-18,66.37999725341797,68.04000091552734,66.27999877929688,67.66000366210938,67.66000366210938,429600
2016-04-19,67.69999694824219,67.9000015258789,66.5199966430664,66.80000305175781,66.80000305175781,617600
2016-04-20,66.9000015258789,67.55999755859375,65.9000015258789,67.05999755859375,67.05999755859375,370100
2016-04-21,67.2699966430664,68.08999633789062,67.08000183105469,67.68000030517578,67.68000030517578,496700
2016-04-22,67.5,68.87000274658203,67.5,68.43000030517578,68.43000030517578,443700
2016-04-25,68.30999755859375,69.77999877929688,68.2699966430664,69.12999725341797,69.12999725341797,634700
2016-04-26,69.0999984741211,69.87000274658203,68.5199966430664,69.81999969482422,69.81999969482422,518200
2016-04-27,69.06999969482422,70.80000305175781,67.80000305175781,68.41000366210938,68.41000366210938,889100
2016-04-28,67.04000091552734,69.0,65.69999694824219,65.95999908447266,65.95999908447266,1659500
2016-04-29,65.66999816894531,65.66999816894531,62.63999938964844,64.37999725341797,64.37999725341797,1155500
2016-05-02,64.12000274658203,65.88999938964844,63.59000015258789,65.0999984741211,65.0999984741211,805100
2016-05-03,63.79999923706055,64.91999816894531,62.150001525878906,63.08000183105469,63.08000183105469,2054400
2016-05-04,62.77000045776367,62.77000045776367,61.06999969482422,61.400001525878906,61.400001525878906,847500
2016-05-05,61.279998779296875,61.86000061035156,60.84000015258789,61.400001525878906,61.400001525878906,876000
2016-05-06,61.36000061035156,61.81999969482422,60.06999969482422,61.310001373291016,61.310001373291016,715400
2016-05-09,61.20000076293945,62.95000076293945,61.09000015258789,62.439998626708984,62.439998626708984,850500
2016-05-10,62.93000030517578,62.939998626708984,61.70000076293945,62.4900016784668,62.4900016784668,528800
2016-05-11,62.869998931884766,64.80000305175781,62.66999816894531,63.45000076293945,63.45000076293945,769100
2016-05-12,63.849998474121094,63.939998626708984,60.29999923706055,61.15999984741211,61.15999984741211,670300
2016-05-13,60.880001068115234,61.43000030517578,60.130001068115234,60.630001068115234,60.630001068115234,573700
2016-05-16,60.95000076293945,62.95000076293945,60.810001373291016,62.79999923706055,62.79999923706055,886600
2016-05-17,62.59000015258789,63.220001220703125,61.599998474121094,61.90999984741211,61.90999984741211,666100
2016-05-18,61.79999923706055,62.11000061035156,61.09000015258789,61.84000015258789,61.84000015258789,628600
2016-05-19,61.630001068115234,63.16999816894531,61.18000030517578,62.27000045776367,62.27000045776367,692200
2016-05-20,62.70000076293945,64.08000183105469,62.439998626708984,63.81999969482422,63.81999969482422,684000
2016-05-23,63.150001525878906,64.41000366210938,62.880001068115234,63.47999954223633,63.47999954223633,987400
2016-05-24,63.93000030517578,65.72000122070312,62.849998474121094,64.97000122070312,64.97000122070312,761000
2016-05-25,64.77999877929688,65.73999786376953,64.26000213623047,65.31999969482422,65.31999969482422,738900
2016-05-26,65.20999908447266,65.20999908447266,62.90999984741211,63.150001525878906,63.150001525878906,809600
2016-05-27,63.06999969482422,65.43000030517578,62.29999923706055,65.29000091552734,65.29000091552734,1037600
2016-05-31,65.25,65.29000091552734,63.59000015258789,64.48999786376953,64.48999786376953,859200
2016-06-01,63.5099983215332,65.5999984741211,62.68000030517578,64.75,64.75,1459400
2016-06-02,64.58999633789062,67.66999816894531,63.59000015258789,67.63999938964844,67.63999938964844,1003000
2016-06-03,67.52999877929688,67.91999816894531,66.56999969482422,67.51000213623047,67.51000213623047,779800
2016-06-06,66.87000274658203,68.9000015258789,66.58999633789062,68.56999969482422,68.56999969482422,518100
2016-06-07,68.29000091552734,69.08000183105469,68.0199966430664,69.05999755859375,69.05999755859375,1110500
2016-06-08,69.05999755859375,73.45999908447266,68.27999877929688,73.33999633789062,73.33999633789062,1724900
2016-06-09,73.33000183105469,74.70999908447266,71.4800033569336,72.66999816894531,72.66999816894531,1173300
2016-06-10,72.2699966430664,72.94000244140625,71.12999725341797,71.91000366210938,71.91000366210938,836500
2016-06-13,71.44000244140625,74.8499984741211,70.58000183105469,72.08000183105469,72.08000183105469,1094300
2016-06-14,72.2300033569336,73.80000305175781,71.16999816894531,73.4000015258789,73.4000015258789,979400
2016-06-15,73.80000305175781,74.98999786376953,72.56999969482422,72.94999694824219,72.94999694824219,1032500
2016-06-16,72.69999694824219,72.91000366210938,71.4800033569336,72.48999786376953,72.48999786376953,757000
2016-06-17,72.3499984741211,72.87000274658203,71.61000061035156,72.5999984741211,72.5999984741211,714500
2016-06-20,74.88999938964844,77.62000274658203,73.93000030517578,77.23999786376953,77.23999786376953,1864000
2016-06-21,77.73999786376953,77.73999786376953,75.55000305175781,77.51000213623047,77.51000213623047,1152400
2016-06-22,77.33000183105469,77.7699966430664,76.16999816894531,77.48999786376953,77.48999786376953,962100
2016-06-23,77.75,78.16999816894531,76.45999908447266,77.58999633789062,77.58999633789062,1240100
2016-06-24,74.66000366210938,77.83000183105469,73.16999816894531,77.45999908447266,77.45999908447266,1560500
2016-06-27,76.83000183105469,77.45999908447266,74.58999633789062,75.91000366210938,75.91000366210938,1041500
2016-06-28,76.5,78.31999969482422,76.22000122070312,78.04000091552734,78.04000091552734,843300
2016-06-29,78.0999984741211,81.2300033569336,78.01000213623047,79.0,79.0,1261500
2016-06-30,79.26000213623047,79.87999725341797,78.33999633789062,79.33000183105469,79.33000183105469,1307800
2016-07-01,79.62000274658203,80.22000122070312,78.9800033569336,79.58000183105469,79.58000183105469,528900
2016-07-05,79.5199966430664,79.5199966430664,78.4800033569336,79.05000305175781,79.05000305175781,782900
2016-07-06,79.0,79.1500015258789,77.97000122070312,78.69000244140625,78.69000244140625,960200
2016-07-07,78.58000183105469,78.87999725341797,76.20999908447266,78.20999908447266,78.20999908447266,824000
2016-07-08,79.0,79.0,77.29000091552734,78.87000274658203,78.87000274658203,1068800
2016-07-11,79.48999786376953,79.81999969482422,78.63999938964844,79.4000015258789,79.4000015258789,735100
2016-07-12,79.9000015258789,81.0,79.4000015258789,79.80000305175781,79.80000305175781,622900
2016-07-13,80.12000274658203,80.47000122070312,79.04000091552734,79.33000183105469,79.33000183105469,538500
2016-07-14,80.0199966430664,80.08000183105469,77.04000091552734,78.11000061035156,78.11000061035156,874100
2016-07-15,78.0999984741211,78.5,76.76000213623047,77.55000305175781,77.55000305175781,743500
2016-07-18,78.30000305175781,78.5199966430664,76.76000213623047,78.19000244140625,78.19000244140625,1190800
2016-07-19,79.19999694824219,86.3499984741211,78.94999694824219,83.04000091552734,83.04000091552734,2557900
2016-07-20,83.88999938964844,85.12000274658203,83.54000091552734,84.62999725341797,84.62999725341797,920400
2016-07-21,84.62999725341797,84.62999725341797,84.62999725341797,84.62999725341797,84.62999725341797,0
2016-07-22,87.95999908447266,89.05000305175781,86.30999755859375,87.88999938964844,87.88999938964844,2155300
2016-07-25,87.63999938964844,87.86000061035156,87.0199966430664,87.80000305175781,87.80000305175781,1010300
2016-07-26,88.02999877929688,88.68000030517578,87.5,88.31999969482422,88.31999969482422,503200
2016-07-27,88.13999938964844,89.2300033569336,87.16000366210938,88.66000366210938,88.66000366210938,518900
2016-07-28,88.83999633789062,90.61000061035156,88.3499984741211,89.55999755859375,89.55999755859375,427100
2016-07-29,90.33000183105469,92.38999938964844,89.69999694824219,92.2300033569336,92.2300033569336,882800
2016-08-01,92.69000244140625,93.26000213623047,91.30000305175781,92.6500015258789,92.6500015258789,853700
2016-08-02,92.48999786376953,92.86000061035156,90.9800033569336,92.77999877929688,92.77999877929688,790900
2016-08-03,87.83999633789062,94.5,87.5,90.87000274658203,90.87000274658203,1999500
2016-08-04,91.5,91.7699966430664,90.63999938964844,91.5,91.5,986500
2016-08-05,91.0199966430664,92.22000122070312,90.79000091552734,91.2300033569336,91.2300033569336,854500
2016-08-08,91.25,91.72000122070312,90.4800033569336,90.66000366210938,90.66000366210938,804400
2016-08-09,91.0,91.44999694824219,90.51000213623047,91.0999984741211,91.0999984741211,821500
2016-08-10,90.26000213623047,90.97000122070312,89.16999816894531,90.23999786376953,90.23999786376953,739700
2016-08-11,90.87000274658203,91.16000366210938,90.41999816894531,90.91999816894531,90.91999816894531,653200
2016-08-12,91.0,91.0,90.0,90.52999877929688,90.52999877929688,500000
2016-08-15,90.5,91.30000305175781,90.19000244140625,90.87999725341797,90.87999725341797,523600
2016-08-16,90.98999786376953,90.98999786376953,90.19999694824219,90.62000274658203,90.62000274658203,523100
2016-08-17,90.55000305175781,90.70999908447266,89.94999694824219,90.29000091552734,90.29000091552734,900900
2016-08-18,90.25,91.43000030517578,90.25,90.9000015258789,90.9000015258789,553000
2016-08-19,90.5,91.33000183105469,89.94999694824219,90.94000244140625,90.94000244140625,579600
2016-08-22,90.6500015258789,91.47000122070312,90.02999877929688,90.55999755859375,90.55999755859375,263400
2016-08-23,90.33999633789062,92.25,90.02999877929688,92.08999633789062,92.08999633789062,558100
2016-08-24,91.72000122070312,93.87000274658203,90.23999786376953,90.3499984741211,90.3499984741211,797900
2016-08-25,90.55000305175781,91.77999877929688,90.0,90.62000274658203,90.62000274658203,315700
2016-08-26,90.56999969482422,91.45999908447266,90.01000213623047,91.23999786376953,91.23999786376953,479700
2016-08-29,91.58000183105469,92.63999938964844,90.54000091552734,91.6500015258789,91.6500015258789,721600
2016-08-30,91.6500015258789,92.47000122070312,91.37000274658203,92.12999725341797,92.12999725341797,647100
2016-08-31,91.7300033569336,92.0,90.7699966430664,91.08999633789062,91.08999633789062,589700
2016-09-01,91.30000305175781,91.93000030517578,90.30999755859375,91.70999908447266,91.70999908447266,674400
2016-09-02,92.0,92.79000091552734,91.33000183105469,92.08999633789062,92.08999633789062,415800
2016-09-06,92.58000183105469,95.5,92.18000030517578,94.27999877929688,94.27999877929688,670000
2016-09-07,94.44999694824219,95.80999755859375,94.18000030517578,95.01000213623047,95.01000213623047,699200
2016-09-08,94.80999755859375,96.37999725341797,94.23999786376953,95.80000305175781,95.80000305175781,848800
2016-09-09,95.04000091552734,95.4000015258789,92.76000213623047,92.95999908447266,92.95999908447266,1400300
2016-09-12,92.16000366210938,93.23999786376953,91.19999694824219,93.04000091552734,93.04000091552734,485500
2016-09-13,92.69999694824219,93.37000274658203,91.33999633789062,91.87999725341797,91.87999725341797,469000
2016-09-14,90.63999938964844,92.80000305175781,90.37000274658203,91.79000091552734,91.79000091552734,559200
2016-09-15,91.5199966430664,93.8499984741211,90.80999755859375,92.75,92.75,583600
2016-09-16,92.9800033569336,94.12999725341797,92.66000366210938,93.05999755859375,93.05999755859375,762600
2016-09-19,93.4000015258789,93.72000122070312,92.30000305175781,93.05999755859375,93.05999755859375,545700
2016-09-20,93.16999816894531,93.5,92.0999984741211,92.75,92.75,731000
2016-09-21,93.0,93.69000244140625,92.41000366210938,93.5,93.5,633900
2016-09-22,94.0,94.79000091552734,93.69000244140625,94.0199966430664,94.0199966430664,541900
2016-09-23,94.0,94.23999786376953,93.73999786376953,93.91000366210938,93.91000366210938,595300
2016-09-26,93.58999633789062,93.8499984741211,92.8499984741211,93.16000366210938,93.16000366210938,446800
2016-09-27,92.97000122070312,93.9000015258789,92.93000030517578,93.72000122070312,93.72000122070312,472700
2016-09-28,93.55000305175781,93.72000122070312,84.72000122070312,89.73999786376953,89.73999786376953,4490100
2016-09-29,89.88999938964844,89.9800033569336,86.26000213623047,87.80000305175781,87.80000305175781,2733800
2016-09-30,88.36000061035156,89.0199966430664,86.80999755859375,87.66000366210938,87.66000366210938,1025100
2016-10-03,86.91000366210938,87.80999755859375,84.08999633789062,84.9800033569336,84.9800033569336,1258200
2016-10-04,84.98999786376953,85.48999786376953,80.58000183105469,81.93000030517578,81.93000030517578,1879200
2016-10-05,82.55000305175781,84.86000061035156,81.77999877929688,83.37000274658203,83.37000274658203,1502400
2016-10-06,83.44999694824219,84.19000244140625,82.37000274658203,83.08000183105469,83.08000183105469,722800
2016-10-07,82.9800033569336,83.5,81.98999786376953,82.93000030517578,82.93000030517578,720400
2016-10-10,83.3499984741211,85.12999725341797,83.13999938964844,83.91999816894531,83.91999816894531,513900
2016-10-11,83.43000030517578,83.43000030517578,81.0,81.88999938964844,81.88999938964844,646500
2016-10-12,82.19999694824219,83.37999725341797,81.44000244140625,82.0199966430664,82.0199966430664,440500
2016-10-13,81.58999633789062,82.44999694824219,80.01000213623047,81.9800033569336,81.9800033569336,516100
2016-10-14,82.08999633789062,82.5,81.06999969482422,81.68000030517578,81.68000030517578,725700
2016-10-17,81.9000015258789,82.37000274658203,81.0999984741211,81.97000122070312,81.97000122070312,374500
2016-10-18,82.5,83.04000091552734,82.1500015258789,82.5199966430664,82.5199966430664,429100
2016-10-19,82.30999755859375,82.93000030517578,81.87000274658203,82.0,82.0,644600
2016-10-20,81.94999694824219,82.66000366210938,81.79000091552734,82.5,82.5,522900
2016-10-21,82.30000305175781,82.30000305175781,80.29000091552734,80.68000030517578,80.68000030517578,420700
2016-10-24,80.76000213623047,83.1500015258789,80.38999938964844,82.51000213623047,82.51000213623047,499300
2016-10-25,81.95999908447266,81.95999908447266,79.68000030517578,80.22000122070312,80.22000122070312,423500
2016-10-26,79.70999908447266,79.83999633789062,75.43000030517578,77.25,77.25,1532100
2016-10-27,77.37000274658203,77.47000122070312,75.2300033569336,75.41999816894531,75.41999816894531,608600
2016-10-28,75.19999694824219,77.91999816894531,75.19000244140625,76.69999694824219,76.69999694824219,577300
2016-10-31,77.12000274658203,78.83000183105469,76.43000030517578,78.23999786376953,78.23999786376953,1491800
2016-11-01,77.94999694824219,79.44999694824219,77.37000274658203,77.91999816894531,77.91999816894531,1297300
2016-11-02,62.790000915527344,66.45999908447266,61.0,62.93000030517578,62.93000030517578,8301800
2016-11-03,62.86000061035156,63.599998474121094,59.470001220703125,60.08000183105469,60.08000183105469,2771600
2016-11-04,60.15999984741211,63.36000061035156,60.15999984741211,61.900001525878906,61.900001525878906,1565200
2016-11-07,62.2599983215332,63.7599983215332,61.2599983215332,63.0,63.0,1194300
2016-11-08,62.9900016784668,63.72999954223633,61.939998626708984,62.63999938964844,62.63999938964844,826900
2016-11-09,62.16999816894531,63.9900016784668,60.13999938964844,61.9900016784668,61.9900016784668,1513500
2016-11-10,62.5099983215332,63.75,61.40999984741211,62.529998779296875,62.529998779296875,760800
2016-11-11,62.720001220703125,66.2300033569336,61.939998626708984,65.18000030517578,65.18000030517578,1477500
2016-11-14,66.30000305175781,70.86000061035156,66.25,68.79000091552734,68.79000091552734,1830400
2016-11-15,68.76000213623047,73.05999755859375,68.66999816894531,71.52999877929688,71.52999877929688,1910100
2016-11-16,71.16999816894531,72.0999984741211,70.37999725341797,71.29000091552734,71.29000091552734,1112700
2016-11-17,70.62999725341797,73.0999984741211,70.62999725341797,72.01000213623047,72.01000213623047,668700
2016-11-18,72.41000366210938,73.13999938964844,71.37999725341797,71.4000015258789,71.4000015258789,808500
2016-11-21,71.2699966430664,73.56999969482422,71.25,73.18000030517578,73.18000030517578,872700
2016-11-22,72.86000061035156,73.45999908447266,68.36000061035156,70.2300033569336,70.2300033569336,1429500
2016-11-23,70.45999908447266,72.33999633789062,69.83000183105469,72.19000244140625,72.19000244140625,773500
2016-11-25,73.23999786376953,74.18000030517578,71.6500015258789,72.81999969482422,72.81999969482422,472500
2016-11-28,72.75,73.93000030517578,70.3499984741211,70.70999908447266,70.70999908447266,1009200
2016-11-29,70.98999786376953,70.98999786376953,67.19999694824219,68.06999969482422,68.06999969482422,1565900
2016-11-30,68.51000213623047,69.16999816894531,63.63999938964844,65.29000091552734,65.29000091552734,5726700
2016-12-01,65.0,65.81999969482422,62.66999816894531,63.34000015258789,63.34000015258789,1271600
2016-12-02,63.56999969482422,64.5199966430664,62.93000030517578,63.869998931884766,63.869998931884766,921700
2016-12-05,64.51000213623047,65.76000213623047,63.689998626708984,64.44999694824219,64.44999694824219,895000
2016-12-06,64.69000244140625,65.7300033569336,63.779998779296875,65.4800033569336,65.4800033569336,1782200
2016-12-07,65.0,65.69000244140625,62.09000015258789,63.040000915527344,63.040000915527344,957300
2016-12-08,62.72999954223633,64.80000305175781,62.41999816894531,64.61000061035156,64.61000061035156,782100
2016-12-09,64.45999908447266,65.63999938964844,64.2300033569336,65.01000213623047,65.01000213623047,754800
2016-12-12,64.4000015258789,65.45999908447266,64.23999786376953,65.27999877929688,65.27999877929688,731400
2016-12-13,65.62999725341797,66.47000122070312,64.44000244140625,65.0,65.0,1014000
2016-12-14,65.02999877929688,65.12999725341797,63.33000183105469,64.13999938964844,64.13999938964844,925000
2016-12-15,65.44000244140625,65.44000244140625,63.27000045776367,63.720001220703125,63.720001220703125,993300
2016-12-16,63.599998474121094,64.88999938964844,63.119998931884766,63.40999984741211,63.40999984741211,1136100
2016-12-19,63.900001525878906,65.27999877929688,63.0,63.5099983215332,63.5099983215332,1516800
2016-12-20,63.349998474121094,67.80000305175781,60.619998931884766,63.560001373291016,63.560001373291016,4437300
2016-12-21,64.58000183105469,65.87000274658203,63.59000015258789,63.7400016784668,63.7400016784668,2038900
2016-12-22,63.599998474121094,64.66000366210938,61.529998779296875,62.099998474121094,62.099998474121094,846200
2016-12-23,62.34000015258789,62.91999816894531,61.689998626708984,62.5099983215332,62.5099983215332,577200
2016-12-27,62.209999084472656,62.599998474121094,61.349998474121094,62.400001525878906,62.400001525878906,900500
2016-12-28,62.70000076293945,63.77000045776367,60.900001525878906,61.0099983215332,61.0099983215332,726600
2016-12-29,61.27000045776367,61.41999816894531,60.279998779296875,60.63999938964844,60.63999938964844,880400
2016-12-30,60.58000183105469,61.2400016784668,59.36000061035156,59.70000076293945,59.70000076293945,1339300
2017-01-03,59.5,59.650001525878906,57.7599983215332,58.25,58.25,1429300
2017-01-04,58.29999923706055,61.150001525878906,57.68000030517578,60.720001220703125,60.720001220703125,1811600
2017-01-05,60.88999938964844,64.55000305175781,60.529998779296875,62.65999984741211,62.65999984741211,1641400
2017-01-06,63.16999816894531,63.90999984741211,62.4900016784668,63.22999954223633,63.22999954223633,889700
2017-01-09,63.5,63.88999938964844,62.470001220703125,62.4900016784668,62.4900016784668,1026400
2017-01-10,62.86000061035156,69.48999786376953,62.43000030517578,67.04000091552734,67.04000091552734,2132100
2017-01-11,67.29000091552734,69.41999816894531,66.30000305175781,69.02999877929688,69.02999877929688,1961700
2017-01-12,69.0,69.72000122070312,67.27999877929688,67.61000061035156,67.61000061035156,1325600
2017-01-13,79.36000061035156,88.80000305175781,78.62000274658203,85.12999725341797,85.12999725341797,9321400
2017-01-17,85.47000122070312,86.73999786376953,84.61000061035156,85.48999786376953,85.48999786376953,2917400
2017-01-18,86.0,86.19000244140625,84.08999633789062,84.16000366210938,84.16000366210938,2360800
2017-01-19,84.16000366210938,84.63999938964844,81.23999786376953,81.58999633789062,81.58999633789062,1787300
2017-01-20,81.5999984741211,82.26000213623047,79.62999725341797,80.20999908447266,80.20999908447266,1225100
2017-01-23,79.6500015258789,80.45999908447266,79.01000213623047,79.9800033569336,79.9800033569336,976900
2017-01-24,78.30000305175781,80.05000305175781,76.30000305175781,79.75,79.75,2338300
2017-01-25,80.12999725341797,82.29000091552734,79.86000061035156,80.9000015258789,80.9000015258789,1408600
2017-01-26,80.7699966430664,81.52999877929688,79.1500015258789,79.5199966430664,79.5199966430664,701300
2017-01-27,79.44999694824219,80.01000213623047,78.91999816894531,79.4800033569336,79.4800033569336,533600
2017-01-30,79.16000366210938,79.62999725341797,77.62999725341797,78.55000305175781,78.55000305175781,527400
2017-01-31,78.8499984741211,79.95999908447266,78.06999969482422,79.1500015258789,79.1500015258789,839700
2017-02-01,79.80999755859375,80.19000244140625,78.66999816894531,79.44000244140625,79.44000244140625,940400
2017-02-02,79.83999633789062,80.33999633789062,78.31999969482422,79.55999755859375,79.55999755859375,561300
2017-02-03,79.52999877929688,81.51000213623047,79.18000030517578,81.37999725341797,81.37999725341797,780400
2017-02-06,81.0,81.93000030517578,79.22000122070312,79.66999816894531,79.66999816894531,733300
2017-02-07,79.51000213623047,80.76000213623047,79.5,79.80000305175781,79.80000305175781,1097600
2017-02-08,79.3499984741211,80.08000183105469,78.88999938964844,79.23999786376953,79.23999786376953,505100
2017-02-09,79.3499984741211,80.56999969482422,79.05999755859375,79.37999725341797,79.37999725341797,778100
2017-02-10,79.30000305175781,80.30000305175781,78.81999969482422,80.0,80.0,642300
2017-02-13,79.81999969482422,80.87999725341797,79.81999969482422,80.22000122070312,80.22000122070312,627800
2017-02-14,80.5,81.36000061035156,79.55000305175781,81.05999755859375,81.05999755859375,1063500
2017-02-15,81.0,84.0,80.97000122070312,83.26000213623047,83.26000213623047,1346100
2017-02-16,84.61000061035156,84.83000183105469,80.12000274658203,81.38999938964844,81.38999938964844,904100
2017-02-17,81.05999755859375,82.66000366210938,80.58000183105469,81.88999938964844,81.88999938964844,632600
2017-02-21,81.06999969482422,82.2300033569336,79.68000030517578,79.9000015258789,79.9000015258789,881500
2017-02-22,79.87999725341797,79.88999938964844,78.0199966430664,78.58999633789062,78.58999633789062,853600
2017-02-23,78.48999786376953,79.18000030517578,77.0999984741211,77.95999908447266,77.95999908447266,882200
2017-02-24,77.08999633789062,78.91000366210938,76.86000061035156,78.5,78.5,634000
2017-02-27,78.20999908447266,79.33999633789062,75.52999877929688,79.20999908447266,79.20999908447266,923300
2017-02-28,79.13999938964844,79.13999938964844,77.23999786376953,78.16000366210938,78.16000366210938,1479600
2017-03-01,78.4000015258789,84.08999633789062,78.4000015258789,81.47000122070312,81.47000122070312,1525200
2017-03-02,81.5,82.94000244140625,80.83000183105469,81.04000091552734,81.04000091552734,668700
2017-03-03,79.9800033569336,81.69000244140625,79.5,80.44000244140625,80.44000244140625,1013400
2017-03-06,79.7699966430664,80.23999786376953,77.62000274658203,78.36000061035156,78.36000061035156,932400
2017-03-07,78.70999908447266,79.0,77.44000244140625,78.58999633789062,78.58999633789062,1456700
2017-03-08,78.79000091552734,79.70999908447266,78.08999633789062,78.23999786376953,78.23999786376953,465000
2017-03-09,78.05000305175781,79.0,77.01000213623047,77.55000305175781,77.55000305175781,885300
2017-03-10,77.70999908447266,78.5,76.8499984741211,78.33999633789062,78.33999633789062,1528400
2017-03-13,77.05000305175781,78.5,76.9000015258789,77.5999984741211,77.5999984741211,762300
2017-03-14,77.16000366210938,78.47000122070312,76.9000015258789,77.47000122070312,77.47000122070312,614200
2017-03-15,77.05000305175781,78.33000183105469,77.05000305175781,77.20999908447266,77.20999908447266,672800
2017-03-16,77.68000030517578,78.18000030517578,76.75,77.37999725341797,77.37999725341797,702700
2017-03-17,77.27999877929688,79.38999938964844,76.47000122070312,78.88999938964844,78.88999938964844,674400
2017-03-20,78.88999938964844,80.05999755859375,78.33000183105469,79.62000274658203,79.62000274658203,613200
2017-03-21,79.86000061035156,80.7300033569336,76.11000061035156,76.48999786376953,76.48999786376953,1067800
2017-03-22,76.30000305175781,77.19999694824219,75.11000061035156,76.9000015258789,76.9000015258789,918600
2017-03-23,76.1500015258789,77.55999755859375,75.79000091552734,76.08000183105469,76.08000183105469,786300
2017-03-24,78.81999969482422,84.30999755859375,78.7699966430664,82.62000274658203,82.62000274658203,1487700
2017-03-27,82.12000274658203,83.5999984741211,81.58000183105469,83.4000015258789,83.4000015258789,753600
2017-03-28,83.1500015258789,84.30000305175781,82.93000030517578,84.01000213623047,84.01000213623047,636100
2017-03-29,84.31999969482422,86.31999969482422,83.76000213623047,85.19000244140625,85.19000244140625,1211500
2017-03-30,85.20999908447266,85.48999786376953,84.11000061035156,85.02999877929688,85.02999877929688,469700
2017-03-31,84.69000244140625,85.66999816894531,84.4800033569336,84.7300033569336,84.7300033569336,518600
2017-04-03,84.75,85.31999969482422,82.93000030517578,83.97000122070312,83.97000122070312,773600
2017-04-04,83.75,84.77999877929688,81.51000213623047,81.9000015258789,81.9000015258789,631900
2017-04-05,82.04000091552734,82.30000305175781,79.79000091552734,80.05000305175781,80.05000305175781,755800
2017-04-06,80.30000305175781,80.44999694824219,78.5999984741211,80.25,80.25,665100
2017-04-07,79.75,79.94999694824219,78.44000244140625,78.76000213623047,78.76000213623047,731600
2017-04-10,78.19000244140625,79.02999877929688,78.04000091552734,78.0999984741211,78.0999984741211,505300
2017-04-11,78.5,78.61000061035156,76.05000305175781,77.08999633789062,77.08999633789062,700000
2017-04-12,76.94999694824219,77.47000122070312,76.52999877929688,76.7699966430664,76.7699966430664,321400
2017-04-13,74.77999877929688,76.52999877929688,72.62000274658203,76.05999755859375,76.05999755859375,988500
2017-04-17,76.2300033569336,76.61000061035156,75.16999816894531,75.23999786376953,75.23999786376953,664500
2017-04-18,75.05000305175781,75.30000305175781,73.44000244140625,73.76000213623047,73.76000213623047,791900
2017-04-19,73.80000305175781,74.51000213623047,72.73999786376953,74.0999984741211,74.0999984741211,833100
2017-04-20,74.3499984741211,76.25,74.0999984741211,75.9000015258789,75.9000015258789,409800
2017-04-21,75.7300033569336,76.12000274658203,75.19000244140625,75.2300033569336,75.2300033569336,416100
2017-04-24,76.38999938964844,76.87000274658203,74.80999755859375,74.88999938964844,74.88999938964844,891600
2017-04-25,75.0,75.93000030517578,74.66999816894531,74.94000244140625,74.94000244140625,662300
2017-04-26,75.37000274658203,76.29000091552734,74.58999633789062,75.68000030517578,75.68000030517578,772700
2017-04-27,76.80999755859375,79.41999816894531,76.69000244140625,77.93000030517578,77.93000030517578,870400
2017-04-28,78.81999969482422,78.9800033569336,77.38999938964844,77.95999908447266,77.95999908447266,702000
2017-05-01,77.9000015258789,79.91999816894531,77.80000305175781,79.5999984741211,79.5999984741211,876100
2017-05-02,79.8499984741211,81.91000366210938,78.66000366210938,81.6500015258789,81.6500015258789,1695800
2017-05-03,74.5,76.5,72.69999694824219,73.91000366210938,73.91000366210938,5379500
2017-05-04,74.5999984741211,75.52999877929688,73.12000274658203,75.37999725341797,75.37999725341797,1526900
2017-05-05,76.3499984741211,78.48999786376953,75.6500015258789,76.20999908447266,76.20999908447266,2159600
2017-05-08,75.19999694824219,75.87000274658203,72.81999969482422,73.4000015258789,73.4000015258789,2173300
2017-05-09,73.0,73.0,71.94000244140625,71.98999786376953,71.98999786376953,1703900
2017-05-10,71.93000030517578,72.66999816894531,70.2699966430664,71.0999984741211,71.0999984741211,1119300
2017-05-11,71.19999694824219,72.31999969482422,68.86000061035156,68.94000244140625,68.94000244140625,1051600
2017-05-12,68.94000244140625,70.62000274658203,68.70999908447266,70.41999816894531,70.41999816894531,1297100
2017-05-15,70.6500015258789,72.16000366210938,70.2699966430664,71.52999877929688,71.52999877929688,1249400
2017-05-16,71.25,71.25,69.47000122070312,69.69999694824219,69.69999694824219,1247600
2017-05-17,69.5,69.52999877929688,67.7300033569336,68.05000305175781,68.05000305175781,723100
2017-05-18,67.9000015258789,68.94000244140625,67.11000061035156,68.66000366210938,68.66000366210938,848900
2017-05-19,68.79000091552734,69.0,66.91000366210938,67.66000366210938,67.66000366210938,1632000
2017-05-22,68.76000213623047,69.1500015258789,67.63999938964844,68.8499984741211,68.8499984741211,1091400
2017-05-23,68.8499984741211,69.41000366210938,67.4800033569336,67.58000183105469,67.58000183105469,576200
2017-05-24,67.77999877929688,68.3499984741211,67.11000061035156,68.26000213623047,68.26000213623047,855600
2017-05-25,68.5,69.3499984741211,67.9000015258789,69.1500015258789,69.1500015258789,1040200
2017-05-26,69.3499984741211,69.45999908447266,68.12000274658203,68.6500015258789,68.6500015258789,464600
2017-05-30,68.68000030517578,68.69000244140625,67.87000274658203,68.37999725341797,68.37999725341797,646200
2017-05-31,68.54000091552734,68.62999725341797,66.16000366210938,66.83999633789062,66.83999633789062,969800
2017-06-01,66.37999725341797,67.48999786376953,66.30999755859375,66.8499984741211,66.8499984741211,999200
2017-06-02,67.16999816894531,68.01000213623047,66.69000244140625,67.68000030517578,67.68000030517578,803000
2017-06-05,67.31999969482422,72.36000061035156,66.81999969482422,71.19000244140625,71.19000244140625,3591600
2017-06-06,70.12999725341797,70.61000061035156,68.48999786376953,69.73999786376953,69.73999786376953,1779400
2017-06-07,70.37999725341797,70.98999786376953,68.38999938964844,69.2699966430664,69.2699966430664,843400
2017-06-08,69.36000061035156,70.62999725341797,68.69000244140625,70.0999984741211,70.0999984741211,445200
2017-06-09,70.33000183105469,71.52999877929688,67.68000030517578,68.98999786376953,68.98999786376953,857800
2017-06-12,69.19000244140625,72.12999725341797,68.44999694824219,71.68000030517578,71.68000030517578,1029900
2017-06-13,71.62999725341797,73.9800033569336,71.2300033569336,72.81999969482422,72.81999969482422,1029600
2017-06-14,72.72000122070312,74.77999877929688,72.16000366210938,74.66999816894531,74.66999816894531,853800
2017-06-15,74.0,75.69000244140625,73.95999908447266,75.61000061035156,75.61000061035156,1543000
2017-06-16,76.12999725341797,76.69000244140625,75.23999786376953,76.26000213623047,76.26000213623047,1835000
2017-06-19,76.55999755859375,78.7300033569336,76.37999725341797,77.95999908447266,77.95999908447266,1382000
2017-06-20,77.94999694824219,78.4800033569336,77.37000274658203,77.83999633789062,77.83999633789062,1357500
2017-06-21,77.7699966430664,79.05000305175781,77.7699966430664,78.33000183105469,78.33000183105469,991300
2017-06-22,78.19999694824219,79.30999755859375,78.19999694824219,78.68000030517578,78.68000030517578,770700
2017-06-23,78.47000122070312,79.05000305175781,77.2699966430664,77.33000183105469,77.33000183105469,903900
2017-06-26,77.5999984741211,78.1500015258789,75.91000366210938,77.75,77.75,859600
2017-06-27,77.80999755859375,78.0,74.0999984741211,74.94000244140625,74.94000244140625,1285000
2017-06-28,75.08999633789062,75.68000030517578,74.0,75.27999877929688,75.27999877929688,728000
2017-06-29,75.2699966430664,75.2699966430664,72.5,73.2699966430664,73.2699966430664,1750100
2017-06-30,73.68000030517578,73.76000213623047,72.5199966430664,73.1500015258789,73.1500015258789,409900
2017-07-03,73.16000366210938,74.18000030517578,71.80999755859375,72.5199966430664,72.5199966430664,326800
2017-07-05,72.5199966430664,73.55000305175781,71.16999816894531,73.16000366210938,73.16000366210938,699800
2017-07-06,72.94999694824219,73.19000244140625,71.08999633789062,71.16999816894531,71.16999816894531,847500
2017-07-07,71.2699966430664,72.37000274658203,70.80999755859375,72.3499984741211,72.3499984741211,650400
2017-07-10,72.16000366210938,72.30000305175781,70.5,70.95999908447266,70.95999908447266,700700
2017-07-11,70.9000015258789,71.5199966430664,69.5199966430664,71.48999786376953,71.48999786376953,892800
2017-07-12,71.94000244140625,72.81999969482422,71.27999877929688,71.79000091552734,71.79000091552734,620100
2017-07-13,70.0,70.81999969482422,68.33000183105469,70.04000091552734,70.04000091552734,2679100
2017-07-14,70.25,72.37999725341797,69.95999908447266,71.72000122070312,71.72000122070312,1066000
2017-07-17,71.91000366210938,72.0999984741211,69.83000183105469,70.69000244140625,70.69000244140625,1992200
2017-07-18,70.69999694824219,70.75,69.6500015258789,69.97000122070312,69.97000122070312,761200
2017-07-19,69.94000244140625,70.37000274658203,69.4000015258789,70.0,70.0,1158300
2017-07-20,70.37999725341797,70.72000122070312,69.83999633789062,70.01000213623047,70.01000213623047,642200
2017-07-21,69.68000030517578,70.5199966430664,69.08000183105469,69.5199966430664,69.5199966430664,510900
2017-07-24,69.30999755859375,70.47000122070312,69.19000244140625,69.70999908447266,69.70999908447266,1580500
2017-07-25,69.77999877929688,70.98999786376953,68.87000274658203,70.0,70.0,1433800
2017-07-26,69.8499984741211,70.4000015258789,68.73999786376953,68.75,68.75,851600
2017-07-27,69.05999755859375,69.05999755859375,66.25,66.48999786376953,66.48999786376953,2107600
2017-07-28,66.41000366210938,67.37000274658203,66.0,67.05000305175781,67.05000305175781,1960100
2017-07-31,67.0199966430664,67.36000061035156,66.27999877929688,66.61000061035156,66.61000061035156,1107000
2017-08-01,67.0,67.54000091552734,66.81999969482422,66.83999633789062,66.83999633789062,1655800
2017-08-02,71.6500015258789,71.7699966430664,69.73999786376953,71.30000305175781,71.30000305175781,4151800
2017-08-03,71.29000091552734,71.98999786376953,70.13999938964844,70.73999786376953,70.73999786376953,2140600
2017-08-04,71.26000213623047,71.56999969482422,70.8499984741211,71.13999938964844,71.13999938964844,866800
2017-08-07,70.9800033569336,71.61000061035156,70.87000274658203,71.30999755859375,71.30999755859375,645200
2017-08-08,71.19999694824219,71.81999969482422,71.02999877929688,71.30999755859375,71.30999755859375,1057400
2017-08-09,70.94000244140625,71.63999938964844,70.55000305175781,71.54000091552734,71.54000091552734,1044000
2017-08-10,71.37000274658203,71.51000213623047,69.6500015258789,69.80000305175781,69.80000305175781,1653700
2017-08-11,69.66999816894531,70.27999877929688,69.05000305175781,69.5999984741211,69.5999984741211,940700
2017-08-14,70.31999969482422,72.25,69.9000015258789,71.62000274658203,71.62000274658203,864400
2017-08-15,71.69000244140625,71.69000244140625,70.66999816894531,71.22000122070312,71.22000122070312,539300
2017-08-16,71.77999877929688,73.47000122070312,71.18000030517578,73.05999755859375,73.05999755859375,752100
2017-08-17,72.97000122070312,73.66999816894531,72.69999694824219,72.77999877929688,72.77999877929688,1351400
2017-08-18,72.58000183105469,74.48999786376953,72.12999725341797,73.19999694824219,73.19999694824219,1234900
2017-08-21,73.1500015258789,73.6500015258789,72.16999816894531,73.05999755859375,73.05999755859375,904800
2017-08-22,73.56999969482422,78.91999816894531,73.05999755859375,75.91000366210938,75.91000366210938,1789400
2017-08-23,75.30999755859375,75.9800033569336,74.79000091552734,75.19000244140625,75.19000244140625,739400
2017-08-24,75.16000366210938,75.88999938964844,74.6500015258789,75.5,75.5,636800
2017-08-25,75.66999816894531,76.11000061035156,75.23999786376953,75.5199966430664,75.5199966430664,954900
2017-08-28,75.2300033569336,75.81999969482422,74.72000122070312,75.44999694824219,75.44999694824219,1127800
2017-08-29,75.19999694824219,75.54000091552734,74.87000274658203,75.2300033569336,75.2300033569336,663900
2017-08-30,75.05000305175781,75.05000305175781,73.97000122070312,74.13999938964844,74.13999938964844,1182900
2017-08-31,73.91000366210938,75.63999938964844,73.91000366210938,74.61000061035156,74.61000061035156,1047800
2017-09-01,74.73999786376953,75.18000030517578,73.79000091552734,74.95999908447266,74.95999908447266,872300
2017-09-05,74.48999786376953,75.91999816894531,73.80999755859375,75.8499984741211,75.8499984741211,2001800
2017-09-06,76.19000244140625,76.38999938964844,74.0999984741211,75.12999725341797,75.12999725341797,1554500
2017-09-07,74.94999694824219,75.43000030517578,71.08999633789062,71.2300033569336,71.2300033569336,1385500
2017-09-08,71.12000274658203,71.30999755859375,69.7300033569336,71.26000213623047,71.26000213623047,1231900
2017-09-11,71.80999755859375,73.25,70.9000015258789,73.12999725341797,73.12999725341797,1970900
2017-09-12,73.51000213623047,73.9000015258789,72.58999633789062,73.61000061035156,73.61000061035156,732100
2017-09-13,73.33999633789062,75.44000244140625,73.33999633789062,74.95999908447266,74.95999908447266,855000
2017-09-14,74.43000030517578,74.43000030517578,72.22000122070312,72.3499984741211,72.3499984741211,715500
2017-09-15,71.94000244140625,72.48999786376953,70.0999984741211,70.29000091552734,70.29000091552734,824600
2017-09-18,70.76000213623047,71.01000213623047,68.87999725341797,69.26000213623047,69.26000213623047,1169900
2017-09-19,69.23999786376953,69.58999633789062,68.08000183105469,69.45999908447266,69.45999908447266,1017000
2017-09-20,69.27999877929688,70.2699966430664,68.91999816894531,70.2300033569336,70.2300033569336,870100
2017-09-21,70.31999969482422,70.44000244140625,69.23999786376953,69.5,69.5,495400
2017-09-22,69.72000122070312,70.27999877929688,69.0999984741211,69.98999786376953,69.98999786376953,672700
2017-09-25,70.0,70.16999816894531,68.5999984741211,69.1500015258789,69.1500015258789,751200
2017-09-26,69.38999938964844,69.41000366210938,67.87000274658203,67.91999816894531,67.91999816894531,539200
2017-09-27,68.41999816894531,68.8499984741211,67.36000061035156,67.47000122070312,67.47000122070312,875600
2017-09-28,47.88999938964844,48.0,42.619998931884766,45.439998626708984,45.439998626708984,30792100
2017-09-29,45.75,49.15999984741211,45.61000061035156,48.93000030517578,48.93000030517578,9358000
2017-10-02,49.31999969482422,50.310001373291016,48.75,49.65999984741211,49.65999984741211,3585200
2017-10-03,49.709999084472656,49.97999954223633,46.310001373291016,47.18000030517578,47.18000030517578,4588500
2017-10-04,46.81999969482422,48.150001525878906,46.529998779296875,48.099998474121094,48.099998474121094,3834800
2017-10-05,47.970001220703125,48.83000183105469,47.06999969482422,48.0,48.0,4856900
2017-10-06,48.20000076293945,48.400001525878906,47.54999923706055,47.7400016784668,47.7400016784668,2292300
2017-10-09,47.869998931884766,48.06999969482422,47.08000183105469,47.279998779296875,47.279998779296875,1704300
2017-10-10,47.209999084472656,47.4900016784668,45.7599983215332,46.099998474121094,46.099998474121094,2403500
2017-10-11,46.380001068115234,47.220001220703125,46.150001525878906,47.20000076293945,47.20000076293945,1295000
2017-10-12,47.25,47.5,46.22999954223633,46.84000015258789,46.84000015258789,1077800
2017-10-13,46.459999084472656,46.5099983215332,45.72999954223633,46.040000915527344,46.040000915527344,1441500
2017-10-16,45.79999923706055,45.970001220703125,44.56999969482422,44.970001220703125,44.970001220703125,2195900
2017-10-17,45.2400016784668,45.5,43.869998931884766,44.9900016784668,44.9900016784668,1527500
2017-10-18,44.97999954223633,45.34000015258789,44.029998779296875,44.95000076293945,44.95000076293945,1322900
2017-10-19,44.97999954223633,45.209999084472656,43.900001525878906,44.97999954223633,44.97999954223633,1326800
2017-10-20,45.099998474121094,45.5099983215332,44.459999084472656,44.779998779296875,44.779998779296875,918100
2017-10-23,44.5099983215332,45.880001068115234,44.5099983215332,44.77000045776367,44.77000045776367,1700300
2017-10-24,44.4900016784668,44.970001220703125,44.0099983215332,44.54999923706055,44.54999923706055,1550000
2017-10-25,44.40999984741211,45.0,44.0,44.689998626708984,44.689998626708984,1646400
2017-10-26,44.56999969482422,44.959999084472656,43.7599983215332,44.459999084472656,44.459999084472656,1031300
2017-10-27,44.5099983215332,44.779998779296875,44.119998931884766,44.560001373291016,44.560001373291016,1443500
2017-10-30,44.130001068115234,45.290000915527344,43.7400016784668,45.2400016784668,45.2400016784668,1742500
2017-10-31,45.290000915527344,45.91999816894531,44.849998474121094,44.970001220703125,44.970001220703125,1598800
2017-11-01,45.119998931884766,45.630001068115234,44.5,44.86000061035156,44.86000061035156,2174000
2017-11-02,47.20000076293945,50.29999923706055,46.40999984741211,47.720001220703125,47.720001220703125,3718900
2017-11-03,47.709999084472656,49.380001068115234,46.97999954223633,49.119998931884766,49.119998931884766,1722700
2017-11-06,49.20000076293945,50.09000015258789,48.95000076293945,49.939998626708984,49.939998626708984,1512000
2017-11-07,50.0,50.689998626708984,49.459999084472656,50.11000061035156,50.11000061035156,1379300
2017-11-08,50.099998474121094,50.400001525878906,48.900001525878906,48.9900016784668,48.9900016784668,2212900
2017-11-09,49.61000061035156,50.63999938964844,49.16999816894531,50.380001068115234,50.380001068115234,1189400
2017-11-10,50.90999984741211,51.45000076293945,49.79999923706055,50.7400016784668,50.7400016784668,1087000
2017-11-13,50.33000183105469,51.90999984741211,50.09000015258789,51.54999923706055,51.54999923706055,1176800
2017-11-14,51.560001373291016,52.439998626708984,50.54999923706055,51.54999923706055,51.54999923706055,1774100
2017-11-15,51.369998931884766,52.59000015258789,51.13999938964844,52.0,52.0,1352700
2017-11-16,52.25,53.15999984741211,51.470001220703125,53.02000045776367,53.02000045776367,967000
2017-11-17,52.959999084472656,54.09000015258789,52.20000076293945,54.0099983215332,54.0099983215332,1538200
2017-11-20,54.0,55.40999984741211,53.689998626708984,54.65999984741211,54.65999984741211,1227600
2017-11-21,55.09000015258789,55.61000061035156,53.86000061035156,55.11000061035156,55.11000061035156,1771400
2017-11-22,55.209999084472656,55.84000015258789,54.599998474121094,55.349998474121094,55.349998474121094,1225600
2017-11-24,56.0099983215332,56.0099983215332,55.0,55.54999923706055,55.54999923706055,626500
2017-11-27,55.5,56.099998474121094,54.79999923706055,55.54999923706055,55.54999923706055,1964500
2017-11-28,55.54999923706055,58.25,55.209999084472656,57.810001373291016,57.810001373291016,1663700
2017-11-29,58.0,60.900001525878906,57.810001373291016,59.380001068115234,59.380001068115234,2337400
2017-11-30,59.02000045776367,59.58000183105469,56.939998626708984,58.43000030517578,58.43000030517578,6217700
2017-12-01,58.189998626708984,58.84000015258789,56.720001220703125,58.02000045776367,58.02000045776367,1855500
2017-12-04,58.65999984741211,59.7400016784668,57.709999084472656,57.880001068115234,57.880001068115234,1604900
2017-12-05,57.75,58.83000183105469,57.40999984741211,58.0,58.0,1266600
2017-12-06,58.189998626708984,59.279998779296875,57.68000030517578,58.83000183105469,58.83000183105469,1087700
2017-12-07,58.939998626708984,60.310001373291016,58.619998931884766,59.970001220703125,59.970001220703125,970200
2017-12-08,60.02000045776367,61.880001068115234,59.90999984741211,61.529998779296875,61.529998779296875,2123700
2017-12-11,61.22999954223633,62.349998474121094,57.709999084472656,58.45000076293945,58.45000076293945,1778500
2017-12-12,58.79999923706055,59.5099983215332,57.2400016784668,57.25,57.25,1214600
2017-12-13,57.150001525878906,58.84000015258789,56.56999969482422,58.5099983215332,58.5099983215332,1206700
2017-12-14,58.779998779296875,59.41999816894531,57.689998626708984,58.22999954223633,58.22999954223633,1435200
2017-12-15,58.209999084472656,59.11000061035156,56.790000915527344,57.040000915527344,57.040000915527344,1506400
2017-12-18,57.52000045776367,58.459999084472656,56.720001220703125,58.349998474121094,58.349998474121094,1581200
2017-12-19,58.29999923706055,58.869998931884766,57.849998474121094,58.13999938964844,58.13999938964844,1055200
2017-12-20,58.5099983215332,58.540000915527344,56.68000030517578,56.709999084472656,56.709999084472656,818200
2017-12-21,56.91999816894531,57.18000030517578,55.08000183105469,55.72999954223633,55.72999954223633,1567900
2017-12-22,55.79999923706055,56.38999938964844,55.369998931884766,56.119998931884766,56.119998931884766,760300
2017-12-26,56.2599983215332,57.33000183105469,56.150001525878906,56.939998626708984,56.939998626708984,415800
2017-12-27,56.75,57.279998779296875,56.47999954223633,56.880001068115234,56.880001068115234,626000
2017-12-28,56.790000915527344,57.36000061035156,56.400001525878906,57.33000183105469,57.33000183105469,499600
2017-12-29,57.33000183105469,57.970001220703125,57.119998931884766,57.38999938964844,57.38999938964844,588600
2018-01-02,57.619998931884766,59.529998779296875,57.540000915527344,57.9900016784668,57.9900016784668,1210100
2018-01-03,57.970001220703125,58.20000076293945,57.290000915527344,58.08000183105469,58.08000183105469,1409900
2018-01-04,53.97999954223633,54.220001220703125,51.040000915527344,52.25,52.25,5952000
2018-01-05,52.38999938964844,53.849998474121094,51.810001373291016,53.2599983215332,53.2599983215332,2968100
2018-01-08,53.27000045776367,55.7599983215332,52.20000076293945,55.439998626708984,55.439998626708984,2230100
2018-01-09,55.95000076293945,55.959999084472656,52.02000045776367,54.599998474121094,54.599998474121094,2797500
2018-01-10,54.97999954223633,58.68000030517578,54.810001373291016,58.599998474121094,58.599998474121094,2088800
2018-01-11,58.9900016784668,59.18000030517578,57.31999969482422,58.220001220703125,58.220001220703125,1167600
2018-01-12,58.220001220703125,58.220001220703125,55.869998931884766,56.75,56.75,1224400
2018-01-16,57.08000183105469,57.400001525878906,56.06999969482422,56.40999984741211,56.40999984741211,1017700
2018-01-17,56.40999984741211,57.2400016784668,55.43000030517578,56.31999969482422,56.31999969482422,1263200
2018-01-18,56.33000183105469,56.83000183105469,55.2400016784668,56.279998779296875,56.279998779296875,1232600
2018-01-19,56.189998626708984,56.70000076293945,55.63999938964844,56.04999923706055,56.04999923706055,1157200
2018-01-22,55.630001068115234,55.779998779296875,54.810001373291016,55.099998474121094,55.099998474121094,1208400
2018-01-23,54.709999084472656,55.939998626708984,54.349998474121094,55.75,55.75,1004100
2018-01-24,55.91999816894531,58.290000915527344,55.68000030517578,57.7400016784668,57.7400016784668,1272700
2018-01-25,58.150001525878906,58.86000061035156,57.43000030517578,58.81999969482422,58.81999969482422,747100
2018-01-26,58.599998474121094,58.63999938964844,57.709999084472656,58.08000183105469,58.08000183105469,1068400
2018-01-29,58.08000183105469,58.9900016784668,57.43000030517578,57.63999938964844,57.63999938964844,1160000
2018-01-30,57.75,59.65999984741211,57.150001525878906,59.310001373291016,59.310001373291016,1052200
2018-01-31,59.29999923706055,59.88999938964844,58.119998931884766,58.20000076293945,58.20000076293945,842500
2018-02-01,57.97999954223633,58.66999816894531,57.400001525878906,57.869998931884766,57.869998931884766,720700
2018-02-02,57.56999969482422,58.59000015258789,56.86000061035156,57.279998779296875,57.279998779296875,851300
2018-02-05,57.22999954223633,58.16999816894531,55.93000030517578,56.189998626708984,56.189998626708984,776000
2018-02-06,55.22999954223633,56.619998931884766,54.36000061035156,55.61000061035156,55.61000061035156,1186800
2018-02-07,55.599998474121094,55.86000061035156,54.75,54.84000015258789,54.84000015258789,637100
2018-02-08,55.0,55.47999954223633,54.31999969482422,54.52000045776367,54.52000045776367,945000
2018-02-09,54.83000183105469,55.16999816894531,52.91999816894531,54.349998474121094,54.349998474121094,1104900
2018-02-12,54.27000045776367,55.34000015258789,53.86000061035156,54.689998626708984,54.689998626708984,694700
2018-02-13,54.68000030517578,54.959999084472656,53.59000015258789,54.66999816894531,54.66999816894531,572900
2018-02-14,54.18000030517578,56.130001068115234,54.18000030517578,55.7400016784668,55.7400016784668,922300
2018-02-15,56.20000076293945,56.88999938964844,55.52000045776367,56.709999084472656,56.709999084472656,782300
2018-02-16,56.790000915527344,57.779998779296875,56.36000061035156,57.34000015258789,57.34000015258789,639300
2018-02-20,57.20000076293945,57.869998931884766,56.81999969482422,57.130001068115234,57.130001068115234,823000
2018-02-21,57.310001373291016,58.09000015258789,56.029998779296875,56.880001068115234,56.880001068115234,1048000
2018-02-22,57.130001068115234,58.31999969482422,56.279998779296875,56.400001525878906,56.400001525878906,713100
2018-02-23,56.540000915527344,56.880001068115234,55.47999954223633,56.36000061035156,56.36000061035156,705500
2018-02-26,56.25,57.06999969482422,55.70000076293945,56.970001220703125,56.970001220703125,959800
2018-02-27,56.97999954223633,58.20000076293945,55.540000915527344,55.720001220703125,55.720001220703125,1531900
2018-02-28,55.689998626708984,57.41999816894531,54.41999816894531,56.13999938964844,56.13999938964844,1835100
2018-03-01,56.130001068115234,56.18000030517578,53.5,54.029998779296875,54.029998779296875,1224000
2018-03-02,53.75,55.04999923706055,53.29999923706055,54.88999938964844,54.88999938964844,874500
2018-03-05,54.83000183105469,56.2400016784668,54.439998626708984,55.720001220703125,55.720001220703125,853800
2018-03-06,55.7400016784668,60.119998931884766,55.58000183105469,59.84000015258789,59.84000015258789,1700200
2018-03-07,59.4900016784668,61.150001525878906,59.41999816894531,60.84000015258789,60.84000015258789,1449900
2018-03-08,61.06999969482422,61.56999969482422,59.41999816894531,60.20000076293945,60.20000076293945,961600
2018-03-09,60.029998779296875,60.970001220703125,58.779998779296875,60.130001068115234,60.130001068115234,971800
2018-03-12,59.79999923706055,64.20999908447266,59.5099983215332,64.08999633789062,64.08999633789062,1574400
2018-03-13,64.04000091552734,65.9000015258789,63.5,64.91000366210938,64.91000366210938,1585100
2018-03-14,65.0999984741211,65.88999938964844,63.56999969482422,64.91999816894531,64.91999816894531,1020800
2018-03-15,64.9800033569336,66.0,64.1500015258789,64.88999938964844,64.88999938964844,581800
2018-03-16,65.12000274658203,66.06999969482422,64.44000244140625,65.58999633789062,65.58999633789062,920700
2018-03-19,65.51000213623047,66.22000122070312,64.23999786376953,65.12000274658203,65.12000274658203,783900
2018-03-20,65.26000213623047,66.01000213623047,64.69000244140625,65.58999633789062,65.58999633789062,598600
2018-03-21,65.66000366210938,68.61000061035156,64.8499984741211,67.70999908447266,67.70999908447266,1504200
2018-03-22,67.25,69.23999786376953,66.7300033569336,66.73999786376953,66.73999786376953,1015500
2018-03-23,68.37999725341797,70.91999816894531,68.3499984741211,68.80000305175781,68.80000305175781,1806000
2018-03-26,69.43000030517578,70.30999755859375,68.86000061035156,70.16999816894531,70.16999816894531,1269200
2018-03-27,70.5199966430664,72.75,69.72000122070312,69.98999786376953,69.98999786376953,2300500
2018-03-28,70.33000183105469,73.9800033569336,70.0,73.27999877929688,73.27999877929688,2367500
2018-03-29,73.12999725341797,75.30000305175781,72.83999633789062,74.16000366210938,74.16000366210938,1800100
2018-04-02,74.19999694824219,75.56999969482422,73.87999725341797,74.52999877929688,74.52999877929688,1562100
2018-04-03,74.33000183105469,75.06999969482422,73.69999694824219,74.69000244140625,74.69000244140625,1358200
2018-04-04,71.0,73.1500015258789,69.51000213623047,72.16000366210938,72.16000366210938,2420200
2018-04-05,72.44999694824219,73.76000213623047,72.0199966430664,72.27999877929688,72.27999877929688,1048800
2018-04-06,72.12000274658203,72.55999755859375,70.01000213623047,70.1500015258789,70.1500015258789,809600
2018-04-09,70.87000274658203,71.94999694824219,69.9800033569336,70.37999725341797,70.37999725341797,1295400
2018-04-10,70.88999938964844,71.87999725341797,70.68000030517578,71.27999877929688,71.27999877929688,1300200
2018-04-11,70.97000122070312,71.6500015258789,70.6500015258789,70.95999908447266,70.95999908447266,1528000
2018-04-12,70.95999908447266,73.83000183105469,70.95999908447266,72.69999694824219,72.69999694824219,1437800
2018-04-13,72.91999816894531,73.08999633789062,71.52999877929688,72.37999725341797,72.37999725341797,510800
2018-04-16,72.8499984741211,73.48999786376953,72.37999725341797,73.06999969482422,73.06999969482422,683300
2018-04-17,73.26000213623047,74.2699966430664,72.37000274658203,73.41999816894531,73.41999816894531,873900
2018-04-18,73.2300033569336,74.62000274658203,73.22000122070312,73.5,73.5,771400
2018-04-19,73.30999755859375,73.5,72.29000091552734,72.73999786376953,72.73999786376953,601900
2018-04-20,72.76000213623047,73.41999816894531,72.04000091552734,72.47000122070312,72.47000122070312,663100
2018-04-23,72.95999908447266,73.83999633789062,72.55999755859375,73.30000305175781,73.30000305175781,877400
2018-04-24,73.41999816894531,75.06999969482422,73.08999633789062,74.43000030517578,74.43000030517578,887400
2018-04-25,74.0999984741211,74.33000183105469,73.04000091552734,73.7300033569336,73.7300033569336,631700
2018-04-26,73.7300033569336,75.19000244140625,72.83999633789062,74.48999786376953,74.48999786376953,1462900
2018-04-27,74.75,74.94000244140625,73.41000366210938,74.25,74.25,1009800
2018-04-30,74.6500015258789,75.27999877929688,73.02999877929688,73.18000030517578,73.18000030517578,826100
2018-05-01,72.62000274658203,74.44000244140625,72.5999984741211,73.38999938964844,73.38999938964844,1779800
2018-05-02,73.4800033569336,74.47000122070312,73.25,74.30999755859375,74.30999755859375,1282200
2018-05-03,78.0,85.25,77.54000091552734,83.80999755859375,83.80999755859375,4688300
2018-05-04,83.0,84.08000183105469,80.08999633789062,83.45999908447266,83.45999908447266,1830600
2018-05-07,83.0,88.08999633789062,81.91999816894531,85.58999633789062,85.58999633789062,2227300
2018-05-08,85.2300033569336,86.18000030517578,84.8499984741211,85.20999908447266,85.20999908447266,1158100
2018-05-09,85.19999694824219,85.19999694824219,84.12999725341797,84.79000091552734,84.79000091552734,1081100
2018-05-10,85.26000213623047,85.88999938964844,84.31999969482422,84.55999755859375,84.55999755859375,871700
2018-05-11,84.91000366210938,87.06999969482422,84.75,86.80000305175781,86.80000305175781,931600
2018-05-14,86.30999755859375,88.5999984741211,86.30999755859375,87.94000244140625,87.94000244140625,1099100
2018-05-15,87.19000244140625,87.79000091552734,85.43000030517578,87.26000213623047,87.26000213623047,719100
2018-05-16,87.55000305175781,87.69999694824219,86.30000305175781,86.54000091552734,86.54000091552734,673100
2018-05-17,86.2699966430664,87.94000244140625,85.81999969482422,86.91000366210938,86.91000366210938,696400
2018-05-18,86.68000030517578,87.25,86.12000274658203,86.6500015258789,86.6500015258789,432600
2018-05-21,87.0999984741211,87.8499984741211,86.04000091552734,86.91000366210938,86.91000366210938,336300
2018-05-22,86.73999786376953,86.73999786376953,85.86000061035156,86.29000091552734,86.29000091552734,445700
2018-05-23,85.88999938964844,87.33999633789062,85.76000213623047,87.0,87.0,388400
2018-05-24,87.16999816894531,87.66999816894531,86.31999969482422,87.4800033569336,87.4800033569336,613600
2018-05-25,87.91999816894531,88.4000015258789,87.05999755859375,88.0,88.0,602300
2018-05-29,87.43000030517578,88.56999969482422,86.55000305175781,87.1500015258789,87.1500015258789,1072600
2018-05-30,87.77999877929688,88.61000061035156,87.30999755859375,87.48999786376953,87.48999786376953,486900
2018-05-31,87.01000213623047,89.4000015258789,86.87999725341797,87.98999786376953,87.98999786376953,809100
2018-06-01,88.0999984741211,93.55000305175781,88.0999984741211,92.19999694824219,92.19999694824219,1437300
2018-06-04,91.7300033569336,93.61000061035156,91.0,93.45999908447266,93.45999908447266,989400
2018-06-05,93.12000274658203,94.44000244140625,92.19999694824219,94.43000030517578,94.43000030517578,882900
2018-06-06,95.0,95.73999786376953,93.38999938964844,94.19000244140625,94.19000244140625,883600
2018-06-07,94.19999694824219,94.23999786376953,87.69000244140625,89.48999786376953,89.48999786376953,1079100
2018-06-08,92.83000183105469,93.75,91.7300033569336,93.0,93.0,1431600
2018-06-11,92.73999786376953,95.8499984741211,92.05999755859375,95.01000213623047,95.01000213623047,908000
2018-06-12,96.0,101.5,95.94000244140625,98.77999877929688,98.77999877929688,1239800
2018-06-13,99.12999725341797,99.6500015258789,98.4000015258789,98.81999969482422,98.81999969482422,799600
2018-06-14,99.37000274658203,102.0999984741211,98.05999755859375,98.52999877929688,98.52999877929688,1575700
2018-06-15,96.87000274658203,100.51000213623047,96.29000091552734,99.72000122070312,99.72000122070312,1059300
2018-06-18,99.54000091552734,101.19999694824219,98.80999755859375,100.88999938964844,100.88999938964844,742500
2018-06-19,100.87000274658203,101.80000305175781,99.48999786376953,100.80999755859375,100.80999755859375,624000
2018-06-20,101.29000091552734,101.9000015258789,100.31999969482422,100.6500015258789,100.6500015258789,761700
2018-06-21,100.36000061035156,101.08999633789062,97.76000213623047,99.73999786376953,99.73999786376953,1044200
2018-06-22,100.31999969482422,101.87000274658203,99.45999908447266,99.55999755859375,99.55999755859375,1168000
2018-06-25,98.93000030517578,99.41000366210938,93.91999816894531,95.44000244140625,95.44000244140625,1263400
2018-06-26,95.2300033569336,96.05000305175781,94.08999633789062,95.30000305175781,95.30000305175781,931300
2018-06-27,95.80000305175781,96.19999694824219,90.61000061035156,92.33999633789062,92.33999633789062,1139500
2018-06-28,92.30000305175781,94.66999816894531,90.70999908447266,94.2699966430664,94.2699966430664,1065000
2018-06-29,94.61000061035156,95.31999969482422,93.33999633789062,94.9800033569336,94.9800033569336,713700
2018-07-02,96.66999816894531,99.0,95.11000061035156,98.44999694824219,98.44999694824219,877200
2018-07-03,98.45999908447266,99.37999725341797,96.5999984741211,98.12000274658203,98.12000274658203,522300
2018-07-05,98.6500015258789,98.86000061035156,96.81999969482422,97.5199966430664,97.5199966430664,725600
2018-07-06,97.70999908447266,99.44999694824219,96.27999877929688,98.97000122070312,98.97000122070312,534700
2018-07-09,99.1500015258789,100.86000061035156,98.29000091552734,100.37999725341797,100.37999725341797,828700
2018-07-10,100.76000213623047,102.4800033569336,99.56999969482422,100.0,100.0,1126600
2018-07-11,98.87999725341797,102.94000244140625,98.87999725341797,102.70999908447266,102.70999908447266,802000
2018-07-12,103.0,105.45999908447266,102.12000274658203,104.63999938964844,104.63999938964844,942600
2018-07-13,103.87999725341797,103.87999725341797,100.30000305175781,100.44999694824219,100.44999694824219,980000
2018-07-16,100.7300033569336,100.7300033569336,98.5999984741211,99.44999694824219,99.44999694824219,738400
2018-07-17,98.7699966430664,102.11000061035156,98.18000030517578,101.73999786376953,101.73999786376953,642400
2018-07-18,102.0,103.77999877929688,101.12999725341797,103.5199966430664,103.5199966430664,772200
2018-07-19,103.54000091552734,104.47000122070312,102.11000061035156,102.54000091552734,102.54000091552734,506700
2018-07-20,102.94000244140625,103.47000122070312,101.98999786376953,102.2300033569336,102.2300033569336,439700
2018-07-23,102.69000244140625,104.81999969482422,102.02999877929688,104.33000183105469,104.33000183105469,532300
2018-07-24,104.2699966430664,104.80999755859375,101.55000305175781,101.75,101.75,554200
2018-07-25,101.41000366210938,103.98999786376953,101.02999877929688,103.70999908447266,103.70999908447266,798000
2018-07-26,103.26000213623047,103.4000015258789,100.80000305175781,101.9800033569336,101.9800033569336,525700
2018-07-27,100.31999969482422,101.4000015258789,92.69000244140625,95.3499984741211,95.3499984741211,2230900
2018-07-30,95.33000183105469,96.02999877929688,92.33000183105469,93.38999938964844,93.38999938964844,1125700
2018-07-31,96.72000122070312,96.72000122070312,94.08000183105469,95.12999725341797,95.12999725341797,1042200
2018-08-01,94.12999725341797,96.47000122070312,94.04000091552734,95.44000244140625,95.44000244140625,1225800
2018-08-02,119.4000015258789,125.6500015258789,114.80999755859375,124.69000244140625,124.69000244140625,6934000
2018-08-03,119.4000015258789,124.98999786376953,119.0,123.33000183105469,123.33000183105469,1434600
2018-08-06,123.61000061035156,127.30999755859375,120.37000274658203,121.83999633789062,121.83999633789062,1361700
2018-08-07,122.44999694824219,126.55000305175781,122.18000030517578,124.76000213623047,124.76000213623047,1499900
2018-08-08,125.30999755859375,126.0,123.06999969482422,124.3499984741211,124.3499984741211,707900
2018-08-09,124.05000305175781,126.0,123.1500015258789,123.19000244140625,123.19000244140625,1196100
2018-08-10,122.0,125.76000213623047,121.55999755859375,123.3499984741211,123.3499984741211,674100
2018-08-13,122.83999633789062,124.94000244140625,122.0,123.86000061035156,123.86000061035156,489000
2018-08-14,124.02999877929688,127.6500015258789,123.6500015258789,127.43000030517578,127.43000030517578,603300
2018-08-15,127.9000015258789,129.08999633789062,123.41999816894531,123.9000015258789,123.9000015258789,1071100
2018-08-16,125.0,128.4499969482422,124.91999816894531,128.30999755859375,128.30999755859375,1057600
2018-08-17,127.68000030517578,131.10000610351562,127.5999984741211,130.9600067138672,130.9600067138672,637300
2018-08-20,130.97999572753906,132.77999877929688,130.6300048828125,132.14999389648438,132.14999389648438,694700
2018-08-21,132.75999450683594,136.33999633789062,132.60000610351562,136.02999877929688,136.02999877929688,1263200
2018-08-22,136.0,139.24000549316406,135.39999389648438,138.08999633789062,138.08999633789062,1046600
2018-08-23,142.75,144.60000610351562,138.02999877929688,142.1999969482422,142.1999969482422,1564200
2018-08-24,142.0399932861328,142.88999938964844,135.05999755859375,136.3300018310547,136.3300018310547,1908000
2018-08-27,137.0,141.07000732421875,136.4199981689453,140.6300048828125,140.6300048828125,1222900
2018-08-28,141.0,142.5399932861328,139.74000549316406,141.58999633789062,141.58999633789062,705300
2018-08-29,141.3300018310547,144.0500030517578,140.72000122070312,142.22000122070312,142.22000122070312,904800
2018-08-30,141.61000061035156,145.47000122070312,141.61000061035156,144.39999389648438,144.39999389648438,599700
2018-08-31,144.7100067138672,145.9499969482422,144.00999450683594,144.3800048828125,144.3800048828125,425000
2018-09-04,144.10000610351562,146.27000427246094,143.25,146.05999755859375,146.05999755859375,607000
2018-09-05,146.1999969482422,146.25999450683594,140.08999633789062,141.99000549316406,141.99000549316406,1131400
2018-09-06,142.75,145.1999969482422,140.92999267578125,142.8000030517578,142.8000030517578,869400
2018-09-07,141.3300018310547,147.11000061035156,141.0800018310547,143.47999572753906,143.47999572753906,514300
2018-09-10,143.35000610351562,145.83999633789062,141.5800018310547,145.14999389648438,145.14999389648438,836400
2018-09-11,145.35000610351562,148.47999572753906,144.52000427246094,146.8699951171875,146.8699951171875,711300
2018-09-12,148.47999572753906,148.47999572753906,143.5,146.24000549316406,146.24000549316406,1006200
2018-09-13,147.07000732421875,148.55999755859375,144.6300048828125,145.0,145.0,840000
2018-09-14,144.63999938964844,146.10000610351562,141.8699951171875,143.02999877929688,143.02999877929688,972800
2018-09-17,142.83999633789062,143.99000549316406,136.72999572753906,137.92999267578125,137.92999267578125,1527200
2018-09-18,138.5500030517578,141.05999755859375,138.5500030517578,139.30999755859375,139.30999755859375,1097300
2018-09-19,139.63999938964844,141.25,135.2100067138672,139.0800018310547,139.0800018310547,1266200
2018-09-20,140.14999389648438,141.39999389648438,138.9499969482422,139.41000366210938,139.41000366210938,929000
2018-09-21,138.14999389648438,140.3699951171875,138.14999389648438,139.5,139.5,1504200
2018-09-24,139.0399932861328,142.8000030517578,137.9199981689453,142.10000610351562,142.10000610351562,1422100
2018-09-25,142.94000244140625,145.6999969482422,142.33999633789062,144.7899932861328,144.7899932861328,1243400
2018-09-26,144.6999969482422,146.5,141.25999450683594,142.82000732421875,142.82000732421875,848300
2018-09-27,143.42999267578125,144.47000122070312,141.17999267578125,143.9600067138672,143.9600067138672,651700
2018-09-28,143.5500030517578,145.00999450683594,141.89999389648438,143.0399932861328,143.0399932861328,828400
2018-10-01,140.89999389648438,141.7100067138672,131.49000549316406,133.77000427246094,133.77000427246094,2249600
2018-10-02,134.25999450683594,135.60000610351562,129.75999450683594,130.3000030517578,130.3000030517578,1356200
2018-10-03,130.47000122070312,131.00999450683594,124.91999816894531,126.13999938964844,126.13999938964844,2403900
2018-10-04,125.0,126.0999984741211,122.76000213623047,125.06999969482422,125.06999969482422,1360000
2018-10-05,124.36000061035156,129.3699951171875,122.58000183105469,126.44000244140625,126.44000244140625,1449200
2018-10-08,125.23999786376953,126.05999755859375,121.27999877929688,123.41000366210938,123.41000366210938,1502900
2018-10-09,123.04000091552734,126.91999816894531,121.58000183105469,122.5,122.5,928700
2018-10-10,122.19999694824219,123.55999755859375,117.83000183105469,118.08000183105469,118.08000183105469,1624500
2018-10-11,117.19999694824219,124.38999938964844,116.01000213623047,122.4000015258789,122.4000015258789,1588900
2018-10-12,124.5999984741211,127.93000030517578,123.72000122070312,127.06999969482422,127.06999969482422,1128300
2018-10-15,127.52999877929688,128.0,123.79000091552734,125.16999816894531,125.16999816894531,748300
2018-10-16,125.97000122070312,133.99000549316406,125.52999877929688,133.1999969482422,133.1999969482422,937200
2018-10-17,132.83999633789062,134.69000244140625,130.6199951171875,132.63999938964844,132.63999938964844,1094500
2018-10-18,131.67999267578125,134.47000122070312,130.25999450683594,132.85000610351562,132.85000610351562,744000
2018-10-19,136.0,136.57000732421875,128.7100067138672,129.0,129.0,989900
2018-10-22,128.72999572753906,132.07000732421875,126.94999694824219,131.44000244140625,131.44000244140625,842800
2018-10-23,129.77999877929688,131.61000061035156,126.18000030517578,131.14999389648438,131.14999389648438,980300
2018-10-24,131.13999938964844,133.47000122070312,124.41000366210938,124.83999633789062,124.83999633789062,833400
2018-10-25,124.72000122070312,127.41000366210938,119.30000305175781,125.66000366210938,125.66000366210938,1070900
2018-10-26,122.4000015258789,126.7699966430664,118.61000061035156,125.37000274658203,125.37000274658203,1171400
2018-10-29,127.31999969482422,130.3699951171875,122.81999969482422,124.63999938964844,124.63999938964844,1246800
2018-10-30,124.33999633789062,128.72000122070312,122.81999969482422,125.41000366210938,125.41000366210938,1404400
2018-10-31,126.56999969482422,135.86000061035156,125.0,132.77000427246094,132.77000427246094,1578100
2018-11-01,133.5500030517578,137.64999389648438,131.2100067138672,136.00999450683594,136.00999450683594,1271300
2018-11-02,137.1300048828125,138.0,131.14999389648438,132.66000366210938,132.66000366210938,1133900
2018-11-05,132.66000366210938,133.82000732421875,129.92999267578125,130.83999633789062,130.83999633789062,1358600
2018-11-06,131.50999450683594,133.52000427246094,128.9499969482422,132.9199981689453,132.9199981689453,1992200
2018-11-07,137.0,145.0,132.47999572753906,144.64999389648438,144.64999389648438,2977600
2018-11-08,143.60000610351562,152.13999938964844,143.0,148.41000366210938,148.41000366210938,1495400
2018-11-09,148.11000061035156,151.63999938964844,144.6999969482422,149.4600067138672,149.4600067138672,1601500
2018-11-12,147.27000427246094,149.5,140.57000732421875,141.80999755859375,141.80999755859375,1678400
2018-11-13,143.42999267578125,145.99000549316406,139.24000549316406,142.72999572753906,142.72999572753906,1456300
2018-11-14,143.07000732421875,144.97999572753906,137.6699981689453,138.8300018310547,138.8300018310547,1421400
2018-11-15,137.86000061035156,139.97000122070312,133.00999450683594,135.75,135.75,1926900
2018-11-16,134.91000366210938,140.1699981689453,133.5399932861328,138.14999389648438,138.14999389648438,2020600
2018-11-19,137.0,137.88999938964844,120.19000244140625,121.30999755859375,121.30999755859375,2483100
2018-11-20,117.30999755859375,122.68000030517578,115.52999877929688,119.83000183105469,119.83000183105469,2188200
2018-11-21,121.12000274658203,124.36000061035156,119.05999755859375,121.61000061035156,121.61000061035156,2525400
2018-11-23,119.63999938964844,125.01000213623047,119.63999938964844,124.27999877929688,124.27999877929688,564000
2018-11-26,125.7699966430664,128.92999267578125,123.0199966430664,125.98999786376953,125.98999786376953,1524500
2018-11-27,122.69000244140625,125.62000274658203,120.06999969482422,123.98999786376953,123.98999786376953,3040900
2018-11-28,123.5,126.87999725341797,121.66999816894531,124.69999694824219,124.69999694824219,3896800
2018-11-29,125.86000061035156,131.11000061035156,124.88999938964844,129.9600067138672,129.9600067138672,1930100
2018-11-30,129.5399932861328,132.33999633789062,127.36000061035156,129.58999633789062,129.58999633789062,6055700
2018-12-03,133.63999938964844,137.41000366210938,131.57000732421875,136.58999633789062,136.58999633789062,2254300
2018-12-04,136.25,138.58999633789062,121.7699966430664,127.91000366210938,127.91000366210938,2583200
2018-12-06,127.0,129.75999450683594,124.05999755859375,129.47000122070312,129.47000122070312,1545700
2018-12-07,128.17999267578125,130.66000366210938,120.2699966430664,121.41000366210938,121.41000366210938,1124000
2018-12-10,121.9000015258789,123.94999694824219,119.63999938964844,123.44999694824219,123.44999694824219,1647100
2018-12-11,125.19000244140625,129.5500030517578,120.6500015258789,123.02999877929688,123.02999877929688,1952600
2018-12-12,125.19999694824219,126.44000244140625,123.55999755859375,124.5199966430664,124.5199966430664,1662200
2018-12-13,124.9000015258789,125.72000122070312,121.12000274658203,123.0199966430664,123.0199966430664,1049700
2018-12-14,121.94999694824219,123.31999969482422,119.4000015258789,120.66000366210938,120.66000366210938,980900
2018-12-17,118.94999694824219,119.44999694824219,113.01000213623047,113.69999694824219,113.69999694824219,1348800
2018-12-18,115.41000366210938,116.37999725341797,112.86000061035156,114.61000061035156,114.61000061035156,1201000
2018-12-19,115.2699966430664,118.83999633789062,112.4800033569336,113.4800033569336,113.4800033569336,785100
2018-12-20,112.83999633789062,113.93000030517578,108.3499984741211,110.05999755859375,110.05999755859375,1375600
2018-12-21,110.97000122070312,111.19000244140625,105.05000305175781,108.31999969482422,108.31999969482422,1276600
2018-12-24,107.88999938964844,110.1500015258789,105.70999908447266,107.97000122070312,107.97000122070312,288700
2018-12-26,108.63999938964844,116.7699966430664,108.63999938964844,116.47000122070312,116.47000122070312,740500
2018-12-27,114.51000213623047,118.0,113.0,117.94000244140625,117.94000244140625,806300
2018-12-28,118.5,120.56999969482422,115.83999633789062,118.27999877929688,118.27999877929688,1537700
2018-12-31,119.22000122070312,121.76000213623047,118.54000091552734,119.80000305175781,119.80000305175781,657200
2019-01-02,117.01000213623047,118.37000274658203,114.0,115.18000030517578,115.18000030517578,1152400
2019-01-03,114.29000091552734,116.38999938964844,110.33000183105469,112.26000213623047,112.26000213623047,765700
2019-01-04,114.18000030517578,118.27999877929688,113.01000213623047,116.23999786376953,116.23999786376953,2152400
2019-01-07,125.52999877929688,132.77999877929688,124.0,129.9499969482422,129.9499969482422,2033300
2019-01-08,131.4600067138672,136.1999969482422,130.61000061035156,131.52000427246094,131.52000427246094,1650800
2019-01-09,132.8699951171875,139.16000366210938,132.8699951171875,138.75,138.75,1191600
2019-01-10,138.75,142.02000427246094,138.08999633789062,141.89999389648438,141.89999389648438,2608700
2019-01-11,141.89999389648438,142.74000549316406,139.8000030517578,141.10000610351562,141.10000610351562,880600
2019-01-14,140.42999267578125,143.30999755859375,140.00999450683594,142.74000549316406,142.74000549316406,1242200
2019-01-15,143.47999572753906,148.39999389648438,142.0,147.0500030517578,147.0500030517578,1388700
2019-01-16,147.85000610351562,149.42999267578125,145.63999938964844,147.0500030517578,147.0500030517578,989200
2019-01-17,147.22000122070312,150.97999572753906,146.6300048828125,149.5,149.5,868400
2019-01-18,150.75,152.69000244140625,149.17999267578125,149.52000427246094,149.52000427246094,1340400
2019-01-22,149.0,152.44000244140625,147.39999389648438,150.82000732421875,150.82000732421875,1634700
2019-01-23,150.0,151.4600067138672,142.75999450683594,146.5399932861328,146.5399932861328,1348400
2019-01-24,147.17999267578125,147.89999389648438,143.7899932861328,144.0800018310547,144.0800018310547,1566700
2019-01-25,144.61000061035156,147.27999877929688,142.77000427246094,145.00999450683594,145.00999450683594,1228200
2019-01-28,144.2899932861328,144.99000549316406,140.11000061035156,141.36000061035156,141.36000061035156,800700
2019-01-29,141.05999755859375,142.13999938964844,138.3000030517578,140.0500030517578,140.0500030517578,719700
2019-01-30,140.8300018310547,144.41000366210938,140.52999877929688,143.61000061035156,143.61000061035156,681100
2019-01-31,144.22999572753906,146.3300018310547,139.77999877929688,141.02999877929688,141.02999877929688,1461600
2019-02-01,140.6999969482422,141.86000061035156,136.77999877929688,141.77999877929688,141.77999877929688,766400
2019-02-04,141.8300018310547,144.6199951171875,141.11000061035156,144.49000549316406,144.49000549316406,574000
2019-02-05,145.42999267578125,149.4600067138672,145.0,148.74000549316406,148.74000549316406,1107900
2019-02-06,148.02999877929688,149.77000427246094,144.0399932861328,145.16000366210938,145.16000366210938,798700
2019-02-07,144.30999755859375,145.77000427246094,142.1999969482422,143.9600067138672,143.9600067138672,732200
2019-02-08,142.75999450683594,146.7100067138672,142.75,145.52999877929688,145.52999877929688,715400
2019-02-11,147.66000366210938,153.32000732421875,147.2899932861328,151.22999572753906,151.22999572753906,1658200
2019-02-12,153.32000732421875,155.85000610351562,150.05999755859375,152.72999572753906,152.72999572753906,1517700
2019-02-13,152.52000427246094,153.64999389648438,145.08999633789062,149.0500030517578,149.0500030517578,1616300
2019-02-14,148.3000030517578,149.6300048828125,146.91000366210938,147.8300018310547,147.8300018310547,739900
2019-02-15,149.91000366210938,150.25,147.33999633789062,148.49000549316406,148.49000549316406,956000
2019-02-19,149.05999755859375,150.19000244140625,147.35000610351562,147.89999389648438,147.89999389648438,988800
2019-02-20,147.08999633789062,148.17999267578125,144.42999267578125,145.5399932861328,145.5399932861328,1289100
2019-02-21,145.5399932861328,147.5,143.89999389648438,146.25,146.25,1267400
2019-02-22,153.69000244140625,156.16000366210938,135.22000122070312,136.86000061035156,136.86000061035156,3713400
2019-02-25,137.9499969482422,141.47000122070312,137.9499969482422,140.89999389648438,140.89999389648438,1990100
2019-02-26,140.3000030517578,140.67999267578125,136.69000244140625,139.58999633789062,139.58999633789062,1105000
2019-02-27,140.10000610351562,143.77000427246094,139.52000427246094,140.08999633789062,140.08999633789062,1393900
2019-02-28,140.02000427246094,142.63999938964844,139.19000244140625,139.3300018310547,139.3300018310547,1182000
2019-03-01,140.52000427246094,144.0399932861328,138.10000610351562,143.49000549316406,143.49000549316406,1600400
2019-03-04,143.88999938964844,144.89999389648438,138.0500030517578,141.5,141.5,1471600
2019-03-05,141.6300048828125,149.8300018310547,139.0,146.97000122070312,146.97000122070312,1357500
2019-03-06,146.9600067138672,148.07000732421875,142.4499969482422,143.41000366210938,143.41000366210938,1306600
2019-03-07,143.5800018310547,145.97000122070312,140.6999969482422,143.07000732421875,143.07000732421875,645500
2019-03-08,141.55999755859375,143.41000366210938,139.60000610351562,143.24000549316406,143.24000549316406,741000
2019-03-11,143.0,145.0500030517578,141.92999267578125,144.08999633789062,144.08999633789062,951900
2019-03-12,143.92999267578125,144.6699981689453,140.35000610351562,143.7899932861328,143.7899932861328,1457800
2019-03-13,142.24000549316406,150.14999389648438,141.50999450683594,147.4600067138672,147.4600067138672,1678000
2019-03-14,147.22000122070312,147.52999877929688,144.47999572753906,146.85000610351562,146.85000610351562,1349500
2019-03-15,146.9499969482422,152.27999877929688,146.0,151.0,151.0,3072500
2019-03-18,152.02000427246094,154.8800048828125,145.50999450683594,146.14999389648438,146.14999389648438,1503800
2019-03-19,146.22000122070312,147.6199951171875,144.5,146.94000244140625,146.94000244140625,1492000
2019-03-20,147.0,148.0800018310547,145.11000061035156,146.16000366210938,146.16000366210938,858700
2019-03-21,145.5,147.5800018310547,140.32000732421875,142.16000366210938,142.16000366210938,1880800
2019-03-22,140.67999267578125,140.9499969482422,127.9000015258789,129.02999877929688,129.02999877929688,3946300
2019-03-25,128.0,128.24000549316406,121.5,124.08000183105469,124.08000183105469,2243700
2019-03-26,124.70999908447266,125.5999984741211,120.13999938964844,120.94999694824219,120.94999694824219,1741600
2019-03-27,120.66000366210938,120.91999816894531,114.7699966430664,115.54000091552734,115.54000091552734,2464400
2019-03-28,115.30000305175781,119.88999938964844,112.63999938964844,118.37999725341797,118.37999725341797,1700500
2019-03-29,119.0,119.88999938964844,117.12000274658203,119.0999984741211,119.0999984741211,1055900
2019-04-01,119.94999694824219,120.98999786376953,114.0,115.16999816894531,115.16999816894531,1921500
2019-04-02,115.3499984741211,117.70999908447266,113.51000213623047,116.9800033569336,116.9800033569336,1697600
2019-04-03,117.8499984741211,118.79000091552734,114.91999816894531,117.69000244140625,117.69000244140625,1897400
2019-04-04,118.44999694824219,119.13999938964844,116.11000061035156,117.16000366210938,117.16000366210938,837000
2019-04-05,117.80999755859375,118.55000305175781,116.30000305175781,116.91999816894531,116.91999816894531,978200
2019-04-08,117.1500015258789,117.70999908447266,113.55999755859375,114.94999694824219,114.94999694824219,1127200
2019-04-09,114.19999694824219,116.16000366210938,114.0,115.22000122070312,115.22000122070312,759100
2019-04-10,115.05000305175781,119.80999755859375,114.25,118.87999725341797,118.87999725341797,1121500
2019-04-11,119.20999908447266,121.44999694824219,117.4800033569336,119.30000305175781,119.30000305175781,1126300
2019-04-12,119.5199966430664,120.29000091552734,117.80000305175781,117.87999725341797,117.87999725341797,672500
2019-04-15,117.47000122070312,120.01000213623047,116.66999816894531,118.97000122070312,118.97000122070312,912900
2019-04-16,120.68000030517578,120.87000274658203,116.87999725341797,117.76000213623047,117.76000213623047,944600
2019-04-17,117.80000305175781,117.80000305175781,109.76000213623047,111.37999725341797,111.37999725341797,2045000
2019-04-18,111.86000061035156,114.80999755859375,107.44000244140625,114.29000091552734,114.29000091552734,1528500
2019-04-22,113.7300033569336,116.86000061035156,113.19999694824219,116.61000061035156,116.61000061035156,721900
2019-04-23,117.25,119.36000061035156,114.30999755859375,118.02999877929688,118.02999877929688,1356200
2019-04-24,117.77999877929688,119.83999633789062,116.2300033569336,118.81999969482422,118.81999969482422,707400
2019-04-25,119.26000213623047,120.12000274658203,117.25,118.12000274658203,118.12000274658203,813600
2019-04-26,118.86000061035156,124.5,118.86000061035156,124.16999816894531,124.16999816894531,1279600
2019-04-29,124.83000183105469,125.44000244140625,121.52999877929688,124.43000030517578,124.43000030517578,971000
2019-04-30,124.16000366210938,125.73999786376953,120.95999908447266,121.06999969482422,121.06999969482422,1169800
2019-05-01,122.5199966430664,124.79000091552734,117.2300033569336,118.62000274658203,118.62000274658203,1776300
2019-05-02,118.47000122070312,123.69999694824219,118.0,120.37000274658203,120.37000274658203,2460600
2019-05-03,121.44999694824219,125.76000213623047,119.6500015258789,122.94999694824219,122.94999694824219,1513900
2019-05-06,118.6500015258789,123.56999969482422,118.6500015258789,122.20999908447266,122.20999908447266,1310400
2019-05-07,121.11000061035156,122.16999816894531,117.6500015258789,119.61000061035156,119.61000061035156,1062700
2019-05-08,118.95999908447266,120.80000305175781,117.0999984741211,118.2300033569336,118.2300033569336,703100
2019-05-09,116.79000091552734,118.31999969482422,115.5,117.20999908447266,117.20999908447266,846800
2019-05-10,116.91999816894531,119.22000122070312,114.44000244140625,118.79000091552734,118.79000091552734,1034900
2019-05-13,116.16000366210938,117.33000183105469,114.73999786376953,116.25,116.25,996400
2019-05-14,116.55000305175781,121.19999694824219,116.55000305175781,120.25,120.25,1328800
2019-05-15,118.91000366210938,123.37999725341797,118.38999938964844,121.48999786376953,121.48999786376953,1059400
2019-05-16,120.97000122070312,123.36000061035156,119.20999908447266,119.41000366210938,119.41000366210938,879800
2019-05-17,118.6500015258789,119.37000274658203,116.6500015258789,118.04000091552734,118.04000091552734,657900
2019-05-20,117.01000213623047,119.77999877929688,115.41999816894531,118.47000122070312,118.47000122070312,688700
2019-05-21,119.30999755859375,120.83999633789062,118.56999969482422,118.58999633789062,118.58999633789062,710900
2019-05-22,117.87000274658203,118.91000366210938,117.37000274658203,118.75,118.75,977800
2019-05-23,117.69999694824219,117.80000305175781,113.62999725341797,114.45999908447266,114.45999908447266,626200
2019-05-24,115.16000366210938,118.98999786376953,114.38999938964844,118.97000122070312,118.97000122070312,698700
2019-05-28,119.0,122.8499984741211,119.0,120.70999908447266,120.70999908447266,1454000
2019-05-29,119.30999755859375,119.69999694824219,115.9000015258789,118.5999984741211,118.5999984741211,1171300
2019-05-30,118.61000061035156,121.08999633789062,116.83000183105469,119.9000015258789,119.9000015258789,809300
2019-05-31,118.98999786376953,122.31999969482422,117.06999969482422,121.30000305175781,121.30000305175781,793300
2019-06-03,121.08000183105469,123.33999633789062,119.87999725341797,120.95999908447266,120.95999908447266,1185700
2019-06-04,121.51000213623047,124.87000274658203,120.91000366210938,124.75,124.75,955900
2019-06-05,125.0,126.7300033569336,123.0199966430664,123.45999908447266,123.45999908447266,1113800
2019-06-06,123.02999877929688,123.25,118.41999816894531,120.69999694824219,120.69999694824219,1779400
2019-06-07,121.25,126.6500015258789,120.44000244140625,125.9800033569336,125.9800033569336,1655200
2019-06-10,127.02999877929688,141.27999877929688,126.5,138.44000244140625,138.44000244140625,4297600
2019-06-11,136.57000732421875,140.0,136.57000732421875,138.52999877929688,138.52999877929688,1322400
2019-06-12,139.2100067138672,145.30999755859375,139.2100067138672,145.27000427246094,145.27000427246094,2217400
2019-06-13,145.0,147.5,144.4600067138672,146.32000732421875,146.32000732421875,2043600
2019-06-14,146.32000732421875,148.47999572753906,145.1300048828125,148.0399932861328,148.0399932861328,1282200
2019-06-17,148.58999633789062,151.3699951171875,148.0,150.33999633789062,150.33999633789062,1195700
2019-06-18,152.19000244140625,153.38999938964844,150.94000244140625,152.5399932861328,152.5399932861328,1273600
2019-06-19,152.85000610351562,154.10000610351562,150.74000549316406,153.77999877929688,153.77999877929688,813000
2019-06-20,154.9600067138672,157.5,154.16000366210938,155.66000366210938,155.66000366210938,925400
2019-06-21,154.10000610351562,155.14999389648438,150.3300018310547,150.8000030517578,150.8000030517578,1185400
2019-06-24,150.8300018310547,151.9600067138672,147.0,147.66000366210938,147.66000366210938,1011300
2019-06-25,148.02999877929688,148.11000061035156,143.3300018310547,143.52000427246094,143.52000427246094,1082700
2019-06-26,144.27000427246094,145.0,139.22999572753906,141.52999877929688,141.52999877929688,996700
2019-06-27,142.47000122070312,147.0800018310547,142.25999450683594,145.8300018310547,145.8300018310547,830300
2019-06-28,146.6999969482422,150.30999755859375,145.8300018310547,149.83999633789062,149.83999633789062,1300500
2019-07-01,151.49000549316406,153.07000732421875,150.94000244140625,151.42999267578125,151.42999267578125,953900
2019-07-02,151.82000732421875,151.82000732421875,144.33999633789062,145.6699981689453,145.6699981689453,1142200
2019-07-03,145.99000549316406,146.97999572753906,143.2100067138672,143.36000061035156,143.36000061035156,887900
2019-07-05,142.11000061035156,147.3300018310547,141.30999755859375,146.99000549316406,146.99000549316406,571700
2019-07-08,146.47999572753906,148.5,144.1300048828125,145.6199951171875,145.6199951171875,817400
2019-07-09,144.91000366210938,147.88999938964844,143.97000122070312,147.77999877929688,147.77999877929688,550200
2019-07-10,148.08999633789062,152.9499969482422,148.0800018310547,150.8800048828125,150.8800048828125,1093800
2019-07-11,151.52000427246094,152.83999633789062,148.89999389648438,152.5,152.5,620800
2019-07-12,152.33999633789062,152.5500030517578,145.88999938964844,149.1699981689453,149.1699981689453,918600
2019-07-15,149.72000122070312,152.2899932861328,148.05999755859375,151.11000061035156,151.11000061035156,901000
2019-07-16,151.52999877929688,153.0,148.8000030517578,149.85000610351562,149.85000610351562,792500
2019-07-17,149.61000061035156,149.61000061035156,144.77000427246094,147.57000732421875,147.57000732421875,711600
2019-07-18,147.67999267578125,155.99000549316406,146.4199981689453,153.38999938964844,153.38999938964844,908600
2019-07-19,153.7100067138672,155.0399932861328,151.89999389648438,152.5800018310547,152.5800018310547,551200
2019-07-22,152.52999877929688,157.0,152.52999877929688,155.11000061035156,155.11000061035156,781700
2019-07-23,155.0500030517578,156.47000122070312,151.52000427246094,151.9499969482422,151.9499969482422,464400
2019-07-24,152.52999877929688,153.8699951171875,150.1999969482422,152.9600067138672,152.9600067138672,536300
2019-07-25,152.00999450683594,153.4600067138672,150.67999267578125,151.49000549316406,151.49000549316406,402300
2019-07-26,152.9199981689453,155.1300048828125,151.22000122070312,153.77000427246094,153.77000427246094,505600
2019-07-29,153.85000610351562,154.97999572753906,149.9199981689453,153.5399932861328,153.5399932861328,462300
2019-07-30,152.10000610351562,157.10000610351562,152.10000610351562,156.38999938964844,156.38999938964844,618400
2019-07-31,157.49000549316406,160.0,154.47999572753906,156.8699951171875,156.8699951171875,1539600
2019-08-01,157.00999450683594,161.3000030517578,140.5,148.32000732421875,148.32000732421875,3326400
2019-08-02,149.11000061035156,149.11000061035156,141.75999450683594,144.2100067138672,144.2100067138672,1234600
2019-08-05,141.49000549316406,143.42999267578125,139.52999877929688,142.1300048828125,142.1300048828125,1142200
2019-08-06,143.17999267578125,147.9499969482422,143.17999267578125,147.64999389648438,147.64999389648438,1212900
2019-08-07,146.41000366210938,148.0,143.52000427246094,147.30999755859375,147.30999755859375,680200
2019-08-08,148.67999267578125,155.7100067138672,148.67999267578125,154.1999969482422,154.1999969482422,877000
2019-08-09,153.0399932861328,156.36000061035156,153.0399932861328,155.44000244140625,155.44000244140625,866700
2019-08-12,153.8800048828125,155.0,150.6300048828125,151.92999267578125,151.92999267578125,451600
2019-08-13,153.6300048828125,158.1999969482422,150.69000244140625,157.3000030517578,157.3000030517578,664800
2019-08-14,154.25,154.97000122070312,151.24000549316406,153.5,153.5,622000
2019-08-15,154.1699981689453,158.75,153.5,158.52999877929688,158.52999877929688,1075300
2019-08-16,159.08999633789062,165.08999633789062,158.5399932861328,163.67999267578125,163.67999267578125,1301700
2019-08-19,166.3300018310547,167.66000366210938,162.24000549316406,163.58999633789062,163.58999633789062,887900
2019-08-20,163.44000244140625,169.4600067138672,162.47000122070312,168.27999877929688,168.27999877929688,1160200
2019-08-21,170.0,173.39999389648438,168.61000061035156,173.19000244140625,173.19000244140625,812500
2019-08-22,173.3300018310547,175.49000549316406,171.0800018310547,174.3699951171875,174.3699951171875,817200
2019-08-23,174.74000549316406,176.58999633789062,172.4499969482422,173.5500030517578,173.5500030517578,1201800
2019-08-26,175.0,175.5,172.85000610351562,174.69000244140625,174.69000244140625,779100
2019-08-27,176.16000366210938,178.35000610351562,174.4499969482422,175.0,175.0,868000
2019-08-28,172.8800048828125,178.4499969482422,172.0,175.19000244140625,175.19000244140625,767800
2019-08-29,177.8000030517578,177.8000030517578,171.50999450683594,172.05999755859375,172.05999755859375,1334700
2019-08-30,172.38999938964844,173.02999877929688,169.0800018310547,171.61000061035156,171.61000061035156,500700
2019-09-03,170.0,172.60000610351562,169.3000030517578,172.25999450683594,172.25999450683594,772700
2019-09-04,172.69000244140625,172.9600067138672,169.1699981689453,169.6300048828125,169.6300048828125,719400
2019-09-05,170.38999938964844,171.42999267578125,166.50999450683594,167.6699981689453,167.6699981689453,538700
2019-09-06,167.67999267578125,167.67999267578125,160.24000549316406,160.49000549316406,160.49000549316406,1065500
2019-09-09,160.05999755859375,161.16000366210938,144.83999633789062,145.3699951171875,145.3699951171875,1996800
2019-09-10,143.8000030517578,146.97999572753906,138.27999877929688,145.24000549316406,145.24000549316406,1659800
2019-09-11,145.8699951171875,148.8300018310547,145.0500030517578,146.6999969482422,146.6999969482422,975000
2019-09-12,147.4499969482422,149.30999755859375,146.1300048828125,147.16000366210938,147.16000366210938,758300
2019-09-13,145.5800018310547,147.16000366210938,144.10000610351562,146.25999450683594,146.25999450683594,665000
2019-09-16,145.49000549316406,149.6699981689453,144.77999877929688,148.67999267578125,148.67999267578125,579700
2019-09-17,150.97000122070312,155.83999633789062,149.0800018310547,153.6999969482422,153.6999969482422,930300
2019-09-18,151.4600067138672,157.67999267578125,151.4600067138672,156.92999267578125,156.92999267578125,832100
2019-09-19,157.50999450683594,157.50999450683594,153.47999572753906,154.99000549316406,154.99000549316406,463200
2019-09-20,155.00999450683594,157.85000610351562,152.13999938964844,154.39999389648438,154.39999389648438,995400
2019-09-23,155.1999969482422,158.49000549316406,154.2100067138672,155.3300018310547,155.3300018310547,580200
2019-09-24,155.02999877929688,156.58999633789062,151.30999755859375,153.4600067138672,153.4600067138672,576700
2019-09-25,153.77000427246094,154.5,149.3000030517578,153.75999450683594,153.75999450683594,514400
2019-09-26,154.4499969482422,155.1300048828125,149.6300048828125,149.88999938964844,149.88999938964844,531600
2019-09-27,150.5500030517578,151.97000122070312,147.10000610351562,148.50999450683594,148.50999450683594,686300
2019-09-30,148.55999755859375,150.99000549316406,146.6300048828125,149.24000549316406,149.24000549316406,565400
2019-10-01,149.61000061035156,150.75,148.0,148.85000610351562,148.85000610351562,429700
2019-10-02,148.19000244140625,150.0,145.7899932861328,148.88999938964844,148.88999938964844,514500
2019-10-03,149.38999938964844,158.2899932861328,145.60000610351562,157.41000366210938,157.41000366210938,1020100
2019-10-04,157.2100067138672,161.32000732421875,157.2100067138672,160.3699951171875,160.3699951171875,695000
2019-10-07,159.44000244140625,161.85000610351562,157.9499969482422,159.4499969482422,159.4499969482422,657500
2019-10-08,158.3300018310547,159.27999877929688,150.0800018310547,150.41000366210938,150.41000366210938,809000
2019-10-09,152.0800018310547,154.99000549316406,149.5500030517578,153.89999389648438,153.89999389648438,502000
2019-10-10,153.24000549316406,155.5500030517578,151.3000030517578,154.4600067138672,154.4600067138672,356800
2019-10-11,156.9600067138672,159.89999389648438,155.10000610351562,155.35000610351562,155.35000610351562,384700
2019-10-14,155.75999450683594,162.13999938964844,155.10000610351562,160.17999267578125,160.17999267578125,524400
2019-10-15,156.0,156.72000122070312,146.3800048828125,152.97000122070312,152.97000122070312,2077600
2019-10-16,155.7899932861328,159.47999572753906,150.47999572753906,153.8699951171875,153.8699951171875,919200
2019-10-17,154.5399932861328,158.4600067138672,153.74000549316406,156.6699981689453,156.6699981689453,501900
2019-10-18,155.5,157.49000549316406,153.17999267578125,156.9199981689453,156.9199981689453,645200
2019-10-21,156.99000549316406,159.61000061035156,156.07000732421875,156.6199951171875,156.6199951171875,440100
2019-10-22,157.32000732421875,158.32000732421875,150.52000427246094,150.88999938964844,150.88999938964844,437400
2019-10-23,152.4199981689453,154.0,146.11000061035156,146.4600067138672,146.4600067138672,695600
2019-10-24,148.2100067138672,149.2899932861328,146.4600067138672,146.97000122070312,146.97000122070312,484900
2019-10-25,146.9199981689453,149.91000366210938,145.22999572753906,147.38999938964844,147.38999938964844,492700
2019-10-28,147.52000427246094,152.2899932861328,147.52000427246094,151.6300048828125,151.6300048828125,457000
2019-10-29,151.8300018310547,155.67999267578125,149.4600067138672,154.83999633789062,154.83999633789062,525000
2019-10-30,155.85000610351562,156.9499969482422,153.0800018310547,155.74000549316406,155.74000549316406,399100
2019-10-31,155.38999938964844,157.44000244140625,151.11000061035156,154.24000549316406,154.24000549316406,495000
2019-11-01,155.60000610351562,160.0500030517578,154.63999938964844,157.3000030517578,157.3000030517578,453800
2019-11-04,158.8000030517578,159.35000610351562,155.89999389648438,158.5399932861328,158.5399932861328,833700
2019-11-05,158.49000549316406,159.8699951171875,150.41000366210938,153.55999755859375,153.55999755859375,1368400
2019-11-06,153.99000549316406,157.25999450683594,152.25999450683594,153.1199951171875,153.1199951171875,1266400
2019-11-07,185.1999969482422,200.8000030517578,183.14999389648438,194.6999969482422,194.6999969482422,7204500
2019-11-08,194.10000610351562,199.6199951171875,193.5,198.0800018310547,198.0800018310547,2577700
2019-11-11,196.0,205.92999267578125,194.60000610351562,205.67999267578125,205.67999267578125,1518400
2019-11-12,204.0399932861328,208.1999969482422,202.88999938964844,206.13999938964844,206.13999938964844,1304300
2019-11-13,204.22000122070312,206.52999877929688,199.97999572753906,202.89999389648438,202.89999389648438,944400
2019-11-14,204.80999755859375,206.52999877929688,198.7100067138672,202.80999755859375,202.80999755859375,955100
2019-11-15,203.38999938964844,208.3800048828125,202.02000427246094,208.3699951171875,208.3699951171875,1167200
2019-11-18,209.2100067138672,214.47999572753906,208.82000732421875,213.77999877929688,213.77999877929688,1484200
2019-11-19,214.4499969482422,218.92999267578125,212.50999450683594,217.5800018310547,217.5800018310547,1262800
2019-11-20,216.52000427246094,223.25,216.5,221.3300018310547,221.3300018310547,1515000
2019-11-21,221.0399932861328,222.44000244140625,215.05999755859375,218.80999755859375,218.80999755859375,1325200
2019-11-22,217.47000122070312,223.52000427246094,217.02000427246094,221.85000610351562,221.85000610351562,902500
2019-11-25,224.0,227.52000427246094,221.6999969482422,226.7899932861328,226.7899932861328,754200
2019-11-26,226.5500030517578,227.8300018310547,223.2100067138672,224.07000732421875,224.07000732421875,870000
2019-11-27,224.24000549316406,228.85000610351562,223.92999267578125,227.52999877929688,227.52999877929688,555200
2019-11-29,226.10000610351562,229.69000244140625,225.27000427246094,227.30999755859375,227.30999755859375,253200
2019-12-02,218.14999389648438,224.52999877929688,217.10000610351562,223.9199981689453,223.9199981689453,1119400
2019-12-03,221.33999633789062,229.75999450683594,220.32000732421875,228.66000366210938,228.66000366210938,573300
2019-12-04,228.8000030517578,230.85000610351562,226.02000427246094,229.17999267578125,229.17999267578125,682400
2019-12-05,230.82000732421875,232.0,226.69000244140625,226.8000030517578,226.8000030517578,592600
2019-12-06,228.39999389648438,230.25999450683594,223.61000061035156,224.75999450683594,224.75999450683594,502900
2019-12-09,224.9499969482422,227.6300048828125,220.89999389648438,221.0,221.0,760100
2019-12-10,220.5,222.97000122070312,214.38999938964844,215.52999877929688,215.52999877929688,1527300
2019-12-11,213.9199981689453,215.8000030517578,211.3300018310547,212.36000061035156,212.36000061035156,1222600
2019-12-12,211.8699951171875,213.0800018310547,201.57000732421875,202.0,202.0,1764200
2019-12-13,202.0,206.1300048828125,199.52000427246094,203.8300018310547,203.8300018310547,1471800
2019-12-16,206.13999938964844,212.92999267578125,205.36000061035156,212.41000366210938,212.41000366210938,1508800
2019-12-17,213.24000549316406,217.85000610351562,208.5,217.3300018310547,217.3300018310547,1351500
2019-12-18,216.8300018310547,221.02999877929688,216.11000061035156,218.64999389648438,218.64999389648438,908300
2019-12-19,219.0800018310547,220.99000549316406,214.88999938964844,216.3300018310547,216.3300018310547,1087800
2019-12-20,217.19000244140625,218.30999755859375,210.3699951171875,213.4199981689453,213.4199981689453,924500
2019-12-23,213.6699981689453,217.6199951171875,212.47000122070312,216.38999938964844,216.38999938964844,465800
2019-12-24,216.92999267578125,219.14999389648438,216.0800018310547,216.39999389648438,216.39999389648438,215300
2019-12-26,216.64999389648438,218.4499969482422,213.6699981689453,215.32000732421875,215.32000732421875,291600
2019-12-27,217.4499969482422,219.3300018310547,214.02000427246094,218.11000061035156,218.11000061035156,350900
2019-12-30,217.2100067138672,218.75999450683594,213.64999389648438,216.19000244140625,216.19000244140625,469500
2019-12-31,216.47999572753906,220.69000244140625,216.1300048828125,218.74000549316406,218.74000549316406,513900
2020-01-02,218.55999755859375,222.6300048828125,213.69000244140625,219.3800048828125,219.3800048828125,852600
2020-01-03,216.7899932861328,219.52999877929688,215.2100067138672,218.6999969482422,218.6999969482422,542800
2020-01-06,217.9199981689453,227.17999267578125,216.75,225.99000549316406,225.99000549316406,674900
2020-01-07,225.00999450683594,234.42999267578125,225.00999450683594,231.4499969482422,231.4499969482422,1337800
2020-01-08,230.77999877929688,235.75999450683594,228.80999755859375,233.22999572753906,233.22999572753906,734600
2020-01-09,235.00999450683594,240.77999877929688,231.1199951171875,239.27000427246094,239.27000427246094,959200
2020-01-10,241.44000244140625,242.13999938964844,235.91000366210938,237.3000030517578,237.3000030517578,627800
2020-01-13,235.0,236.0800018310547,224.00999450683594,235.83999633789062,235.83999633789062,1574900
2020-01-14,236.14999389648438,241.9600067138672,233.74000549316406,235.05999755859375,235.05999755859375,823400
2020-01-15,235.44000244140625,235.75,229.3000030517578,234.33999633789062,234.33999633789062,947200
2020-01-16,234.72000122070312,237.6300048828125,230.22000122070312,234.41000366210938,234.41000366210938,701000
2020-01-17,236.19000244140625,236.80999755859375,230.25999450683594,230.7899932861328,230.7899932861328,530700
2020-01-21,230.6999969482422,235.97000122070312,229.8000030517578,231.6199951171875,231.6199951171875,1049500
2020-01-22,233.72999572753906,239.32000732421875,233.72999572753906,235.64999389648438,235.64999389648438,524300
2020-01-23,236.02999877929688,237.7899932861328,231.69000244140625,235.60000610351562,235.60000610351562,582900
2020-01-24,237.77000427246094,238.6999969482422,233.08999633789062,233.94000244140625,233.94000244140625,533900
2020-01-27,229.00999450683594,236.42999267578125,226.72999572753906,235.4499969482422,235.4499969482422,558800
2020-01-28,235.85000610351562,237.77000427246094,233.83999633789062,234.94000244140625,234.94000244140625,719000
2020-01-29,236.27000427246094,240.22000122070312,232.5800018310547,238.5399932861328,238.5399932861328,637700
2020-01-30,237.85000610351562,239.77000427246094,232.0,238.92999267578125,238.92999267578125,459600
2020-01-31,238.82000732421875,247.33999633789062,238.00999450683594,240.75,240.75,1000100
2020-02-03,241.0399932861328,243.83999633789062,236.4499969482422,237.08999633789062,237.08999633789062,637700
2020-02-04,238.91000366210938,245.25999450683594,237.6699981689453,243.6999969482422,243.6999969482422,685500
2020-02-05,244.33999633789062,244.33999633789062,237.0,238.5399932861328,238.5399932861328,575700
2020-02-06,241.72000122070312,242.4199981689453,237.13999938964844,239.0,239.0,478100
2020-02-07,239.3300018310547,240.99000549316406,235.00999450683594,240.22000122070312,240.22000122070312,525800
2020-02-10,240.58999633789062,247.42999267578125,240.07000732421875,246.9199981689453,246.9199981689453,570900
2020-02-11,247.08999633789062,248.0399932861328,242.5399932861328,247.9199981689453,247.9199981689453,517100
2020-02-12,248.00999450683594,250.67999267578125,243.44000244140625,246.0,246.0,786700
2020-02-13,244.02000427246094,254.6999969482422,242.27000427246094,252.2100067138672,252.2100067138672,1124900
2020-02-14,283.79998779296875,295.0,275.8999938964844,283.9100036621094,283.9100036621094,3359600
2020-02-18,284.3999938964844,298.0,281.3800048828125,296.0,296.0,1741800
2020-02-19,298.260009765625,301.6700134277344,288.489990234375,291.67999267578125,291.67999267578125,1493400
2020-02-20,292.3299865722656,306.7099914550781,287.2300109863281,302.510009765625,302.510009765625,2169300
2020-02-21,305.8399963378906,305.9700012207031,286.260009765625,291.25,291.25,1386000
2020-02-24,278.19000244140625,295.0299987792969,275.0,294.04998779296875,294.04998779296875,1267500
2020-02-25,297.44000244140625,301.8299865722656,278.7099914550781,283.9599914550781,283.9599914550781,1116500
2020-02-26,284.7099914550781,297.8399963378906,275.1000061035156,278.25,278.25,1318900
2020-02-27,273.5400085449219,293.9700012207031,270.010009765625,281.4800109863281,281.4800109863281,1241200
2020-02-28,276.7300109863281,278.739990234375,266.6700134277344,276.0,276.0,1739200
2020-03-02,278.1000061035156,286.5,277.1000061035156,285.7300109863281,285.7300109863281,1533400
2020-03-03,286.3399963378906,288.8800048828125,268.20001220703125,272.8800048828125,272.8800048828125,1162800
2020-03-04,277.82000732421875,284.20001220703125,273.0,283.8699951171875,283.8699951171875,997400
2020-03-05,281.94000244140625,291.8500061035156,279.2200012207031,286.9700012207031,286.9700012207031,761300
2020-03-06,285.6400146484375,287.8699951171875,276.3599853515625,286.55999755859375,286.55999755859375,840400
2020-03-09,261.7799987792969,278.9800109863281,260.0,266.5199890136719,266.5199890136719,1256200
2020-03-10,271.6499938964844,281.79998779296875,263.5400085449219,279.17999267578125,279.17999267578125,1515000
2020-03-11,271.30999755859375,273.0,245.02000427246094,252.4199981689453,252.4199981689453,2018900
2020-03-12,218.50999450683594,255.0,215.0,247.63999938964844,247.63999938964844,1719400
2020-03-13,256.32000732421875,259.0,220.0,244.02000427246094,244.02000427246094,1599100
2020-03-16,215.0,218.89999389648438,202.0,202.3000030517578,202.3000030517578,1977400
2020-03-17,205.25,207.2100067138672,182.07000732421875,198.74000549316406,198.74000549316406,2553200
2020-03-18,189.52999877929688,225.0,187.0,191.16000366210938,191.16000366210938,1699400
2020-03-19,191.22000122070312,219.64999389648438,191.16000366210938,206.24000549316406,206.24000549316406,1418800
2020-03-20,208.30999755859375,223.3300018310547,203.32000732421875,209.5,209.5,1441000
2020-03-23,209.5500030517578,221.49000549316406,196.57000732421875,210.3000030517578,210.3000030517578,1362900
2020-03-24,216.77000427246094,239.2100067138672,216.0,236.2100067138672,236.2100067138672,1306500
2020-03-25,239.6699981689453,254.0,237.00999450683594,239.3300018310547,239.3300018310547,1046000
2020-03-26,243.9499969482422,253.5,239.2100067138672,250.2100067138672,250.2100067138672,1557200
2020-03-27,246.02999877929688,270.0,240.61000061035156,262.9599914550781,262.9599914550781,1514700
2020-03-30,265.30999755859375,280.9700012207031,255.07000732421875,278.0,278.0,1257800
2020-03-31,272.6300048828125,277.0799865722656,263.0299987792969,269.2699890136719,269.2699890136719,2002600
2020-04-01,255.50999450683594,263.94000244140625,252.17999267578125,254.80999755859375,254.80999755859375,1091900
2020-04-02,250.0,270.9700012207031,250.0,266.3800048828125,266.3800048828125,1138200
2020-04-03,263.6199951171875,272.4800109863281,257.07000732421875,260.75,260.75,1081300
2020-04-06,272.3699951171875,272.3699951171875,261.0,269.30999755859375,269.30999755859375,2515500
2020-04-07,272.9700012207031,280.0,250.00999450683594,250.7100067138672,250.7100067138672,1346200
2020-04-08,255.3800048828125,260.3900146484375,250.25999450683594,258.010009765625,258.010009765625,1142700
2020-04-09,259.95001220703125,276.6199951171875,258.6000061035156,275.2699890136719,275.2699890136719,1166700
2020-04-13,279.8800048828125,285.7900085449219,270.1099853515625,273.260009765625,273.260009765625,1190100
2020-04-14,276.7900085449219,285.25,274.04998779296875,280.6700134277344,280.6700134277344,1340400
2020-04-15,278.8999938964844,300.0,277.6300048828125,291.69000244140625,291.69000244140625,1266700
2020-04-16,295.0,309.0899963378906,295.0,306.2699890136719,306.2699890136719,1558200
2020-04-17,310.8699951171875,329.5899963378906,303.3299865722656,323.3999938964844,323.3999938964844,3899900
2020-04-20,322.8699951171875,328.5299987792969,316.0,323.2699890136719,323.2699890136719,1294300
2020-04-21,320.4100036621094,322.9200134277344,307.0,308.3900146484375,308.3900146484375,1392900
2020-04-22,311.489990234375,323.54998779296875,311.3399963378906,320.6300048828125,320.6300048828125,714600
2020-04-23,318.57000732421875,328.8999938964844,317.1400146484375,322.0400085449219,322.0400085449219,860500
2020-04-24,327.42999267578125,334.2699890136719,324.489990234375,332.44000244140625,332.44000244140625,1060600
2020-04-27,343.5400085449219,344.54998779296875,330.0,335.04998779296875,335.04998779296875,1630300
2020-04-28,335.010009765625,338.0,312.1499938964844,313.5299987792969,313.5299987792969,1821200
2020-04-29,340.0,346.2099914550781,328.3599853515625,345.4700012207031,345.4700012207031,2129700
2020-04-30,343.0,350.9700012207031,335.0,335.20001220703125,335.20001220703125,1413400
2020-05-01,331.0,343.2699890136719,328.3999938964844,341.5199890136719,341.5199890136719,1009000
2020-05-04,343.05999755859375,352.8399963378906,339.42999267578125,352.510009765625,352.510009765625,1028100
2020-05-05,359.95001220703125,374.4100036621094,351.0899963378906,364.2799987792969,364.2799987792969,1400100
2020-05-06,371.239990234375,381.3800048828125,365.5199890136719,366.5199890136719,366.5199890136719,1314500
2020-05-07,391.8299865722656,408.489990234375,389.010009765625,404.3599853515625,404.3599853515625,3837600
2020-05-08,407.1000061035156,414.6300048828125,398.2200012207031,405.5,405.5,3635500
2020-05-11,404.04998779296875,428.0,403.6000061035156,421.3599853515625,421.3599853515625,23671000
2020-05-12,420.29998779296875,421.7699890136719,410.1000061035156,410.79998779296875,410.79998779296875,3066600
2020-05-13,412.92999267578125,414.5299987792969,402.0,407.20001220703125,407.20001220703125,2016100
2020-05-14,401.54998779296875,408.7099914550781,396.7200012207031,403.04998779296875,403.04998779296875,1520100
2020-05-15,399.04998779296875,418.9800109863281,396.8500061035156,417.7300109863281,417.7300109863281,1237200
2020-05-18,425.0199890136719,428.5899963378906,413.239990234375,414.44000244140625,414.44000244140625,1120900
2020-05-19,411.9200134277344,418.0899963378906,399.69000244140625,404.57000732421875,404.57000732421875,1453900
2020-05-20,409.7900085449219,410.989990234375,395.1300048828125,399.9599914550781,399.9599914550781,1162100
2020-05-21,399.30999755859375,403.2099914550781,390.8500061035156,399.3699951171875,399.3699951171875,829100
2020-05-22,396.739990234375,405.5400085449219,387.1199951171875,405.25,405.25,728900
2020-05-26,408.489990234375,411.75,380.0799865722656,381.7900085449219,381.7900085449219,1609700
2020-05-27,380.20001220703125,380.20001220703125,336.260009765625,359.6300048828125,359.6300048828125,2938000
2020-05-28,360.6199951171875,378.69000244140625,359.6400146484375,361.8299865722656,361.8299865722656,1573000
2020-05-29,367.4800109863281,379.0899963378906,364.0,378.30999755859375,378.30999755859375,1324300
2020-06-01,382.5,383.8800048828125,372.1199951171875,378.70001220703125,378.70001220703125,776800
2020-06-02,376.010009765625,380.75,368.4100036621094,375.75,375.75,757600
2020-06-03,374.0,376.739990234375,360.0299987792969,365.8599853515625,365.8599853515625,1127100
2020-06-04,363.6600036621094,364.8299865722656,340.3399963378906,344.8500061035156,344.8500061035156,2102000
2020-06-05,340.04998779296875,367.4200134277344,336.0199890136719,364.489990234375,364.489990234375,2155300
2020-06-08,362.25,370.239990234375,352.2699890136719,368.6199951171875,368.6199951171875,1329600
2020-06-09,373.0,389.3299865722656,373.0,380.5,380.5,1637800
2020-06-10,385.2200012207031,387.7099914550781,371.8599853515625,385.1700134277344,385.1700134277344,1070900
2020-06-11,378.0,381.57000732421875,360.9200134277344,362.7099914550781,362.7099914550781,1294800
2020-06-12,368.6000061035156,385.8900146484375,362.9700012207031,370.2300109863281,370.2300109863281,1313300
2020-06-15,363.0,399.5400085449219,358.67999267578125,398.75,398.75,1691100
2020-06-16,402.0,403.3699951171875,386.2799987792969,393.0,393.0,1228800
2020-06-17,398.5199890136719,407.3399963378906,395.6700134277344,403.17999267578125,403.17999267578125,1144600
2020-06-18,405.1099853515625,407.4100036621094,399.1199951171875,401.9100036621094,401.9100036621094,744500
2020-06-19,405.1499938964844,412.25,403.1199951171875,409.3599853515625,409.3599853515625,1698300
2020-06-22,415.0299987792969,415.489990234375,404.7799987792969,406.3299865722656,406.3299865722656,850600
2020-06-23,407.3699951171875,414.57000732421875,405.0,406.8999938964844,406.8999938964844,737300
2020-06-24,405.760009765625,411.7200012207031,387.0199890136719,394.29998779296875,394.29998779296875,1014500
2020-06-25,395.2099914550781,398.69000244140625,380.07000732421875,398.0899963378906,398.0899963378906,1041900
2020-06-26,399.94000244140625,404.55999755859375,375.239990234375,383.05999755859375,383.05999755859375,2924200
2020-06-29,387.69000244140625,398.54998779296875,376.8800048828125,398.20001220703125,398.20001220703125,989100
2020-06-30,397.79998779296875,408.739990234375,391.8299865722656,405.3999938964844,405.3999938964844,1146500
2020-07-01,408.9599914550781,408.9599914550781,395.29998779296875,400.2099914550781,400.2099914550781,992700
2020-07-02,402.2200012207031,415.4800109863281,398.05999755859375,407.3500061035156,407.3500061035156,1081900
2020-07-06,412.20001220703125,432.8999938964844,408.80999755859375,423.17999267578125,423.17999267578125,1242700
2020-07-07,427.3999938964844,439.489990234375,424.17999267578125,425.8599853515625,425.8599853515625,1032700
2020-07-08,429.260009765625,435.3999938964844,426.0899963378906,435.1099853515625,435.1099853515625,899000
2020-07-09,435.79998779296875,445.5199890136719,428.5,440.5,440.5,1068400
2020-07-10,439.3299865722656,442.7300109863281,433.0,439.6400146484375,439.6400146484375,1105000
2020-07-13,441.42999267578125,446.5,402.45001220703125,404.2300109863281,404.2300109863281,1547900
2020-07-14,396.55999755859375,411.32000732421875,381.1199951171875,410.3399963378906,410.3399963378906,1527300
2020-07-15,415.0,419.989990234375,407.2300109863281,417.94000244140625,417.94000244140625,811800
2020-07-16,413.1300048828125,416.2200012207031,400.7099914550781,413.2200012207031,413.2200012207031,554900
2020-07-17,416.6600036621094,429.75,413.25,424.42999267578125,424.42999267578125,820100
2020-07-20,430.760009765625,437.0,427.3900146484375,432.3699951171875,432.3699951171875,730000
2020-07-21,432.3699951171875,435.0,420.3800048828125,429.0199890136719,429.0199890136719,610300
2020-07-22,430.82000732421875,434.739990234375,417.67999267578125,426.1499938964844,426.1499938964844,451000
2020-07-23,427.260009765625,437.6700134277344,416.0400085449219,420.010009765625,420.010009765625,743700
2020-07-24,420.4599914550781,424.8800048828125,402.6499938964844,421.75,421.75,629200
2020-07-27,428.1600036621094,428.1600036621094,411.5799865722656,423.42999267578125,423.42999267578125,817700
2020-07-28,423.1700134277344,431.5400085449219,416.6000061035156,417.7900085449219,417.7900085449219,1138100
2020-07-29,429.8299865722656,444.7200012207031,411.67999267578125,427.0799865722656,427.0799865722656,1867100
2020-07-30,423.3500061035156,432.2300109863281,416.239990234375,431.3599853515625,431.3599853515625,848600
2020-07-31,434.7799987792969,442.1300048828125,425.010009765625,435.5400085449219,435.5400085449219,865100
2020-08-03,440.6199951171875,449.45001220703125,432.3900146484375,443.6700134277344,443.6700134277344,845300
2020-08-04,442.1000061035156,442.82000732421875,434.6400146484375,441.8900146484375,441.8900146484375,644400
2020-08-05,441.75,455.0,436.6099853515625,451.7900085449219,451.7900085449219,714400
2020-08-06,452.4100036621094,452.8900146484375,429.55999755859375,439.0,439.0,835500
2020-08-07,440.8800048828125,456.2300109863281,435.0199890136719,440.70001220703125,440.70001220703125,928800
2020-08-10,439.30999755859375,439.8299865722656,406.2099914550781,421.2200012207031,421.2200012207031,1113700
2020-08-11,415.010009765625,419.2099914550781,403.1499938964844,411.1499938964844,411.1499938964844,818300
2020-08-12,412.20001220703125,430.4200134277344,412.20001220703125,427.8900146484375,427.8900146484375,616300
2020-08-13,432.79998779296875,439.989990234375,430.739990234375,435.2799987792969,435.2799987792969,605400
2020-08-14,436.5,440.45001220703125,423.1000061035156,425.1600036621094,425.1600036621094,474600
2020-08-17,428.9700012207031,441.8399963378906,427.42999267578125,440.9200134277344,440.9200134277344,533100
2020-08-18,445.1600036621094,446.30999755859375,434.0799865722656,437.2200012207031,437.2200012207031,508000
2020-08-19,438.7200012207031,441.2799987792969,429.0400085449219,432.8800048828125,432.8800048828125,466300
2020-08-20,431.9100036621094,441.05999755859375,431.5,431.8800048828125,431.8800048828125,485100
2020-08-21,432.8800048828125,434.80999755859375,424.0,426.8999938964844,426.8999938964844,584600
2020-08-24,427.739990234375,428.989990234375,414.5,422.7900085449219,422.7900085449219,532400
2020-08-25,411.4100036621094,430.70001220703125,411.0899963378906,430.07000732421875,430.07000732421875,506400
2020-08-26,425.6400146484375,433.5199890136719,423.0299987792969,425.69000244140625,425.69000244140625,565200
2020-08-27,425.2699890136719,431.2200012207031,413.0199890136719,427.75,427.75,658600
2020-08-28,428.32000732421875,431.0199890136719,417.79998779296875,418.95001220703125,418.95001220703125,502000
2020-08-31,418.0400085449219,427.8299865722656,412.6000061035156,425.4100036621094,425.4100036621094,667300
2020-09-01,423.0199890136719,431.2900085449219,419.9100036621094,422.19000244140625,422.19000244140625,624300
2020-09-02,423.9100036621094,449.9800109863281,413.0199890136719,447.7099914550781,447.7099914550781,1555800
2020-09-03,436.0,446.4599914550781,409.0,412.95001220703125,412.95001220703125,1529700
2020-09-04,412.6400146484375,414.82000732421875,377.3500061035156,398.239990234375,398.239990234375,1258500
2020-09-08,390.8900146484375,396.17999267578125,383.17999267578125,389.19000244140625,389.19000244140625,728200
2020-09-09,398.45001220703125,403.8599853515625,390.239990234375,401.67999267578125,401.67999267578125,756400
2020-09-10,405.3299865722656,405.6700134277344,388.54998779296875,390.0199890136719,390.0199890136719,789300
2020-09-11,396.04998779296875,399.4100036621094,377.80999755859375,383.4599914550781,383.4599914550781,603000
2020-09-14,386.2099914550781,399.7300109863281,386.1000061035156,393.6099853515625,393.6099853515625,616100
2020-09-15,398.5799865722656,400.489990234375,391.9800109863281,397.9700012207031,397.9700012207031,444600
2020-09-16,399.8299865722656,403.9700012207031,391.5199890136719,393.9200134277344,393.9200134277344,641600
2020-09-17,382.6199951171875,389.6000061035156,375.6199951171875,386.2099914550781,386.2099914550781,1166300
2020-09-18,390.82000732421875,401.05999755859375,381.010009765625,389.30999755859375,389.30999755859375,1594600
2020-09-21,385.0,393.2099914550781,381.6600036621094,391.69000244140625,391.69000244140625,667800
2020-09-22,392.17999267578125,398.6300048828125,381.7200012207031,398.1300048828125,398.1300048828125,659000
2020-09-23,395.1099853515625,398.510009765625,382.6199951171875,386.07000732421875,386.07000732421875,543200
2020-09-24,381.0,387.7900085449219,376.80999755859375,382.0299987792969,382.0299987792969,423800
2020-09-25,379.7799987792969,402.5299987792969,376.7699890136719,402.3599853515625,402.3599853515625,707700
2020-09-28,399.0,401.5,387.010009765625,400.19000244140625,400.19000244140625,1080900
2020-09-29,399.7900085449219,409.55999755859375,397.95001220703125,402.17999267578125,402.17999267578125,559600
2020-09-30,402.4100036621094,415.6300048828125,397.510009765625,412.2300109863281,412.2300109863281,627800
2020-10-01,417.0799865722656,420.0,409.8299865722656,413.8399963378906,413.8399963378906,496600
2020-10-02,396.989990234375,401.6000061035156,379.1099853515625,384.5199890136719,384.5199890136719,1321200
2020-10-05,388.0,389.760009765625,378.739990234375,382.510009765625,382.510009765625,827700
2020-10-06,379.6700134277344,389.3500061035156,373.4100036621094,374.8900146484375,374.8900146484375,911700
2020-10-07,376.75,394.42999267578125,376.75,393.82000732421875,393.82000732421875,1019100
2020-10-08,396.6600036621094,399.79998779296875,387.1700134277344,387.5,387.5,539900
2020-10-09,393.5299987792969,396.9800109863281,385.20001220703125,386.0,386.0,658400
2020-10-12,392.5199890136719,401.8299865722656,388.0199890136719,394.17999267578125,394.17999267578125,932600
2020-10-13,398.5,402.8999938964844,394.5,400.94000244140625,400.94000244140625,614200
2020-10-14,400.3399963378906,403.2699890136719,390.3399963378906,394.010009765625,394.010009765625,557000
2020-10-15,391.07000732421875,400.4599914550781,388.5299987792969,399.5799865722656,399.5799865722656,1058300
2020-10-16,403.20001220703125,417.989990234375,398.94000244140625,405.0,405.0,838500
2020-10-19,403.6099853515625,410.0,395.0199890136719,397.5,397.5,943400
2020-10-20,397.44000244140625,404.20001220703125,389.6300048828125,392.42999267578125,392.42999267578125,813200
2020-10-21,393.8900146484375,396.79998779296875,385.0899963378906,387.8399963378906,387.8399963378906,764000
2020-10-22,386.5,398.25,385.8599853515625,395.79998779296875,395.79998779296875,464400
2020-10-23,398.0,411.2099914550781,396.9700012207031,411.0,411.0,548200
2020-10-26,405.6600036621094,418.989990234375,403.5,418.0,418.0,897200
2020-10-27,395.2300109863281,398.0,380.1099853515625,380.6300048828125,380.6300048828125,2881400
2020-10-28,366.3399963378906,368.0,330.6199951171875,349.1199951171875,349.1199951171875,5711100
2020-10-29,352.760009765625,354.3900146484375,332.3699951171875,335.2900085449219,335.2900085449219,2350500
2020-10-30,336.739990234375,338.0,317.5,319.5799865722656,319.5799865722656,2223300
2020-11-02,328.5400085449219,328.5400085449219,305.6300048828125,312.0,312.0,1815800
2020-11-03,315.010009765625,333.5,315.010009765625,331.7699890136719,331.7699890136719,1222300
2020-11-04,346.010009765625,350.3599853515625,335.29998779296875,344.5,344.5,1393400
2020-11-05,353.82000732421875,366.25,349.80999755859375,355.1099853515625,355.1099853515625,1405800
2020-11-06,356.3800048828125,365.05999755859375,349.1000061035156,361.32000732421875,361.32000732421875,927200
2020-11-09,361.3299865722656,366.0400085449219,343.1000061035156,343.8399963378906,343.8399963378906,1193100
2020-11-10,336.2099914550781,341.260009765625,326.8599853515625,339.5299987792969,339.5299987792969,1055700
2020-11-11,342.8500061035156,352.4800109863281,340.5,347.5,347.5,908400
2020-11-12,348.4700012207031,359.2799987792969,334.0199890136719,336.70001220703125,336.70001220703125,1262300
2020-11-13,342.82000732421875,346.5899963378906,334.6700134277344,336.3999938964844,336.3999938964844,640300
2020-11-16,336.3999938964844,344.4599914550781,332.95001220703125,340.0299987792969,340.0299987792969,803500
2020-11-17,336.8500061035156,338.6499938964844,333.239990234375,334.3500061035156,334.3500061035156,843400
2020-11-18,335.25,335.8299865722656,327.57000732421875,329.2099914550781,329.2099914550781,834400
2020-11-19,326.8999938964844,334.3999938964844,324.2699890136719,330.6400146484375,330.6400146484375,851700
2020-11-20,331.1499938964844,332.2799987792969,315.5400085449219,315.8699951171875,315.8699951171875,1658100
2020-11-23,318.989990234375,325.0,314.6300048828125,321.0899963378906,321.0899963378906,1298300
2020-11-24,323.0,323.0,312.5199890136719,313.32000732421875,313.32000732421875,975300
2020-11-25,315.0799865722656,320.1400146484375,311.010009765625,312.54998779296875,312.54998779296875,817800
2020-11-27,317.6300048828125,319.6600036621094,312.010009765625,318.2099914550781,318.2099914550781,586100
2020-11-30,317.57000732421875,321.92999267578125,313.3800048828125,319.67999267578125,319.67999267578125,2212100
2020-12-01,321.3500061035156,329.1099853515625,319.1700134277344,327.7200012207031,327.7200012207031,1557200
2020-12-02,326.67999267578125,333.8599853515625,322.6199951171875,333.20001220703125,333.20001220703125,1116900
2020-12-03,333.3999938964844,349.07000732421875,331.260009765625,344.6300048828125,344.6300048828125,1743700
2020-12-04,343.5199890136719,349.9599914550781,338.1600036621094,348.0299987792969,348.0299987792969,1167300
2020-12-07,350.739990234375,353.8299865722656,335.94000244140625,337.3999938964844,337.3999938964844,881400
2020-12-08,338.45001220703125,348.2799987792969,333.3299865722656,348.1600036621094,348.1600036621094,878600
2020-12-09,347.80999755859375,349.5,329.6000061035156,333.3900146484375,333.3900146484375,1609500
2020-12-10,332.0,349.42999267578125,330.0899963378906,347.19000244140625,347.19000244140625,1420200
2020-12-11,342.45001220703125,351.5,341.739990234375,347.7099914550781,347.7099914550781,1078200
2020-12-14,349.1499938964844,358.94000244140625,348.0400085449219,353.5899963378906,353.5899963378906,1547500
2020-12-15,356.6499938964844,357.3800048828125,345.0,354.2099914550781,354.2099914550781,1279000
2020-12-16,352.20001220703125,356.82000732421875,348.8800048828125,352.3500061035156,352.3500061035156,821000
2020-12-17,355.3699951171875,359.54998779296875,352.5400085449219,357.9100036621094,357.9100036621094,661400
2020-12-18,361.4599914550781,365.5,353.4800109863281,358.57000732421875,358.57000732421875,1247800
2020-12-21,352.6700134277344,354.92999267578125,346.6400146484375,348.8500061035156,348.8500061035156,869900
2020-12-22,348.95001220703125,354.25,345.42999267578125,354.2300109863281,354.2300109863281,701500
2020-12-23,357.1700134277344,364.989990234375,355.9800109863281,355.989990234375,355.989990234375,612500
2020-12-24,356.5400085449219,358.2799987792969,351.7200012207031,355.0199890136719,355.0199890136719,282500
2020-12-28,355.3900146484375,365.3800048828125,352.3699951171875,362.30999755859375,362.30999755859375,1004400
2020-12-29,367.6700134277344,368.69000244140625,352.54998779296875,356.8999938964844,356.8999938964844,493400
2020-12-30,359.760009765625,363.1499938964844,354.0400085449219,362.7699890136719,362.7699890136719,623400
2020-12-31,364.95001220703125,370.6400146484375,361.54998779296875,369.7200012207031,369.7200012207031,808200
2021-01-04,366.07000732421875,369.4700012207031,351.8399963378906,357.739990234375,357.739990234375,1019900
2021-01-05,358.0400085449219,370.5899963378906,355.2200012207031,368.75,368.75,712500
2021-01-06,370.9700012207031,384.510009765625,366.69000244140625,375.9200134277344,375.9200134277344,1908100
2021-01-07,376.70001220703125,389.6000061035156,376.70001220703125,387.1600036621094,387.1600036621094,1199700
2021-01-08,389.2699890136719,396.9800109863281,381.2699890136719,388.0899963378906,388.0899963378906,1277700
2021-01-11,373.989990234375,375.5,363.1700134277344,370.6400146484375,370.6400146484375,1444400
2021-01-12,371.3699951171875,371.510009765625,356.260009765625,360.1700134277344,360.1700134277344,1135500
2021-01-13,359.9200134277344,364.44000244140625,347.8800048828125,362.54998779296875,362.54998779296875,986800
2021-01-14,362.17999267578125,364.2699890136719,350.0400085449219,352.0799865722656,352.0799865722656,890600
2021-01-15,352.2300109863281,356.75,347.5899963378906,354.20001220703125,354.20001220703125,752900
2021-01-19,358.489990234375,360.04998779296875,348.0299987792969,357.6400146484375,357.6400146484375,794500
2021-01-20,359.42999267578125,367.2900085449219,357.9599914550781,364.1199951171875,364.1199951171875,1168400
2021-01-21,366.70001220703125,370.7900085449219,361.70001220703125,367.5,367.5,689300
2021-01-22,367.6300048828125,373.989990234375,365.2799987792969,370.1199951171875,370.1199951171875,424300
2021-01-25,373.54998779296875,378.0,364.4599914550781,376.3900146484375,376.3900146484375,567900
2021-01-26,377.69000244140625,377.8399963378906,360.260009765625,361.4200134277344,361.4200134277344,893200
2021-01-27,359.70001220703125,361.2099914550781,349.0,349.6400146484375,349.6400146484375,1035700
2021-01-28,353.2900085449219,368.9700012207031,350.5,366.8900146484375,366.8900146484375,976300
2021-01-29,362.57000732421875,379.05999755859375,359.79998779296875,374.8500061035156,374.8500061035156,1094600
2021-02-01,376.3500061035156,386.5899963378906,373.0,382.6199951171875,382.6199951171875,723200
2021-02-02,387.2300109863281,401.6499938964844,385.20001220703125,394.6300048828125,394.6300048828125,865000
2021-02-03,392.4700012207031,395.0,383.05999755859375,391.69000244140625,391.69000244140625,738000
2021-02-04,395.4800109863281,408.1000061035156,392.8399963378906,403.25,403.25,788600
2021-02-05,408.0199890136719,412.239990234375,404.0,411.0299987792969,411.0299987792969,559400
2021-02-08,414.7799987792969,415.0,402.6199951171875,403.29998779296875,403.29998779296875,870500
2021-02-09,405.75,408.0,397.80999755859375,401.0299987792969,401.0299987792969,766100
2021-02-10,406.42999267578125,406.42999267578125,396.17999267578125,399.44000244140625,399.44000244140625,696100
2021-02-11,404.6199951171875,411.05999755859375,399.1499938964844,410.20001220703125,410.20001220703125,680700
2021-02-12,387.9800109863281,414.3399963378906,381.04998779296875,412.55999755859375,412.55999755859375,1921900
2021-02-16,411.0,412.6000061035156,400.30999755859375,404.3800048828125,404.3800048828125,877300
2021-02-17,406.2799987792969,417.2900085449219,400.19000244140625,414.1199951171875,414.1199951171875,651600
2021-02-18,412.4200134277344,413.4200134277344,402.6400146484375,410.8399963378906,410.8399963378906,603500
2021-02-19,411.8599853515625,423.3999938964844,406.5400085449219,418.94000244140625,418.94000244140625,957200
2021-02-22,416.75,422.260009765625,408.79998779296875,412.05999755859375,412.05999755859375,647000
2021-02-23,406.9800109863281,411.7300109863281,396.489990234375,406.7799987792969,406.7799987792969,786500
2021-02-24,403.17999267578125,407.3299865722656,399.7300109863281,405.6400146484375,405.6400146484375,589100
2021-02-25,405.6400146484375,405.82000732421875,390.6700134277344,395.4700012207031,395.4700012207031,624200
2021-02-26,396.7900085449219,402.489990234375,386.1199951171875,397.7799987792969,397.7799987792969,683200
2021-03-01,400.3999938964844,401.989990234375,392.989990234375,396.6700134277344,396.6700134277344,716900
2021-03-02,396.0,398.4599914550781,387.1600036621094,391.9100036621094,391.9100036621094,665500
2021-03-03,386.7900085449219,386.7900085449219,364.6000061035156,368.70001220703125,368.70001220703125,1311300
2021-03-04,367.8800048828125,371.7799987792969,352.1400146484375,356.2699890136719,356.2699890136719,1028900
2021-03-05,361.510009765625,367.45001220703125,347.2300109863281,364.0899963378906,364.0899963378906,792400
2021-03-08,361.6300048828125,366.9599914550781,348.7699890136719,352.05999755859375,352.05999755859375,862400
2021-03-09,356.94000244140625,365.3900146484375,356.94000244140625,362.94000244140625,362.94000244140625,834500
2021-03-10,369.760009765625,371.8800048828125,356.3800048828125,356.3900146484375,356.3900146484375,1096100
2021-03-11,355.8599853515625,367.1099853515625,354.9700012207031,366.7799987792969,366.7799987792969,610100
2021-03-12,359.2300109863281,360.55999755859375,352.5899963378906,357.7300109863281,357.7300109863281,921700
2021-03-15,353.760009765625,362.9800109863281,351.0400085449219,361.92999267578125,361.92999267578125,821800
2021-03-16,366.9700012207031,367.5400085449219,353.0,354.6499938964844,354.6499938964844,772000
2021-03-17,353.55999755859375,353.55999755859375,341.1600036621094,351.70001220703125,351.70001220703125,1025200
2021-03-18,348.0,349.1600036621094,337.1400146484375,339.1499938964844,339.1499938964844,1197300
2021-03-19,339.69000244140625,347.7200012207031,337.8800048828125,344.6300048828125,344.6300048828125,929800
2021-03-22,343.5199890136719,362.1199951171875,342.8299865722656,359.82000732421875,359.82000732421875,1054200
2021-03-23,352.8800048828125,366.70001220703125,352.8800048828125,364.1700134277344,364.1700134277344,866300
2021-03-24,362.6700134277344,362.6700134277344,354.45001220703125,355.7300109863281,355.7300109863281,882300
2021-03-25,355.7900085449219,357.4100036621094,340.3399963378906,348.19000244140625,348.19000244140625,881700
2021-03-26,346.92999267578125,353.45001220703125,340.45001220703125,352.7300109863281,352.7300109863281,700300
2021-03-29,352.8800048828125,354.8500061035156,345.29998779296875,349.3699951171875,349.3699951171875,626600
2021-03-30,346.5799865722656,350.4200134277344,341.2699890136719,347.20001220703125,347.20001220703125,656600
2021-03-31,350.0,363.5,348.0,359.3900146484375,359.3900146484375,726200
2021-04-01,362.4100036621094,370.6499938964844,361.010009765625,365.5,365.5,553700
2021-04-05,367.5,369.1700134277344,361.5400085449219,368.1600036621094,368.1600036621094,458700
2021-04-06,363.489990234375,378.70001220703125,363.489990234375,373.0,373.0,812900
2021-04-07,373.57000732421875,373.69000244140625,366.5899963378906,369.3999938964844,369.3999938964844,450600
2021-04-08,377.32000732421875,382.2699890136719,372.17999267578125,378.3800048828125,378.3800048828125,432000
2021-04-09,378.3999938964844,383.1700134277344,373.1000061035156,382.8900146484375,382.8900146484375,431300
2021-04-12,380.2699890136719,388.6400146484375,376.8800048828125,387.1499938964844,387.1499938964844,590000
2021-04-13,384.29998779296875,390.19000244140625,382.739990234375,388.1000061035156,388.1000061035156,474600
